datetime,KQ.m@CFFEX.IC,expire_rest_days
2016-01-06 00:00:00+08:00,CFFEX.IC1601,10
2016-01-07 00:00:00+08:00,CFFEX.IC1601,9
2016-01-08 00:00:00+08:00,CFFEX.IC1601,8
2016-01-11 00:00:00+08:00,CFFEX.IC1601,7
2016-01-12 00:00:00+08:00,CFFEX.IC1601,4
2016-01-13 00:00:00+08:00,CFFEX.IC1601,3
2016-01-14 00:00:00+08:00,CFFEX.IC1601,2
2016-01-15 00:00:00+08:00,CFFEX.IC1601,1
2016-01-18 00:00:00+08:00,CFFEX.IC1602,35
2016-01-19 00:00:00+08:00,CFFEX.IC1602,32
2016-01-20 00:00:00+08:00,CFFEX.IC1602,31
2016-01-21 00:00:00+08:00,CFFEX.IC1602,30
2016-01-22 00:00:00+08:00,CFFEX.IC1602,29
2016-01-25 00:00:00+08:00,CFFEX.IC1602,28
2016-01-26 00:00:00+08:00,CFFEX.IC1602,25
2016-01-27 00:00:00+08:00,CFFEX.IC1602,24
2016-01-28 00:00:00+08:00,CFFEX.IC1602,23
2016-01-29 00:00:00+08:00,CFFEX.IC1602,22
2016-02-01 00:00:00+08:00,CFFEX.IC1602,21
2016-02-02 00:00:00+08:00,CFFEX.IC1602,18
2016-02-03 00:00:00+08:00,CFFEX.IC1602,17
2016-02-04 00:00:00+08:00,CFFEX.IC1602,16
2016-02-05 00:00:00+08:00,CFFEX.IC1602,15
2016-02-15 00:00:00+08:00,CFFEX.IC1602,7
2016-02-16 00:00:00+08:00,CFFEX.IC1602,4
2016-02-17 00:00:00+08:00,CFFEX.IC1602,3
2016-02-18 00:00:00+08:00,CFFEX.IC1602,2
2016-02-19 00:00:00+08:00,CFFEX.IC1603,29
2016-02-22 00:00:00+08:00,CFFEX.IC1603,28
2016-02-23 00:00:00+08:00,CFFEX.IC1603,25
2016-02-24 00:00:00+08:00,CFFEX.IC1603,24
2016-02-25 00:00:00+08:00,CFFEX.IC1603,23
2016-02-26 00:00:00+08:00,CFFEX.IC1603,22
2016-02-29 00:00:00+08:00,CFFEX.IC1603,21
2016-03-01 00:00:00+08:00,CFFEX.IC1603,18
2016-03-02 00:00:00+08:00,CFFEX.IC1603,17
2016-03-03 00:00:00+08:00,CFFEX.IC1603,16
2016-03-04 00:00:00+08:00,CFFEX.IC1603,15
2016-03-07 00:00:00+08:00,CFFEX.IC1603,14
2016-03-08 00:00:00+08:00,CFFEX.IC1603,11
2016-03-09 00:00:00+08:00,CFFEX.IC1603,10
2016-03-10 00:00:00+08:00,CFFEX.IC1603,9
2016-03-11 00:00:00+08:00,CFFEX.IC1603,8
2016-03-14 00:00:00+08:00,CFFEX.IC1603,7
2016-03-15 00:00:00+08:00,CFFEX.IC1603,4
2016-03-16 00:00:00+08:00,CFFEX.IC1603,3
2016-03-17 00:00:00+08:00,CFFEX.IC1603,2
2016-03-18 00:00:00+08:00,CFFEX.IC1604,29
2016-03-21 00:00:00+08:00,CFFEX.IC1604,28
2016-03-22 00:00:00+08:00,CFFEX.IC1604,25
2016-03-23 00:00:00+08:00,CFFEX.IC1604,24
2016-03-24 00:00:00+08:00,CFFEX.IC1604,23
2016-03-25 00:00:00+08:00,CFFEX.IC1604,22
2016-03-28 00:00:00+08:00,CFFEX.IC1604,21
2016-03-29 00:00:00+08:00,CFFEX.IC1604,18
2016-03-30 00:00:00+08:00,CFFEX.IC1604,17
2016-03-31 00:00:00+08:00,CFFEX.IC1604,16
2016-04-01 00:00:00+08:00,CFFEX.IC1604,15
2016-04-05 00:00:00+08:00,CFFEX.IC1604,11
2016-04-06 00:00:00+08:00,CFFEX.IC1604,10
2016-04-07 00:00:00+08:00,CFFEX.IC1604,9
2016-04-08 00:00:00+08:00,CFFEX.IC1604,8
2016-04-11 00:00:00+08:00,CFFEX.IC1604,7
2016-04-12 00:00:00+08:00,CFFEX.IC1604,4
2016-04-13 00:00:00+08:00,CFFEX.IC1604,3
2016-04-14 00:00:00+08:00,CFFEX.IC1604,2
2016-04-15 00:00:00+08:00,CFFEX.IC1605,36
2016-04-18 00:00:00+08:00,CFFEX.IC1605,35
2016-04-19 00:00:00+08:00,CFFEX.IC1605,32
2016-04-20 00:00:00+08:00,CFFEX.IC1605,31
2016-04-21 00:00:00+08:00,CFFEX.IC1605,30
2016-04-22 00:00:00+08:00,CFFEX.IC1605,29
2016-04-25 00:00:00+08:00,CFFEX.IC1605,28
2016-04-26 00:00:00+08:00,CFFEX.IC1605,25
2016-04-27 00:00:00+08:00,CFFEX.IC1605,24
2016-04-28 00:00:00+08:00,CFFEX.IC1605,23
2016-04-29 00:00:00+08:00,CFFEX.IC1605,22
2016-05-03 00:00:00+08:00,CFFEX.IC1605,18
2016-05-04 00:00:00+08:00,CFFEX.IC1605,17
2016-05-05 00:00:00+08:00,CFFEX.IC1605,16
2016-05-06 00:00:00+08:00,CFFEX.IC1605,15
2016-05-09 00:00:00+08:00,CFFEX.IC1605,14
2016-05-10 00:00:00+08:00,CFFEX.IC1605,11
2016-05-11 00:00:00+08:00,CFFEX.IC1605,10
2016-05-12 00:00:00+08:00,CFFEX.IC1605,9
2016-05-13 00:00:00+08:00,CFFEX.IC1605,8
2016-05-16 00:00:00+08:00,CFFEX.IC1605,7
2016-05-17 00:00:00+08:00,CFFEX.IC1605,4
2016-05-18 00:00:00+08:00,CFFEX.IC1605,3
2016-05-19 00:00:00+08:00,CFFEX.IC1605,2
2016-05-20 00:00:00+08:00,CFFEX.IC1606,29
2016-05-23 00:00:00+08:00,CFFEX.IC1606,28
2016-05-24 00:00:00+08:00,CFFEX.IC1606,25
2016-05-25 00:00:00+08:00,CFFEX.IC1606,24
2016-05-26 00:00:00+08:00,CFFEX.IC1606,23
2016-05-27 00:00:00+08:00,CFFEX.IC1606,22
2016-05-30 00:00:00+08:00,CFFEX.IC1606,21
2016-05-31 00:00:00+08:00,CFFEX.IC1606,18
2016-06-01 00:00:00+08:00,CFFEX.IC1606,17
2016-06-02 00:00:00+08:00,CFFEX.IC1606,16
2016-06-03 00:00:00+08:00,CFFEX.IC1606,15
2016-06-06 00:00:00+08:00,CFFEX.IC1606,14
2016-06-07 00:00:00+08:00,CFFEX.IC1606,11
2016-06-08 00:00:00+08:00,CFFEX.IC1606,10
2016-06-13 00:00:00+08:00,CFFEX.IC1606,7
2016-06-14 00:00:00+08:00,CFFEX.IC1606,4
2016-06-15 00:00:00+08:00,CFFEX.IC1606,3
2016-06-16 00:00:00+08:00,CFFEX.IC1606,2
2016-06-17 00:00:00+08:00,CFFEX.IC1607,29
2016-06-20 00:00:00+08:00,CFFEX.IC1607,28
2016-06-21 00:00:00+08:00,CFFEX.IC1607,25
2016-06-22 00:00:00+08:00,CFFEX.IC1607,24
2016-06-23 00:00:00+08:00,CFFEX.IC1607,23
2016-06-24 00:00:00+08:00,CFFEX.IC1607,22
2016-06-27 00:00:00+08:00,CFFEX.IC1607,21
2016-06-28 00:00:00+08:00,CFFEX.IC1607,18
2016-06-29 00:00:00+08:00,CFFEX.IC1607,17
2016-06-30 00:00:00+08:00,CFFEX.IC1607,16
2016-07-01 00:00:00+08:00,CFFEX.IC1607,15
2016-07-04 00:00:00+08:00,CFFEX.IC1607,14
2016-07-05 00:00:00+08:00,CFFEX.IC1607,11
2016-07-06 00:00:00+08:00,CFFEX.IC1607,10
2016-07-07 00:00:00+08:00,CFFEX.IC1607,9
2016-07-08 00:00:00+08:00,CFFEX.IC1607,8
2016-07-11 00:00:00+08:00,CFFEX.IC1607,7
2016-07-12 00:00:00+08:00,CFFEX.IC1607,4
2016-07-13 00:00:00+08:00,CFFEX.IC1607,3
2016-07-14 00:00:00+08:00,CFFEX.IC1607,2
2016-07-15 00:00:00+08:00,CFFEX.IC1607,1
2016-07-18 00:00:00+08:00,CFFEX.IC1608,35
2016-07-19 00:00:00+08:00,CFFEX.IC1608,32
2016-07-20 00:00:00+08:00,CFFEX.IC1608,31
2016-07-21 00:00:00+08:00,CFFEX.IC1608,30
2016-07-22 00:00:00+08:00,CFFEX.IC1608,29
2016-07-25 00:00:00+08:00,CFFEX.IC1608,28
2016-07-26 00:00:00+08:00,CFFEX.IC1608,25
2016-07-27 00:00:00+08:00,CFFEX.IC1608,24
2016-07-28 00:00:00+08:00,CFFEX.IC1608,23
2016-07-29 00:00:00+08:00,CFFEX.IC1608,22
2016-08-01 00:00:00+08:00,CFFEX.IC1608,21
2016-08-02 00:00:00+08:00,CFFEX.IC1608,18
2016-08-03 00:00:00+08:00,CFFEX.IC1608,17
2016-08-04 00:00:00+08:00,CFFEX.IC1608,16
2016-08-05 00:00:00+08:00,CFFEX.IC1608,15
2016-08-08 00:00:00+08:00,CFFEX.IC1608,14
2016-08-09 00:00:00+08:00,CFFEX.IC1608,11
2016-08-10 00:00:00+08:00,CFFEX.IC1608,10
2016-08-11 00:00:00+08:00,CFFEX.IC1608,9
2016-08-12 00:00:00+08:00,CFFEX.IC1608,8
2016-08-15 00:00:00+08:00,CFFEX.IC1608,7
2016-08-16 00:00:00+08:00,CFFEX.IC1608,4
2016-08-17 00:00:00+08:00,CFFEX.IC1608,3
2016-08-18 00:00:00+08:00,CFFEX.IC1608,2
2016-08-19 00:00:00+08:00,CFFEX.IC1609,32
2016-08-22 00:00:00+08:00,CFFEX.IC1609,31
2016-08-23 00:00:00+08:00,CFFEX.IC1609,28
2016-08-24 00:00:00+08:00,CFFEX.IC1609,27
2016-08-25 00:00:00+08:00,CFFEX.IC1609,26
2016-08-26 00:00:00+08:00,CFFEX.IC1609,25
2016-08-29 00:00:00+08:00,CFFEX.IC1609,24
2016-08-30 00:00:00+08:00,CFFEX.IC1609,21
2016-08-31 00:00:00+08:00,CFFEX.IC1609,20
2016-09-01 00:00:00+08:00,CFFEX.IC1609,19
2016-09-02 00:00:00+08:00,CFFEX.IC1609,18
2016-09-05 00:00:00+08:00,CFFEX.IC1609,17
2016-09-06 00:00:00+08:00,CFFEX.IC1609,14
2016-09-07 00:00:00+08:00,CFFEX.IC1609,13
2016-09-08 00:00:00+08:00,CFFEX.IC1609,12
2016-09-09 00:00:00+08:00,CFFEX.IC1609,11
2016-09-12 00:00:00+08:00,CFFEX.IC1609,10
2016-09-13 00:00:00+08:00,CFFEX.IC1609,7
2016-09-14 00:00:00+08:00,CFFEX.IC1609,6
2016-09-19 00:00:00+08:00,CFFEX.IC1610,35
2016-09-20 00:00:00+08:00,CFFEX.IC1610,32
2016-09-21 00:00:00+08:00,CFFEX.IC1610,31
2016-09-22 00:00:00+08:00,CFFEX.IC1610,30
2016-09-23 00:00:00+08:00,CFFEX.IC1610,29
2016-09-26 00:00:00+08:00,CFFEX.IC1610,28
2016-09-27 00:00:00+08:00,CFFEX.IC1610,25
2016-09-28 00:00:00+08:00,CFFEX.IC1610,24
2016-09-29 00:00:00+08:00,CFFEX.IC1610,23
2016-09-30 00:00:00+08:00,CFFEX.IC1610,22
2016-10-10 00:00:00+08:00,CFFEX.IC1610,14
2016-10-11 00:00:00+08:00,CFFEX.IC1610,11
2016-10-12 00:00:00+08:00,CFFEX.IC1610,10
2016-10-13 00:00:00+08:00,CFFEX.IC1610,9
2016-10-14 00:00:00+08:00,CFFEX.IC1610,8
2016-10-17 00:00:00+08:00,CFFEX.IC1610,7
2016-10-18 00:00:00+08:00,CFFEX.IC1610,4
2016-10-19 00:00:00+08:00,CFFEX.IC1610,3
2016-10-20 00:00:00+08:00,CFFEX.IC1610,2
2016-10-21 00:00:00+08:00,CFFEX.IC1611,29
2016-10-24 00:00:00+08:00,CFFEX.IC1611,28
2016-10-25 00:00:00+08:00,CFFEX.IC1611,25
2016-10-26 00:00:00+08:00,CFFEX.IC1611,24
2016-10-27 00:00:00+08:00,CFFEX.IC1611,23
2016-10-28 00:00:00+08:00,CFFEX.IC1611,22
2016-10-31 00:00:00+08:00,CFFEX.IC1611,21
2016-11-01 00:00:00+08:00,CFFEX.IC1611,18
2016-11-02 00:00:00+08:00,CFFEX.IC1611,17
2016-11-03 00:00:00+08:00,CFFEX.IC1611,16
2016-11-04 00:00:00+08:00,CFFEX.IC1611,15
2016-11-07 00:00:00+08:00,CFFEX.IC1611,14
2016-11-08 00:00:00+08:00,CFFEX.IC1611,11
2016-11-09 00:00:00+08:00,CFFEX.IC1611,10
2016-11-10 00:00:00+08:00,CFFEX.IC1611,9
2016-11-11 00:00:00+08:00,CFFEX.IC1611,8
2016-11-14 00:00:00+08:00,CFFEX.IC1611,7
2016-11-15 00:00:00+08:00,CFFEX.IC1611,4
2016-11-16 00:00:00+08:00,CFFEX.IC1611,3
2016-11-17 00:00:00+08:00,CFFEX.IC1611,2
2016-11-18 00:00:00+08:00,CFFEX.IC1612,29
2016-11-21 00:00:00+08:00,CFFEX.IC1612,28
2016-11-22 00:00:00+08:00,CFFEX.IC1612,25
2016-11-23 00:00:00+08:00,CFFEX.IC1612,24
2016-11-24 00:00:00+08:00,CFFEX.IC1612,23
2016-11-25 00:00:00+08:00,CFFEX.IC1612,22
2016-11-28 00:00:00+08:00,CFFEX.IC1612,21
2016-11-29 00:00:00+08:00,CFFEX.IC1612,18
2016-11-30 00:00:00+08:00,CFFEX.IC1612,17
2016-12-01 00:00:00+08:00,CFFEX.IC1612,16
2016-12-02 00:00:00+08:00,CFFEX.IC1612,15
2016-12-05 00:00:00+08:00,CFFEX.IC1612,14
2016-12-06 00:00:00+08:00,CFFEX.IC1612,11
2016-12-07 00:00:00+08:00,CFFEX.IC1612,10
2016-12-08 00:00:00+08:00,CFFEX.IC1612,9
2016-12-09 00:00:00+08:00,CFFEX.IC1612,8
2016-12-12 00:00:00+08:00,CFFEX.IC1612,7
2016-12-13 00:00:00+08:00,CFFEX.IC1612,4
2016-12-14 00:00:00+08:00,CFFEX.IC1612,3
2016-12-15 00:00:00+08:00,CFFEX.IC1612,2
2016-12-16 00:00:00+08:00,CFFEX.IC1701,36
2016-12-19 00:00:00+08:00,CFFEX.IC1701,35
2016-12-20 00:00:00+08:00,CFFEX.IC1701,32
2016-12-21 00:00:00+08:00,CFFEX.IC1701,31
2016-12-22 00:00:00+08:00,CFFEX.IC1701,30
2016-12-23 00:00:00+08:00,CFFEX.IC1701,29
2016-12-26 00:00:00+08:00,CFFEX.IC1701,28
2016-12-27 00:00:00+08:00,CFFEX.IC1701,25
2016-12-28 00:00:00+08:00,CFFEX.IC1701,24
2016-12-29 00:00:00+08:00,CFFEX.IC1701,23
2016-12-30 00:00:00+08:00,CFFEX.IC1701,22
2017-01-03 00:00:00+08:00,CFFEX.IC1701,18
2017-01-04 00:00:00+08:00,CFFEX.IC1701,17
2017-01-05 00:00:00+08:00,CFFEX.IC1701,16
2017-01-06 00:00:00+08:00,CFFEX.IC1701,15
2017-01-09 00:00:00+08:00,CFFEX.IC1701,14
2017-01-10 00:00:00+08:00,CFFEX.IC1701,11
2017-01-11 00:00:00+08:00,CFFEX.IC1701,10
2017-01-12 00:00:00+08:00,CFFEX.IC1701,9
2017-01-13 00:00:00+08:00,CFFEX.IC1701,8
2017-01-16 00:00:00+08:00,CFFEX.IC1701,7
2017-01-17 00:00:00+08:00,CFFEX.IC1701,4
2017-01-18 00:00:00+08:00,CFFEX.IC1701,3
2017-01-19 00:00:00+08:00,CFFEX.IC1701,2
2017-01-20 00:00:00+08:00,CFFEX.IC1702,29
2017-01-23 00:00:00+08:00,CFFEX.IC1702,28
2017-01-24 00:00:00+08:00,CFFEX.IC1702,25
2017-01-25 00:00:00+08:00,CFFEX.IC1702,24
2017-01-26 00:00:00+08:00,CFFEX.IC1702,23
2017-02-03 00:00:00+08:00,CFFEX.IC1702,15
2017-02-06 00:00:00+08:00,CFFEX.IC1702,14
2017-02-07 00:00:00+08:00,CFFEX.IC1702,11
2017-02-08 00:00:00+08:00,CFFEX.IC1702,10
2017-02-09 00:00:00+08:00,CFFEX.IC1702,9
2017-02-10 00:00:00+08:00,CFFEX.IC1702,8
2017-02-13 00:00:00+08:00,CFFEX.IC1702,7
2017-02-14 00:00:00+08:00,CFFEX.IC1702,4
2017-02-15 00:00:00+08:00,CFFEX.IC1702,3
2017-02-16 00:00:00+08:00,CFFEX.IC1702,2
2017-02-17 00:00:00+08:00,CFFEX.IC1703,29
2017-02-20 00:00:00+08:00,CFFEX.IC1703,28
2017-02-21 00:00:00+08:00,CFFEX.IC1703,25
2017-02-22 00:00:00+08:00,CFFEX.IC1703,24
2017-02-23 00:00:00+08:00,CFFEX.IC1703,23
2017-02-24 00:00:00+08:00,CFFEX.IC1703,22
2017-02-27 00:00:00+08:00,CFFEX.IC1703,21
2017-02-28 00:00:00+08:00,CFFEX.IC1703,18
2017-03-01 00:00:00+08:00,CFFEX.IC1703,17
2017-03-02 00:00:00+08:00,CFFEX.IC1703,16
2017-03-03 00:00:00+08:00,CFFEX.IC1703,15
2017-03-06 00:00:00+08:00,CFFEX.IC1703,14
2017-03-07 00:00:00+08:00,CFFEX.IC1703,11
2017-03-08 00:00:00+08:00,CFFEX.IC1703,10
2017-03-09 00:00:00+08:00,CFFEX.IC1703,9
2017-03-10 00:00:00+08:00,CFFEX.IC1703,8
2017-03-13 00:00:00+08:00,CFFEX.IC1703,7
2017-03-14 00:00:00+08:00,CFFEX.IC1703,4
2017-03-15 00:00:00+08:00,CFFEX.IC1703,3
2017-03-16 00:00:00+08:00,CFFEX.IC1703,2
2017-03-17 00:00:00+08:00,CFFEX.IC1704,36
2017-03-20 00:00:00+08:00,CFFEX.IC1704,35
2017-03-21 00:00:00+08:00,CFFEX.IC1704,32
2017-03-22 00:00:00+08:00,CFFEX.IC1704,31
2017-03-23 00:00:00+08:00,CFFEX.IC1704,30
2017-03-24 00:00:00+08:00,CFFEX.IC1704,29
2017-03-27 00:00:00+08:00,CFFEX.IC1704,28
2017-03-28 00:00:00+08:00,CFFEX.IC1704,25
2017-03-29 00:00:00+08:00,CFFEX.IC1704,24
2017-03-30 00:00:00+08:00,CFFEX.IC1704,23
2017-03-31 00:00:00+08:00,CFFEX.IC1704,22
2017-04-05 00:00:00+08:00,CFFEX.IC1704,17
2017-04-06 00:00:00+08:00,CFFEX.IC1704,16
2017-04-07 00:00:00+08:00,CFFEX.IC1704,15
2017-04-10 00:00:00+08:00,CFFEX.IC1704,14
2017-04-11 00:00:00+08:00,CFFEX.IC1704,11
2017-04-12 00:00:00+08:00,CFFEX.IC1704,10
2017-04-13 00:00:00+08:00,CFFEX.IC1704,9
2017-04-14 00:00:00+08:00,CFFEX.IC1704,8
2017-04-17 00:00:00+08:00,CFFEX.IC1704,7
2017-04-18 00:00:00+08:00,CFFEX.IC1704,4
2017-04-19 00:00:00+08:00,CFFEX.IC1704,3
2017-04-20 00:00:00+08:00,CFFEX.IC1704,2
2017-04-21 00:00:00+08:00,CFFEX.IC1705,29
2017-04-24 00:00:00+08:00,CFFEX.IC1705,28
2017-04-25 00:00:00+08:00,CFFEX.IC1705,25
2017-04-26 00:00:00+08:00,CFFEX.IC1705,24
2017-04-27 00:00:00+08:00,CFFEX.IC1705,23
2017-04-28 00:00:00+08:00,CFFEX.IC1705,22
2017-05-02 00:00:00+08:00,CFFEX.IC1705,18
2017-05-03 00:00:00+08:00,CFFEX.IC1705,17
2017-05-04 00:00:00+08:00,CFFEX.IC1705,16
2017-05-05 00:00:00+08:00,CFFEX.IC1705,15
2017-05-08 00:00:00+08:00,CFFEX.IC1705,14
2017-05-09 00:00:00+08:00,CFFEX.IC1705,11
2017-05-10 00:00:00+08:00,CFFEX.IC1705,10
2017-05-11 00:00:00+08:00,CFFEX.IC1705,9
2017-05-12 00:00:00+08:00,CFFEX.IC1705,8
2017-05-15 00:00:00+08:00,CFFEX.IC1705,7
2017-05-16 00:00:00+08:00,CFFEX.IC1705,4
2017-05-17 00:00:00+08:00,CFFEX.IC1705,3
2017-05-18 00:00:00+08:00,CFFEX.IC1705,2
2017-05-19 00:00:00+08:00,CFFEX.IC1706,29
2017-05-22 00:00:00+08:00,CFFEX.IC1706,28
2017-05-23 00:00:00+08:00,CFFEX.IC1706,25
2017-05-24 00:00:00+08:00,CFFEX.IC1706,24
2017-05-25 00:00:00+08:00,CFFEX.IC1706,23
2017-05-26 00:00:00+08:00,CFFEX.IC1706,22
2017-05-31 00:00:00+08:00,CFFEX.IC1706,17
2017-06-01 00:00:00+08:00,CFFEX.IC1706,16
2017-06-02 00:00:00+08:00,CFFEX.IC1706,15
2017-06-05 00:00:00+08:00,CFFEX.IC1706,14
2017-06-06 00:00:00+08:00,CFFEX.IC1706,11
2017-06-07 00:00:00+08:00,CFFEX.IC1706,10
2017-06-08 00:00:00+08:00,CFFEX.IC1706,9
2017-06-09 00:00:00+08:00,CFFEX.IC1706,8
2017-06-12 00:00:00+08:00,CFFEX.IC1706,7
2017-06-13 00:00:00+08:00,CFFEX.IC1706,4
2017-06-14 00:00:00+08:00,CFFEX.IC1706,3
2017-06-15 00:00:00+08:00,CFFEX.IC1706,2
2017-06-16 00:00:00+08:00,CFFEX.IC1707,36
2017-06-19 00:00:00+08:00,CFFEX.IC1707,35
2017-06-20 00:00:00+08:00,CFFEX.IC1707,32
2017-06-21 00:00:00+08:00,CFFEX.IC1707,31
2017-06-22 00:00:00+08:00,CFFEX.IC1707,30
2017-06-23 00:00:00+08:00,CFFEX.IC1707,29
2017-06-26 00:00:00+08:00,CFFEX.IC1707,28
2017-06-27 00:00:00+08:00,CFFEX.IC1707,25
2017-06-28 00:00:00+08:00,CFFEX.IC1707,24
2017-06-29 00:00:00+08:00,CFFEX.IC1707,23
2017-06-30 00:00:00+08:00,CFFEX.IC1707,22
2017-07-03 00:00:00+08:00,CFFEX.IC1707,21
2017-07-04 00:00:00+08:00,CFFEX.IC1707,18
2017-07-05 00:00:00+08:00,CFFEX.IC1707,17
2017-07-06 00:00:00+08:00,CFFEX.IC1707,16
2017-07-07 00:00:00+08:00,CFFEX.IC1707,15
2017-07-10 00:00:00+08:00,CFFEX.IC1707,14
2017-07-11 00:00:00+08:00,CFFEX.IC1707,11
2017-07-12 00:00:00+08:00,CFFEX.IC1707,10
2017-07-13 00:00:00+08:00,CFFEX.IC1707,9
2017-07-14 00:00:00+08:00,CFFEX.IC1707,8
2017-07-17 00:00:00+08:00,CFFEX.IC1707,7
2017-07-18 00:00:00+08:00,CFFEX.IC1707,4
2017-07-19 00:00:00+08:00,CFFEX.IC1707,3
2017-07-20 00:00:00+08:00,CFFEX.IC1707,2
2017-07-21 00:00:00+08:00,CFFEX.IC1708,29
2017-07-24 00:00:00+08:00,CFFEX.IC1708,28
2017-07-25 00:00:00+08:00,CFFEX.IC1708,25
2017-07-26 00:00:00+08:00,CFFEX.IC1708,24
2017-07-27 00:00:00+08:00,CFFEX.IC1708,23
2017-07-28 00:00:00+08:00,CFFEX.IC1708,22
2017-07-31 00:00:00+08:00,CFFEX.IC1708,21
2017-08-01 00:00:00+08:00,CFFEX.IC1708,18
2017-08-02 00:00:00+08:00,CFFEX.IC1708,17
2017-08-03 00:00:00+08:00,CFFEX.IC1708,16
2017-08-04 00:00:00+08:00,CFFEX.IC1708,15
2017-08-07 00:00:00+08:00,CFFEX.IC1708,14
2017-08-08 00:00:00+08:00,CFFEX.IC1708,11
2017-08-09 00:00:00+08:00,CFFEX.IC1708,10
2017-08-10 00:00:00+08:00,CFFEX.IC1708,9
2017-08-11 00:00:00+08:00,CFFEX.IC1708,8
2017-08-14 00:00:00+08:00,CFFEX.IC1708,7
2017-08-15 00:00:00+08:00,CFFEX.IC1708,4
2017-08-16 00:00:00+08:00,CFFEX.IC1708,3
2017-08-17 00:00:00+08:00,CFFEX.IC1708,2
2017-08-18 00:00:00+08:00,CFFEX.IC1709,29
2017-08-21 00:00:00+08:00,CFFEX.IC1709,28
2017-08-22 00:00:00+08:00,CFFEX.IC1709,25
2017-08-23 00:00:00+08:00,CFFEX.IC1709,24
2017-08-24 00:00:00+08:00,CFFEX.IC1709,23
2017-08-25 00:00:00+08:00,CFFEX.IC1709,22
2017-08-28 00:00:00+08:00,CFFEX.IC1709,21
2017-08-29 00:00:00+08:00,CFFEX.IC1709,18
2017-08-30 00:00:00+08:00,CFFEX.IC1709,17
2017-08-31 00:00:00+08:00,CFFEX.IC1709,16
2017-09-01 00:00:00+08:00,CFFEX.IC1709,15
2017-09-04 00:00:00+08:00,CFFEX.IC1709,14
2017-09-05 00:00:00+08:00,CFFEX.IC1709,11
2017-09-06 00:00:00+08:00,CFFEX.IC1709,10
2017-09-07 00:00:00+08:00,CFFEX.IC1709,9
2017-09-08 00:00:00+08:00,CFFEX.IC1709,8
2017-09-11 00:00:00+08:00,CFFEX.IC1709,7
2017-09-12 00:00:00+08:00,CFFEX.IC1709,4
2017-09-13 00:00:00+08:00,CFFEX.IC1709,3
2017-09-14 00:00:00+08:00,CFFEX.IC1709,2
2017-09-15 00:00:00+08:00,CFFEX.IC1709,1
2017-09-18 00:00:00+08:00,CFFEX.IC1710,35
2017-09-19 00:00:00+08:00,CFFEX.IC1710,32
2017-09-20 00:00:00+08:00,CFFEX.IC1710,31
2017-09-21 00:00:00+08:00,CFFEX.IC1710,30
2017-09-22 00:00:00+08:00,CFFEX.IC1710,29
2017-09-25 00:00:00+08:00,CFFEX.IC1710,28
2017-09-26 00:00:00+08:00,CFFEX.IC1710,25
2017-09-27 00:00:00+08:00,CFFEX.IC1710,24
2017-09-28 00:00:00+08:00,CFFEX.IC1710,23
2017-09-29 00:00:00+08:00,CFFEX.IC1710,22
2017-10-09 00:00:00+08:00,CFFEX.IC1710,14
2017-10-10 00:00:00+08:00,CFFEX.IC1710,11
2017-10-11 00:00:00+08:00,CFFEX.IC1710,10
2017-10-12 00:00:00+08:00,CFFEX.IC1710,9
2017-10-13 00:00:00+08:00,CFFEX.IC1710,8
2017-10-16 00:00:00+08:00,CFFEX.IC1710,7
2017-10-17 00:00:00+08:00,CFFEX.IC1710,4
2017-10-18 00:00:00+08:00,CFFEX.IC1710,3
2017-10-19 00:00:00+08:00,CFFEX.IC1710,2
2017-10-20 00:00:00+08:00,CFFEX.IC1710,1
2017-10-23 00:00:00+08:00,CFFEX.IC1711,28
2017-10-24 00:00:00+08:00,CFFEX.IC1711,25
2017-10-25 00:00:00+08:00,CFFEX.IC1711,24
2017-10-26 00:00:00+08:00,CFFEX.IC1711,23
2017-10-27 00:00:00+08:00,CFFEX.IC1711,22
2017-10-30 00:00:00+08:00,CFFEX.IC1711,21
2017-10-31 00:00:00+08:00,CFFEX.IC1711,18
2017-11-01 00:00:00+08:00,CFFEX.IC1711,17
2017-11-02 00:00:00+08:00,CFFEX.IC1711,16
2017-11-03 00:00:00+08:00,CFFEX.IC1711,15
2017-11-06 00:00:00+08:00,CFFEX.IC1711,14
2017-11-07 00:00:00+08:00,CFFEX.IC1711,11
2017-11-08 00:00:00+08:00,CFFEX.IC1711,10
2017-11-09 00:00:00+08:00,CFFEX.IC1711,9
2017-11-10 00:00:00+08:00,CFFEX.IC1711,8
2017-11-13 00:00:00+08:00,CFFEX.IC1711,7
2017-11-14 00:00:00+08:00,CFFEX.IC1711,4
2017-11-15 00:00:00+08:00,CFFEX.IC1711,3
2017-11-16 00:00:00+08:00,CFFEX.IC1711,2
2017-11-17 00:00:00+08:00,CFFEX.IC1712,29
2017-11-20 00:00:00+08:00,CFFEX.IC1712,28
2017-11-21 00:00:00+08:00,CFFEX.IC1712,25
2017-11-22 00:00:00+08:00,CFFEX.IC1712,24
2017-11-23 00:00:00+08:00,CFFEX.IC1712,23
2017-11-24 00:00:00+08:00,CFFEX.IC1712,22
2017-11-27 00:00:00+08:00,CFFEX.IC1712,21
2017-11-28 00:00:00+08:00,CFFEX.IC1712,18
2017-11-29 00:00:00+08:00,CFFEX.IC1712,17
2017-11-30 00:00:00+08:00,CFFEX.IC1712,16
2017-12-01 00:00:00+08:00,CFFEX.IC1712,15
2017-12-04 00:00:00+08:00,CFFEX.IC1712,14
2017-12-05 00:00:00+08:00,CFFEX.IC1712,11
2017-12-06 00:00:00+08:00,CFFEX.IC1712,10
2017-12-07 00:00:00+08:00,CFFEX.IC1712,9
2017-12-08 00:00:00+08:00,CFFEX.IC1712,8
2017-12-11 00:00:00+08:00,CFFEX.IC1712,7
2017-12-12 00:00:00+08:00,CFFEX.IC1712,4
2017-12-13 00:00:00+08:00,CFFEX.IC1712,3
2017-12-14 00:00:00+08:00,CFFEX.IC1712,2
2017-12-15 00:00:00+08:00,CFFEX.IC1712,1
2017-12-18 00:00:00+08:00,CFFEX.IC1801,35
2017-12-19 00:00:00+08:00,CFFEX.IC1801,32
2017-12-20 00:00:00+08:00,CFFEX.IC1801,31
2017-12-21 00:00:00+08:00,CFFEX.IC1801,30
2017-12-22 00:00:00+08:00,CFFEX.IC1801,29
2017-12-25 00:00:00+08:00,CFFEX.IC1801,28
2017-12-26 00:00:00+08:00,CFFEX.IC1801,25
2017-12-27 00:00:00+08:00,CFFEX.IC1801,24
2017-12-28 00:00:00+08:00,CFFEX.IC1801,23
2017-12-29 00:00:00+08:00,CFFEX.IC1801,22
2018-01-02 00:00:00+08:00,CFFEX.IC1801,18
2018-01-03 00:00:00+08:00,CFFEX.IC1801,17
2018-01-04 00:00:00+08:00,CFFEX.IC1801,16
2018-01-05 00:00:00+08:00,CFFEX.IC1801,15
2018-01-08 00:00:00+08:00,CFFEX.IC1801,14
2018-01-09 00:00:00+08:00,CFFEX.IC1801,11
2018-01-10 00:00:00+08:00,CFFEX.IC1801,10
2018-01-11 00:00:00+08:00,CFFEX.IC1801,9
2018-01-12 00:00:00+08:00,CFFEX.IC1801,8
2018-01-15 00:00:00+08:00,CFFEX.IC1801,7
2018-01-16 00:00:00+08:00,CFFEX.IC1801,4
2018-01-17 00:00:00+08:00,CFFEX.IC1801,3
2018-01-18 00:00:00+08:00,CFFEX.IC1801,2
2018-01-19 00:00:00+08:00,CFFEX.IC1801,1
2018-01-22 00:00:00+08:00,CFFEX.IC1802,34
2018-01-23 00:00:00+08:00,CFFEX.IC1802,31
2018-01-24 00:00:00+08:00,CFFEX.IC1802,30
2018-01-25 00:00:00+08:00,CFFEX.IC1802,29
2018-01-26 00:00:00+08:00,CFFEX.IC1802,28
2018-01-29 00:00:00+08:00,CFFEX.IC1802,27
2018-01-30 00:00:00+08:00,CFFEX.IC1802,24
2018-01-31 00:00:00+08:00,CFFEX.IC1802,23
2018-02-01 00:00:00+08:00,CFFEX.IC1802,22
2018-02-02 00:00:00+08:00,CFFEX.IC1802,21
2018-02-05 00:00:00+08:00,CFFEX.IC1802,20
2018-02-06 00:00:00+08:00,CFFEX.IC1802,17
2018-02-07 00:00:00+08:00,CFFEX.IC1802,16
2018-02-08 00:00:00+08:00,CFFEX.IC1802,15
2018-02-09 00:00:00+08:00,CFFEX.IC1802,14
2018-02-12 00:00:00+08:00,CFFEX.IC1802,13
2018-02-13 00:00:00+08:00,CFFEX.IC1802,10
2018-02-14 00:00:00+08:00,CFFEX.IC1802,9
2018-02-22 00:00:00+08:00,CFFEX.IC1803,23
2018-02-23 00:00:00+08:00,CFFEX.IC1803,22
2018-02-26 00:00:00+08:00,CFFEX.IC1803,21
2018-02-27 00:00:00+08:00,CFFEX.IC1803,18
2018-02-28 00:00:00+08:00,CFFEX.IC1803,17
2018-03-01 00:00:00+08:00,CFFEX.IC1803,16
2018-03-02 00:00:00+08:00,CFFEX.IC1803,15
2018-03-05 00:00:00+08:00,CFFEX.IC1803,14
2018-03-06 00:00:00+08:00,CFFEX.IC1803,11
2018-03-07 00:00:00+08:00,CFFEX.IC1803,10
2018-03-08 00:00:00+08:00,CFFEX.IC1803,9
2018-03-09 00:00:00+08:00,CFFEX.IC1803,8
2018-03-12 00:00:00+08:00,CFFEX.IC1803,7
2018-03-13 00:00:00+08:00,CFFEX.IC1803,4
2018-03-14 00:00:00+08:00,CFFEX.IC1803,3
2018-03-15 00:00:00+08:00,CFFEX.IC1803,2
2018-03-16 00:00:00+08:00,CFFEX.IC1803,1
2018-03-19 00:00:00+08:00,CFFEX.IC1804,35
2018-03-20 00:00:00+08:00,CFFEX.IC1804,32
2018-03-21 00:00:00+08:00,CFFEX.IC1804,31
2018-03-22 00:00:00+08:00,CFFEX.IC1804,30
2018-03-23 00:00:00+08:00,CFFEX.IC1804,29
2018-03-26 00:00:00+08:00,CFFEX.IC1804,28
2018-03-27 00:00:00+08:00,CFFEX.IC1804,25
2018-03-28 00:00:00+08:00,CFFEX.IC1804,24
2018-03-29 00:00:00+08:00,CFFEX.IC1804,23
2018-03-30 00:00:00+08:00,CFFEX.IC1804,22
2018-04-02 00:00:00+08:00,CFFEX.IC1804,21
2018-04-03 00:00:00+08:00,CFFEX.IC1804,18
2018-04-04 00:00:00+08:00,CFFEX.IC1804,17
2018-04-09 00:00:00+08:00,CFFEX.IC1804,14
2018-04-10 00:00:00+08:00,CFFEX.IC1804,11
2018-04-11 00:00:00+08:00,CFFEX.IC1804,10
2018-04-12 00:00:00+08:00,CFFEX.IC1804,9
2018-04-13 00:00:00+08:00,CFFEX.IC1804,8
2018-04-16 00:00:00+08:00,CFFEX.IC1804,7
2018-04-17 00:00:00+08:00,CFFEX.IC1804,4
2018-04-18 00:00:00+08:00,CFFEX.IC1804,3
2018-04-19 00:00:00+08:00,CFFEX.IC1804,2
2018-04-20 00:00:00+08:00,CFFEX.IC1804,1
2018-04-23 00:00:00+08:00,CFFEX.IC1805,28
2018-04-24 00:00:00+08:00,CFFEX.IC1805,25
2018-04-25 00:00:00+08:00,CFFEX.IC1805,24
2018-04-26 00:00:00+08:00,CFFEX.IC1805,23
2018-04-27 00:00:00+08:00,CFFEX.IC1805,22
2018-05-02 00:00:00+08:00,CFFEX.IC1805,17
2018-05-03 00:00:00+08:00,CFFEX.IC1805,16
2018-05-04 00:00:00+08:00,CFFEX.IC1805,15
2018-05-07 00:00:00+08:00,CFFEX.IC1805,14
2018-05-08 00:00:00+08:00,CFFEX.IC1805,11
2018-05-09 00:00:00+08:00,CFFEX.IC1805,10
2018-05-10 00:00:00+08:00,CFFEX.IC1805,9
2018-05-11 00:00:00+08:00,CFFEX.IC1805,8
2018-05-14 00:00:00+08:00,CFFEX.IC1805,7
2018-05-15 00:00:00+08:00,CFFEX.IC1805,4
2018-05-16 00:00:00+08:00,CFFEX.IC1805,3
2018-05-17 00:00:00+08:00,CFFEX.IC1805,2
2018-05-18 00:00:00+08:00,CFFEX.IC1806,29
2018-05-21 00:00:00+08:00,CFFEX.IC1806,28
2018-05-22 00:00:00+08:00,CFFEX.IC1806,25
2018-05-23 00:00:00+08:00,CFFEX.IC1806,24
2018-05-24 00:00:00+08:00,CFFEX.IC1806,23
2018-05-25 00:00:00+08:00,CFFEX.IC1806,22
2018-05-28 00:00:00+08:00,CFFEX.IC1806,21
2018-05-29 00:00:00+08:00,CFFEX.IC1806,18
2018-05-30 00:00:00+08:00,CFFEX.IC1806,17
2018-05-31 00:00:00+08:00,CFFEX.IC1806,16
2018-06-01 00:00:00+08:00,CFFEX.IC1806,15
2018-06-04 00:00:00+08:00,CFFEX.IC1806,14
2018-06-05 00:00:00+08:00,CFFEX.IC1806,11
2018-06-06 00:00:00+08:00,CFFEX.IC1806,10
2018-06-07 00:00:00+08:00,CFFEX.IC1806,9
2018-06-08 00:00:00+08:00,CFFEX.IC1806,8
2018-06-11 00:00:00+08:00,CFFEX.IC1806,7
2018-06-12 00:00:00+08:00,CFFEX.IC1806,4
2018-06-13 00:00:00+08:00,CFFEX.IC1806,3
2018-06-14 00:00:00+08:00,CFFEX.IC1806,2
2018-06-15 00:00:00+08:00,CFFEX.IC1806,1
2018-06-19 00:00:00+08:00,CFFEX.IC1807,32
2018-06-20 00:00:00+08:00,CFFEX.IC1807,31
2018-06-21 00:00:00+08:00,CFFEX.IC1807,30
2018-06-22 00:00:00+08:00,CFFEX.IC1807,29
2018-06-25 00:00:00+08:00,CFFEX.IC1807,28
2018-06-26 00:00:00+08:00,CFFEX.IC1807,25
2018-06-27 00:00:00+08:00,CFFEX.IC1807,24
2018-06-28 00:00:00+08:00,CFFEX.IC1807,23
2018-06-29 00:00:00+08:00,CFFEX.IC1807,22
2018-07-02 00:00:00+08:00,CFFEX.IC1807,21
2018-07-03 00:00:00+08:00,CFFEX.IC1807,18
2018-07-04 00:00:00+08:00,CFFEX.IC1807,17
2018-07-05 00:00:00+08:00,CFFEX.IC1807,16
2018-07-06 00:00:00+08:00,CFFEX.IC1807,15
2018-07-09 00:00:00+08:00,CFFEX.IC1807,14
2018-07-10 00:00:00+08:00,CFFEX.IC1807,11
2018-07-11 00:00:00+08:00,CFFEX.IC1807,10
2018-07-12 00:00:00+08:00,CFFEX.IC1807,9
2018-07-13 00:00:00+08:00,CFFEX.IC1807,8
2018-07-16 00:00:00+08:00,CFFEX.IC1807,7
2018-07-17 00:00:00+08:00,CFFEX.IC1807,4
2018-07-18 00:00:00+08:00,CFFEX.IC1807,3
2018-07-19 00:00:00+08:00,CFFEX.IC1807,2
2018-07-20 00:00:00+08:00,CFFEX.IC1808,29
2018-07-23 00:00:00+08:00,CFFEX.IC1808,28
2018-07-24 00:00:00+08:00,CFFEX.IC1808,25
2018-07-25 00:00:00+08:00,CFFEX.IC1808,24
2018-07-26 00:00:00+08:00,CFFEX.IC1808,23
2018-07-27 00:00:00+08:00,CFFEX.IC1808,22
2018-07-30 00:00:00+08:00,CFFEX.IC1808,21
2018-07-31 00:00:00+08:00,CFFEX.IC1808,18
2018-08-01 00:00:00+08:00,CFFEX.IC1808,17
2018-08-02 00:00:00+08:00,CFFEX.IC1808,16
2018-08-03 00:00:00+08:00,CFFEX.IC1808,15
2018-08-06 00:00:00+08:00,CFFEX.IC1808,14
2018-08-07 00:00:00+08:00,CFFEX.IC1808,11
2018-08-08 00:00:00+08:00,CFFEX.IC1808,10
2018-08-09 00:00:00+08:00,CFFEX.IC1808,9
2018-08-10 00:00:00+08:00,CFFEX.IC1808,8
2018-08-13 00:00:00+08:00,CFFEX.IC1808,7
2018-08-14 00:00:00+08:00,CFFEX.IC1808,4
2018-08-15 00:00:00+08:00,CFFEX.IC1808,3
2018-08-16 00:00:00+08:00,CFFEX.IC1808,2
2018-08-17 00:00:00+08:00,CFFEX.IC1809,36
2018-08-20 00:00:00+08:00,CFFEX.IC1809,35
2018-08-21 00:00:00+08:00,CFFEX.IC1809,32
2018-08-22 00:00:00+08:00,CFFEX.IC1809,31
2018-08-23 00:00:00+08:00,CFFEX.IC1809,30
2018-08-24 00:00:00+08:00,CFFEX.IC1809,29
2018-08-27 00:00:00+08:00,CFFEX.IC1809,28
2018-08-28 00:00:00+08:00,CFFEX.IC1809,25
2018-08-29 00:00:00+08:00,CFFEX.IC1809,24
2018-08-30 00:00:00+08:00,CFFEX.IC1809,23
2018-08-31 00:00:00+08:00,CFFEX.IC1809,22
2018-09-03 00:00:00+08:00,CFFEX.IC1809,21
2018-09-04 00:00:00+08:00,CFFEX.IC1809,18
2018-09-05 00:00:00+08:00,CFFEX.IC1809,17
2018-09-06 00:00:00+08:00,CFFEX.IC1809,16
2018-09-07 00:00:00+08:00,CFFEX.IC1809,15
2018-09-10 00:00:00+08:00,CFFEX.IC1809,14
2018-09-11 00:00:00+08:00,CFFEX.IC1809,11
2018-09-12 00:00:00+08:00,CFFEX.IC1809,10
2018-09-13 00:00:00+08:00,CFFEX.IC1809,9
2018-09-14 00:00:00+08:00,CFFEX.IC1809,8
2018-09-17 00:00:00+08:00,CFFEX.IC1809,7
2018-09-18 00:00:00+08:00,CFFEX.IC1809,4
2018-09-19 00:00:00+08:00,CFFEX.IC1809,3
2018-09-20 00:00:00+08:00,CFFEX.IC1809,2
2018-09-21 00:00:00+08:00,CFFEX.IC1810,29
2018-09-25 00:00:00+08:00,CFFEX.IC1810,25
2018-09-26 00:00:00+08:00,CFFEX.IC1810,24
2018-09-27 00:00:00+08:00,CFFEX.IC1810,23
2018-09-28 00:00:00+08:00,CFFEX.IC1810,22
2018-10-08 00:00:00+08:00,CFFEX.IC1810,14
2018-10-09 00:00:00+08:00,CFFEX.IC1810,11
2018-10-10 00:00:00+08:00,CFFEX.IC1810,10
2018-10-11 00:00:00+08:00,CFFEX.IC1810,9
2018-10-12 00:00:00+08:00,CFFEX.IC1810,8
2018-10-15 00:00:00+08:00,CFFEX.IC1810,7
2018-10-16 00:00:00+08:00,CFFEX.IC1810,4
2018-10-17 00:00:00+08:00,CFFEX.IC1810,3
2018-10-18 00:00:00+08:00,CFFEX.IC1810,2
2018-10-19 00:00:00+08:00,CFFEX.IC1811,29
2018-10-22 00:00:00+08:00,CFFEX.IC1811,28
2018-10-23 00:00:00+08:00,CFFEX.IC1811,25
2018-10-24 00:00:00+08:00,CFFEX.IC1811,24
2018-10-25 00:00:00+08:00,CFFEX.IC1811,23
2018-10-26 00:00:00+08:00,CFFEX.IC1811,22
2018-10-29 00:00:00+08:00,CFFEX.IC1811,21
2018-10-30 00:00:00+08:00,CFFEX.IC1811,18
2018-10-31 00:00:00+08:00,CFFEX.IC1811,17
2018-11-01 00:00:00+08:00,CFFEX.IC1811,16
2018-11-02 00:00:00+08:00,CFFEX.IC1811,15
2018-11-05 00:00:00+08:00,CFFEX.IC1811,14
2018-11-06 00:00:00+08:00,CFFEX.IC1811,11
2018-11-07 00:00:00+08:00,CFFEX.IC1811,10
2018-11-08 00:00:00+08:00,CFFEX.IC1811,9
2018-11-09 00:00:00+08:00,CFFEX.IC1811,8
2018-11-12 00:00:00+08:00,CFFEX.IC1811,7
2018-11-13 00:00:00+08:00,CFFEX.IC1811,4
2018-11-14 00:00:00+08:00,CFFEX.IC1811,3
2018-11-15 00:00:00+08:00,CFFEX.IC1811,2
2018-11-16 00:00:00+08:00,CFFEX.IC1812,36
2018-11-19 00:00:00+08:00,CFFEX.IC1812,35
2018-11-20 00:00:00+08:00,CFFEX.IC1812,32
2018-11-21 00:00:00+08:00,CFFEX.IC1812,31
2018-11-22 00:00:00+08:00,CFFEX.IC1812,30
2018-11-23 00:00:00+08:00,CFFEX.IC1812,29
2018-11-26 00:00:00+08:00,CFFEX.IC1812,28
2018-11-27 00:00:00+08:00,CFFEX.IC1812,25
2018-11-28 00:00:00+08:00,CFFEX.IC1812,24
2018-11-29 00:00:00+08:00,CFFEX.IC1812,23
2018-11-30 00:00:00+08:00,CFFEX.IC1812,22
2018-12-03 00:00:00+08:00,CFFEX.IC1812,21
2018-12-04 00:00:00+08:00,CFFEX.IC1812,18
2018-12-05 00:00:00+08:00,CFFEX.IC1812,17
2018-12-06 00:00:00+08:00,CFFEX.IC1812,16
2018-12-07 00:00:00+08:00,CFFEX.IC1812,15
2018-12-10 00:00:00+08:00,CFFEX.IC1812,14
2018-12-11 00:00:00+08:00,CFFEX.IC1812,11
2018-12-12 00:00:00+08:00,CFFEX.IC1812,10
2018-12-13 00:00:00+08:00,CFFEX.IC1812,9
2018-12-14 00:00:00+08:00,CFFEX.IC1812,8
2018-12-17 00:00:00+08:00,CFFEX.IC1812,7
2018-12-18 00:00:00+08:00,CFFEX.IC1812,4
2018-12-19 00:00:00+08:00,CFFEX.IC1812,3
2018-12-20 00:00:00+08:00,CFFEX.IC1812,2
2018-12-21 00:00:00+08:00,CFFEX.IC1901,29
2018-12-24 00:00:00+08:00,CFFEX.IC1901,28
2018-12-25 00:00:00+08:00,CFFEX.IC1901,25
2018-12-26 00:00:00+08:00,CFFEX.IC1901,24
2018-12-27 00:00:00+08:00,CFFEX.IC1901,23
2018-12-28 00:00:00+08:00,CFFEX.IC1901,22
2019-01-02 00:00:00+08:00,CFFEX.IC1901,17
2019-01-03 00:00:00+08:00,CFFEX.IC1901,16
2019-01-04 00:00:00+08:00,CFFEX.IC1901,15
2019-01-07 00:00:00+08:00,CFFEX.IC1901,14
2019-01-08 00:00:00+08:00,CFFEX.IC1901,11
2019-01-09 00:00:00+08:00,CFFEX.IC1901,10
2019-01-10 00:00:00+08:00,CFFEX.IC1901,9
2019-01-11 00:00:00+08:00,CFFEX.IC1901,8
2019-01-14 00:00:00+08:00,CFFEX.IC1901,7
2019-01-15 00:00:00+08:00,CFFEX.IC1901,4
2019-01-16 00:00:00+08:00,CFFEX.IC1901,3
2019-01-17 00:00:00+08:00,CFFEX.IC1901,2
2019-01-18 00:00:00+08:00,CFFEX.IC1902,29
2019-01-21 00:00:00+08:00,CFFEX.IC1902,28
2019-01-22 00:00:00+08:00,CFFEX.IC1902,25
2019-01-23 00:00:00+08:00,CFFEX.IC1902,24
2019-01-24 00:00:00+08:00,CFFEX.IC1902,23
2019-01-25 00:00:00+08:00,CFFEX.IC1902,22
2019-01-28 00:00:00+08:00,CFFEX.IC1902,21
2019-01-29 00:00:00+08:00,CFFEX.IC1902,18
2019-01-30 00:00:00+08:00,CFFEX.IC1902,17
2019-01-31 00:00:00+08:00,CFFEX.IC1902,16
2019-02-01 00:00:00+08:00,CFFEX.IC1902,15
2019-02-11 00:00:00+08:00,CFFEX.IC1902,7
2019-02-12 00:00:00+08:00,CFFEX.IC1902,4
2019-02-13 00:00:00+08:00,CFFEX.IC1902,3
2019-02-14 00:00:00+08:00,CFFEX.IC1902,2
2019-02-15 00:00:00+08:00,CFFEX.IC1903,29
2019-02-18 00:00:00+08:00,CFFEX.IC1903,28
2019-02-19 00:00:00+08:00,CFFEX.IC1903,25
2019-02-20 00:00:00+08:00,CFFEX.IC1903,24
2019-02-21 00:00:00+08:00,CFFEX.IC1903,23
2019-02-22 00:00:00+08:00,CFFEX.IC1903,22
2019-02-25 00:00:00+08:00,CFFEX.IC1903,21
2019-02-26 00:00:00+08:00,CFFEX.IC1903,18
2019-02-27 00:00:00+08:00,CFFEX.IC1903,17
2019-02-28 00:00:00+08:00,CFFEX.IC1903,16
2019-03-01 00:00:00+08:00,CFFEX.IC1903,15
2019-03-04 00:00:00+08:00,CFFEX.IC1903,14
2019-03-05 00:00:00+08:00,CFFEX.IC1903,11
2019-03-06 00:00:00+08:00,CFFEX.IC1903,10
2019-03-07 00:00:00+08:00,CFFEX.IC1903,9
2019-03-08 00:00:00+08:00,CFFEX.IC1903,8
2019-03-11 00:00:00+08:00,CFFEX.IC1903,7
2019-03-12 00:00:00+08:00,CFFEX.IC1903,4
2019-03-13 00:00:00+08:00,CFFEX.IC1903,3
2019-03-14 00:00:00+08:00,CFFEX.IC1903,2
2019-03-15 00:00:00+08:00,CFFEX.IC1904,36
2019-03-18 00:00:00+08:00,CFFEX.IC1904,35
2019-03-19 00:00:00+08:00,CFFEX.IC1904,32
2019-03-20 00:00:00+08:00,CFFEX.IC1904,31
2019-03-21 00:00:00+08:00,CFFEX.IC1904,30
2019-03-22 00:00:00+08:00,CFFEX.IC1904,29
2019-03-25 00:00:00+08:00,CFFEX.IC1904,28
2019-03-26 00:00:00+08:00,CFFEX.IC1904,25
2019-03-27 00:00:00+08:00,CFFEX.IC1904,24
2019-03-28 00:00:00+08:00,CFFEX.IC1904,23
2019-03-29 00:00:00+08:00,CFFEX.IC1904,22
2019-04-01 00:00:00+08:00,CFFEX.IC1904,21
2019-04-02 00:00:00+08:00,CFFEX.IC1904,18
2019-04-03 00:00:00+08:00,CFFEX.IC1904,17
2019-04-04 00:00:00+08:00,CFFEX.IC1904,16
2019-04-08 00:00:00+08:00,CFFEX.IC1904,14
2019-04-09 00:00:00+08:00,CFFEX.IC1904,11
2019-04-10 00:00:00+08:00,CFFEX.IC1904,10
2019-04-11 00:00:00+08:00,CFFEX.IC1904,9
2019-04-12 00:00:00+08:00,CFFEX.IC1904,8
2019-04-15 00:00:00+08:00,CFFEX.IC1904,7
2019-04-16 00:00:00+08:00,CFFEX.IC1904,4
2019-04-17 00:00:00+08:00,CFFEX.IC1904,3
2019-04-18 00:00:00+08:00,CFFEX.IC1904,2
2019-04-19 00:00:00+08:00,CFFEX.IC1905,29
2019-04-22 00:00:00+08:00,CFFEX.IC1905,28
2019-04-23 00:00:00+08:00,CFFEX.IC1905,25
2019-04-24 00:00:00+08:00,CFFEX.IC1905,24
2019-04-25 00:00:00+08:00,CFFEX.IC1905,23
2019-04-26 00:00:00+08:00,CFFEX.IC1905,22
2019-04-29 00:00:00+08:00,CFFEX.IC1905,21
2019-04-30 00:00:00+08:00,CFFEX.IC1905,18
2019-05-06 00:00:00+08:00,CFFEX.IC1905,14
2019-05-07 00:00:00+08:00,CFFEX.IC1905,11
2019-05-08 00:00:00+08:00,CFFEX.IC1905,10
2019-05-09 00:00:00+08:00,CFFEX.IC1905,9
2019-05-10 00:00:00+08:00,CFFEX.IC1905,8
2019-05-13 00:00:00+08:00,CFFEX.IC1905,7
2019-05-14 00:00:00+08:00,CFFEX.IC1905,4
2019-05-15 00:00:00+08:00,CFFEX.IC1905,3
2019-05-16 00:00:00+08:00,CFFEX.IC1906,37
2019-05-17 00:00:00+08:00,CFFEX.IC1906,36
2019-05-20 00:00:00+08:00,CFFEX.IC1906,35
2019-05-21 00:00:00+08:00,CFFEX.IC1906,32
2019-05-22 00:00:00+08:00,CFFEX.IC1906,31
2019-05-23 00:00:00+08:00,CFFEX.IC1906,30
2019-05-24 00:00:00+08:00,CFFEX.IC1906,29
2019-05-27 00:00:00+08:00,CFFEX.IC1906,28
2019-05-28 00:00:00+08:00,CFFEX.IC1906,25
2019-05-29 00:00:00+08:00,CFFEX.IC1906,24
2019-05-30 00:00:00+08:00,CFFEX.IC1906,23
2019-05-31 00:00:00+08:00,CFFEX.IC1906,22
2019-06-03 00:00:00+08:00,CFFEX.IC1906,21
2019-06-04 00:00:00+08:00,CFFEX.IC1906,18
2019-06-05 00:00:00+08:00,CFFEX.IC1906,17
2019-06-06 00:00:00+08:00,CFFEX.IC1906,16
2019-06-10 00:00:00+08:00,CFFEX.IC1906,14
2019-06-11 00:00:00+08:00,CFFEX.IC1906,11
2019-06-12 00:00:00+08:00,CFFEX.IC1906,10
2019-06-13 00:00:00+08:00,CFFEX.IC1906,9
2019-06-14 00:00:00+08:00,CFFEX.IC1906,8
2019-06-17 00:00:00+08:00,CFFEX.IC1906,7
2019-06-18 00:00:00+08:00,CFFEX.IC1906,4
2019-06-19 00:00:00+08:00,CFFEX.IC1906,3
2019-06-20 00:00:00+08:00,CFFEX.IC1907,30
2019-06-21 00:00:00+08:00,CFFEX.IC1907,29
2019-06-24 00:00:00+08:00,CFFEX.IC1907,28
2019-06-25 00:00:00+08:00,CFFEX.IC1907,25
2019-06-26 00:00:00+08:00,CFFEX.IC1907,24
2019-06-27 00:00:00+08:00,CFFEX.IC1907,23
2019-06-28 00:00:00+08:00,CFFEX.IC1907,22
2019-07-01 00:00:00+08:00,CFFEX.IC1907,21
2019-07-02 00:00:00+08:00,CFFEX.IC1907,18
2019-07-03 00:00:00+08:00,CFFEX.IC1907,17
2019-07-04 00:00:00+08:00,CFFEX.IC1907,16
2019-07-05 00:00:00+08:00,CFFEX.IC1907,15
2019-07-08 00:00:00+08:00,CFFEX.IC1907,14
2019-07-09 00:00:00+08:00,CFFEX.IC1907,11
2019-07-10 00:00:00+08:00,CFFEX.IC1907,10
2019-07-11 00:00:00+08:00,CFFEX.IC1907,9
2019-07-12 00:00:00+08:00,CFFEX.IC1907,8
2019-07-15 00:00:00+08:00,CFFEX.IC1907,7
2019-07-16 00:00:00+08:00,CFFEX.IC1907,4
2019-07-17 00:00:00+08:00,CFFEX.IC1907,3
2019-07-18 00:00:00+08:00,CFFEX.IC1907,2
2019-07-19 00:00:00+08:00,CFFEX.IC1908,29
2019-07-22 00:00:00+08:00,CFFEX.IC1908,28
2019-07-23 00:00:00+08:00,CFFEX.IC1908,25
2019-07-24 00:00:00+08:00,CFFEX.IC1908,24
2019-07-25 00:00:00+08:00,CFFEX.IC1908,23
2019-07-26 00:00:00+08:00,CFFEX.IC1908,22
2019-07-29 00:00:00+08:00,CFFEX.IC1908,21
2019-07-30 00:00:00+08:00,CFFEX.IC1908,18
2019-07-31 00:00:00+08:00,CFFEX.IC1908,17
2019-08-01 00:00:00+08:00,CFFEX.IC1908,16
2019-08-02 00:00:00+08:00,CFFEX.IC1908,15
2019-08-05 00:00:00+08:00,CFFEX.IC1908,14
2019-08-06 00:00:00+08:00,CFFEX.IC1908,11
2019-08-07 00:00:00+08:00,CFFEX.IC1908,10
2019-08-08 00:00:00+08:00,CFFEX.IC1908,9
2019-08-09 00:00:00+08:00,CFFEX.IC1908,8
2019-08-12 00:00:00+08:00,CFFEX.IC1908,7
2019-08-13 00:00:00+08:00,CFFEX.IC1908,4
2019-08-14 00:00:00+08:00,CFFEX.IC1908,3
2019-08-15 00:00:00+08:00,CFFEX.IC1909,37
2019-08-16 00:00:00+08:00,CFFEX.IC1909,36
2019-08-19 00:00:00+08:00,CFFEX.IC1909,35
2019-08-20 00:00:00+08:00,CFFEX.IC1909,32
2019-08-21 00:00:00+08:00,CFFEX.IC1909,31
2019-08-22 00:00:00+08:00,CFFEX.IC1909,30
2019-08-23 00:00:00+08:00,CFFEX.IC1909,29
2019-08-26 00:00:00+08:00,CFFEX.IC1909,28
2019-08-27 00:00:00+08:00,CFFEX.IC1909,25
2019-08-28 00:00:00+08:00,CFFEX.IC1909,24
2019-08-29 00:00:00+08:00,CFFEX.IC1909,23
2019-08-30 00:00:00+08:00,CFFEX.IC1909,22
2019-09-02 00:00:00+08:00,CFFEX.IC1909,21
2019-09-03 00:00:00+08:00,CFFEX.IC1909,18
2019-09-04 00:00:00+08:00,CFFEX.IC1909,17
2019-09-05 00:00:00+08:00,CFFEX.IC1909,16
2019-09-06 00:00:00+08:00,CFFEX.IC1909,15
2019-09-09 00:00:00+08:00,CFFEX.IC1909,14
2019-09-10 00:00:00+08:00,CFFEX.IC1909,11
2019-09-11 00:00:00+08:00,CFFEX.IC1909,10
2019-09-12 00:00:00+08:00,CFFEX.IC1909,9
2019-09-16 00:00:00+08:00,CFFEX.IC1909,7
2019-09-17 00:00:00+08:00,CFFEX.IC1909,4
2019-09-18 00:00:00+08:00,CFFEX.IC1909,3
2019-09-19 00:00:00+08:00,CFFEX.IC1910,30
2019-09-20 00:00:00+08:00,CFFEX.IC1910,29
2019-09-23 00:00:00+08:00,CFFEX.IC1910,28
2019-09-24 00:00:00+08:00,CFFEX.IC1910,25
2019-09-25 00:00:00+08:00,CFFEX.IC1910,24
2019-09-26 00:00:00+08:00,CFFEX.IC1910,23
2019-09-27 00:00:00+08:00,CFFEX.IC1910,22
2019-09-30 00:00:00+08:00,CFFEX.IC1910,21
2019-10-08 00:00:00+08:00,CFFEX.IC1910,11
2019-10-09 00:00:00+08:00,CFFEX.IC1910,10
2019-10-10 00:00:00+08:00,CFFEX.IC1910,9
2019-10-11 00:00:00+08:00,CFFEX.IC1910,8
2019-10-14 00:00:00+08:00,CFFEX.IC1910,7
2019-10-15 00:00:00+08:00,CFFEX.IC1910,4
2019-10-16 00:00:00+08:00,CFFEX.IC1910,3
2019-10-17 00:00:00+08:00,CFFEX.IC1910,2
2019-10-18 00:00:00+08:00,CFFEX.IC1911,29
2019-10-21 00:00:00+08:00,CFFEX.IC1911,28
2019-10-22 00:00:00+08:00,CFFEX.IC1911,25
2019-10-23 00:00:00+08:00,CFFEX.IC1911,24
2019-10-24 00:00:00+08:00,CFFEX.IC1911,23
2019-10-25 00:00:00+08:00,CFFEX.IC1911,22
2019-10-28 00:00:00+08:00,CFFEX.IC1911,21
2019-10-29 00:00:00+08:00,CFFEX.IC1911,18
2019-10-30 00:00:00+08:00,CFFEX.IC1911,17
2019-10-31 00:00:00+08:00,CFFEX.IC1911,16
2019-11-01 00:00:00+08:00,CFFEX.IC1911,15
2019-11-04 00:00:00+08:00,CFFEX.IC1911,14
2019-11-05 00:00:00+08:00,CFFEX.IC1911,11
2019-11-06 00:00:00+08:00,CFFEX.IC1911,10
2019-11-07 00:00:00+08:00,CFFEX.IC1911,9
2019-11-08 00:00:00+08:00,CFFEX.IC1911,8
2019-11-11 00:00:00+08:00,CFFEX.IC1911,7
2019-11-12 00:00:00+08:00,CFFEX.IC1911,4
2019-11-13 00:00:00+08:00,CFFEX.IC1911,3
2019-11-14 00:00:00+08:00,CFFEX.IC1912,37
2019-11-15 00:00:00+08:00,CFFEX.IC1912,36
2019-11-18 00:00:00+08:00,CFFEX.IC1912,35
2019-11-19 00:00:00+08:00,CFFEX.IC1912,32
2019-11-20 00:00:00+08:00,CFFEX.IC1912,31
2019-11-21 00:00:00+08:00,CFFEX.IC1912,30
2019-11-22 00:00:00+08:00,CFFEX.IC1912,29
2019-11-25 00:00:00+08:00,CFFEX.IC1912,28
2019-11-26 00:00:00+08:00,CFFEX.IC1912,25
2019-11-27 00:00:00+08:00,CFFEX.IC1912,24
2019-11-28 00:00:00+08:00,CFFEX.IC1912,23
2019-11-29 00:00:00+08:00,CFFEX.IC1912,22
2019-12-02 00:00:00+08:00,CFFEX.IC1912,21
2019-12-03 00:00:00+08:00,CFFEX.IC1912,18
2019-12-04 00:00:00+08:00,CFFEX.IC1912,17
2019-12-05 00:00:00+08:00,CFFEX.IC1912,16
2019-12-06 00:00:00+08:00,CFFEX.IC1912,15
2019-12-09 00:00:00+08:00,CFFEX.IC1912,14
2019-12-10 00:00:00+08:00,CFFEX.IC1912,11
2019-12-11 00:00:00+08:00,CFFEX.IC1912,10
2019-12-12 00:00:00+08:00,CFFEX.IC1912,9
2019-12-13 00:00:00+08:00,CFFEX.IC1912,8
2019-12-16 00:00:00+08:00,CFFEX.IC1912,7
2019-12-17 00:00:00+08:00,CFFEX.IC1912,4
2019-12-18 00:00:00+08:00,CFFEX.IC1912,3
2019-12-19 00:00:00+08:00,CFFEX.IC2001,30
2019-12-20 00:00:00+08:00,CFFEX.IC2001,29
2019-12-23 00:00:00+08:00,CFFEX.IC2001,28
2019-12-24 00:00:00+08:00,CFFEX.IC2001,25
2019-12-25 00:00:00+08:00,CFFEX.IC2001,24
2019-12-26 00:00:00+08:00,CFFEX.IC2001,23
2019-12-27 00:00:00+08:00,CFFEX.IC2001,22
2019-12-30 00:00:00+08:00,CFFEX.IC2001,21
2019-12-31 00:00:00+08:00,CFFEX.IC2001,18
2020-01-02 00:00:00+08:00,CFFEX.IC2001,16
2020-01-03 00:00:00+08:00,CFFEX.IC2001,15
2020-01-06 00:00:00+08:00,CFFEX.IC2001,14
2020-01-07 00:00:00+08:00,CFFEX.IC2001,11
2020-01-08 00:00:00+08:00,CFFEX.IC2001,10
2020-01-09 00:00:00+08:00,CFFEX.IC2001,9
2020-01-10 00:00:00+08:00,CFFEX.IC2001,8
2020-01-13 00:00:00+08:00,CFFEX.IC2001,7
2020-01-14 00:00:00+08:00,CFFEX.IC2001,4
2020-01-15 00:00:00+08:00,CFFEX.IC2001,3
2020-01-16 00:00:00+08:00,CFFEX.IC2001,2
2020-01-17 00:00:00+08:00,CFFEX.IC2002,36
2020-01-20 00:00:00+08:00,CFFEX.IC2002,35
2020-01-21 00:00:00+08:00,CFFEX.IC2002,32
2020-01-22 00:00:00+08:00,CFFEX.IC2002,31
2020-01-23 00:00:00+08:00,CFFEX.IC2002,30
2020-02-03 00:00:00+08:00,CFFEX.IC2002,21
2020-02-04 00:00:00+08:00,CFFEX.IC2002,18
2020-02-05 00:00:00+08:00,CFFEX.IC2002,17
2020-02-06 00:00:00+08:00,CFFEX.IC2002,16
2020-02-07 00:00:00+08:00,CFFEX.IC2002,15
2020-02-10 00:00:00+08:00,CFFEX.IC2002,14
2020-02-11 00:00:00+08:00,CFFEX.IC2002,11
2020-02-12 00:00:00+08:00,CFFEX.IC2002,10
2020-02-13 00:00:00+08:00,CFFEX.IC2002,9
2020-02-14 00:00:00+08:00,CFFEX.IC2002,8
2020-02-17 00:00:00+08:00,CFFEX.IC2002,7
2020-02-18 00:00:00+08:00,CFFEX.IC2002,4
2020-02-19 00:00:00+08:00,CFFEX.IC2003,31
2020-02-20 00:00:00+08:00,CFFEX.IC2003,30
2020-02-21 00:00:00+08:00,CFFEX.IC2003,29
2020-02-24 00:00:00+08:00,CFFEX.IC2003,28
2020-02-25 00:00:00+08:00,CFFEX.IC2003,25
2020-02-26 00:00:00+08:00,CFFEX.IC2003,24
2020-02-27 00:00:00+08:00,CFFEX.IC2003,23
2020-02-28 00:00:00+08:00,CFFEX.IC2003,22
2020-03-02 00:00:00+08:00,CFFEX.IC2003,21
2020-03-03 00:00:00+08:00,CFFEX.IC2003,18
2020-03-04 00:00:00+08:00,CFFEX.IC2003,17
2020-03-05 00:00:00+08:00,CFFEX.IC2003,16
2020-03-06 00:00:00+08:00,CFFEX.IC2003,15
2020-03-09 00:00:00+08:00,CFFEX.IC2003,14
2020-03-10 00:00:00+08:00,CFFEX.IC2003,11
2020-03-11 00:00:00+08:00,CFFEX.IC2003,10
2020-03-12 00:00:00+08:00,CFFEX.IC2003,9
2020-03-13 00:00:00+08:00,CFFEX.IC2003,8
2020-03-16 00:00:00+08:00,CFFEX.IC2003,7
2020-03-17 00:00:00+08:00,CFFEX.IC2003,4
2020-03-18 00:00:00+08:00,CFFEX.IC2003,3
2020-03-19 00:00:00+08:00,CFFEX.IC2004,30
2020-03-20 00:00:00+08:00,CFFEX.IC2004,29
2020-03-23 00:00:00+08:00,CFFEX.IC2004,28
2020-03-24 00:00:00+08:00,CFFEX.IC2004,25
2020-03-25 00:00:00+08:00,CFFEX.IC2004,24
2020-03-26 00:00:00+08:00,CFFEX.IC2004,23
2020-03-27 00:00:00+08:00,CFFEX.IC2004,22
2020-03-30 00:00:00+08:00,CFFEX.IC2004,21
2020-03-31 00:00:00+08:00,CFFEX.IC2004,18
2020-04-01 00:00:00+08:00,CFFEX.IC2004,17
2020-04-02 00:00:00+08:00,CFFEX.IC2004,16
2020-04-03 00:00:00+08:00,CFFEX.IC2004,15
2020-04-07 00:00:00+08:00,CFFEX.IC2004,11
2020-04-08 00:00:00+08:00,CFFEX.IC2004,10
2020-04-09 00:00:00+08:00,CFFEX.IC2004,9
2020-04-10 00:00:00+08:00,CFFEX.IC2004,8
2020-04-13 00:00:00+08:00,CFFEX.IC2004,7
2020-04-14 00:00:00+08:00,CFFEX.IC2004,4
2020-04-15 00:00:00+08:00,CFFEX.IC2004,3
2020-04-16 00:00:00+08:00,CFFEX.IC2004,2
2020-04-17 00:00:00+08:00,CFFEX.IC2005,29
2020-04-20 00:00:00+08:00,CFFEX.IC2005,28
2020-04-21 00:00:00+08:00,CFFEX.IC2005,25
2020-04-22 00:00:00+08:00,CFFEX.IC2005,24
2020-04-23 00:00:00+08:00,CFFEX.IC2005,23
2020-04-24 00:00:00+08:00,CFFEX.IC2005,22
2020-04-27 00:00:00+08:00,CFFEX.IC2005,21
2020-04-28 00:00:00+08:00,CFFEX.IC2005,18
2020-04-29 00:00:00+08:00,CFFEX.IC2005,17
2020-04-30 00:00:00+08:00,CFFEX.IC2005,16
2020-05-06 00:00:00+08:00,CFFEX.IC2005,10
2020-05-07 00:00:00+08:00,CFFEX.IC2005,9
2020-05-08 00:00:00+08:00,CFFEX.IC2005,8
2020-05-11 00:00:00+08:00,CFFEX.IC2005,7
2020-05-12 00:00:00+08:00,CFFEX.IC2005,4
2020-05-13 00:00:00+08:00,CFFEX.IC2005,3
2020-05-14 00:00:00+08:00,CFFEX.IC2006,37
2020-05-15 00:00:00+08:00,CFFEX.IC2006,36
2020-05-18 00:00:00+08:00,CFFEX.IC2006,35
2020-05-19 00:00:00+08:00,CFFEX.IC2006,32
2020-05-20 00:00:00+08:00,CFFEX.IC2006,31
2020-05-21 00:00:00+08:00,CFFEX.IC2006,30
2020-05-22 00:00:00+08:00,CFFEX.IC2006,29
2020-05-25 00:00:00+08:00,CFFEX.IC2006,28
2020-05-26 00:00:00+08:00,CFFEX.IC2006,25
2020-05-27 00:00:00+08:00,CFFEX.IC2006,24
2020-05-28 00:00:00+08:00,CFFEX.IC2006,23
2020-05-29 00:00:00+08:00,CFFEX.IC2006,22
2020-06-01 00:00:00+08:00,CFFEX.IC2006,21
2020-06-02 00:00:00+08:00,CFFEX.IC2006,18
2020-06-03 00:00:00+08:00,CFFEX.IC2006,17
2020-06-04 00:00:00+08:00,CFFEX.IC2006,16
2020-06-05 00:00:00+08:00,CFFEX.IC2006,15
2020-06-08 00:00:00+08:00,CFFEX.IC2006,14
2020-06-09 00:00:00+08:00,CFFEX.IC2006,11
2020-06-10 00:00:00+08:00,CFFEX.IC2006,10
2020-06-11 00:00:00+08:00,CFFEX.IC2006,9
2020-06-12 00:00:00+08:00,CFFEX.IC2006,8
2020-06-15 00:00:00+08:00,CFFEX.IC2006,7
2020-06-16 00:00:00+08:00,CFFEX.IC2006,4
2020-06-17 00:00:00+08:00,CFFEX.IC2006,3
2020-06-18 00:00:00+08:00,CFFEX.IC2007,30
2020-06-19 00:00:00+08:00,CFFEX.IC2007,29
2020-06-22 00:00:00+08:00,CFFEX.IC2007,28
2020-06-23 00:00:00+08:00,CFFEX.IC2007,25
2020-06-24 00:00:00+08:00,CFFEX.IC2007,24
2020-06-29 00:00:00+08:00,CFFEX.IC2007,21
2020-06-30 00:00:00+08:00,CFFEX.IC2007,18
2020-07-01 00:00:00+08:00,CFFEX.IC2007,17
2020-07-02 00:00:00+08:00,CFFEX.IC2007,16
2020-07-03 00:00:00+08:00,CFFEX.IC2007,15
2020-07-06 00:00:00+08:00,CFFEX.IC2007,14
2020-07-07 00:00:00+08:00,CFFEX.IC2007,11
2020-07-08 00:00:00+08:00,CFFEX.IC2007,10
2020-07-09 00:00:00+08:00,CFFEX.IC2007,9
2020-07-10 00:00:00+08:00,CFFEX.IC2007,8
2020-07-13 00:00:00+08:00,CFFEX.IC2007,7
2020-07-14 00:00:00+08:00,CFFEX.IC2007,4
2020-07-15 00:00:00+08:00,CFFEX.IC2007,3
2020-07-16 00:00:00+08:00,CFFEX.IC2008,37
2020-07-17 00:00:00+08:00,CFFEX.IC2008,36
2020-07-20 00:00:00+08:00,CFFEX.IC2008,35
2020-07-21 00:00:00+08:00,CFFEX.IC2008,32
2020-07-22 00:00:00+08:00,CFFEX.IC2008,31
2020-07-23 00:00:00+08:00,CFFEX.IC2008,30
2020-07-24 00:00:00+08:00,CFFEX.IC2008,29
2020-07-27 00:00:00+08:00,CFFEX.IC2008,28
2020-07-28 00:00:00+08:00,CFFEX.IC2008,25
2020-07-29 00:00:00+08:00,CFFEX.IC2008,24
2020-07-30 00:00:00+08:00,CFFEX.IC2008,23
2020-07-31 00:00:00+08:00,CFFEX.IC2008,22
2020-08-03 00:00:00+08:00,CFFEX.IC2008,21
2020-08-04 00:00:00+08:00,CFFEX.IC2008,18
2020-08-05 00:00:00+08:00,CFFEX.IC2008,17
2020-08-06 00:00:00+08:00,CFFEX.IC2008,16
2020-08-07 00:00:00+08:00,CFFEX.IC2008,15
2020-08-10 00:00:00+08:00,CFFEX.IC2008,14
2020-08-11 00:00:00+08:00,CFFEX.IC2008,11
2020-08-12 00:00:00+08:00,CFFEX.IC2008,10
2020-08-13 00:00:00+08:00,CFFEX.IC2008,9
2020-08-14 00:00:00+08:00,CFFEX.IC2008,8
2020-08-17 00:00:00+08:00,CFFEX.IC2008,7
2020-08-18 00:00:00+08:00,CFFEX.IC2008,4
2020-08-19 00:00:00+08:00,CFFEX.IC2008,3
2020-08-20 00:00:00+08:00,CFFEX.IC2009,30
2020-08-21 00:00:00+08:00,CFFEX.IC2009,29
2020-08-24 00:00:00+08:00,CFFEX.IC2009,28
2020-08-25 00:00:00+08:00,CFFEX.IC2009,25
2020-08-26 00:00:00+08:00,CFFEX.IC2009,24
2020-08-27 00:00:00+08:00,CFFEX.IC2009,23
2020-08-28 00:00:00+08:00,CFFEX.IC2009,22
2020-08-31 00:00:00+08:00,CFFEX.IC2009,21
2020-09-01 00:00:00+08:00,CFFEX.IC2009,18
2020-09-02 00:00:00+08:00,CFFEX.IC2009,17
2020-09-03 00:00:00+08:00,CFFEX.IC2009,16
2020-09-04 00:00:00+08:00,CFFEX.IC2009,15
2020-09-07 00:00:00+08:00,CFFEX.IC2009,14
2020-09-08 00:00:00+08:00,CFFEX.IC2009,11
2020-09-09 00:00:00+08:00,CFFEX.IC2009,10
2020-09-10 00:00:00+08:00,CFFEX.IC2009,9
2020-09-11 00:00:00+08:00,CFFEX.IC2009,8
2020-09-14 00:00:00+08:00,CFFEX.IC2009,7
2020-09-15 00:00:00+08:00,CFFEX.IC2009,4
2020-09-16 00:00:00+08:00,CFFEX.IC2009,3
2020-09-17 00:00:00+08:00,CFFEX.IC2010,30
2020-09-18 00:00:00+08:00,CFFEX.IC2010,29
2020-09-21 00:00:00+08:00,CFFEX.IC2010,28
2020-09-22 00:00:00+08:00,CFFEX.IC2010,25
2020-09-23 00:00:00+08:00,CFFEX.IC2010,24
2020-09-24 00:00:00+08:00,CFFEX.IC2010,23
2020-09-25 00:00:00+08:00,CFFEX.IC2010,22
2020-09-28 00:00:00+08:00,CFFEX.IC2010,21
2020-09-29 00:00:00+08:00,CFFEX.IC2010,18
2020-09-30 00:00:00+08:00,CFFEX.IC2010,17
2020-10-09 00:00:00+08:00,CFFEX.IC2010,8
2020-10-12 00:00:00+08:00,CFFEX.IC2010,7
2020-10-13 00:00:00+08:00,CFFEX.IC2010,4
2020-10-14 00:00:00+08:00,CFFEX.IC2010,3
2020-10-15 00:00:00+08:00,CFFEX.IC2010,2
2020-10-16 00:00:00+08:00,CFFEX.IC2011,36
2020-10-19 00:00:00+08:00,CFFEX.IC2011,35
2020-10-20 00:00:00+08:00,CFFEX.IC2011,32
2020-10-21 00:00:00+08:00,CFFEX.IC2011,31
2020-10-22 00:00:00+08:00,CFFEX.IC2011,30
2020-10-23 00:00:00+08:00,CFFEX.IC2011,29
2020-10-26 00:00:00+08:00,CFFEX.IC2011,28
2020-10-27 00:00:00+08:00,CFFEX.IC2011,25
2020-10-28 00:00:00+08:00,CFFEX.IC2011,24
2020-10-29 00:00:00+08:00,CFFEX.IC2011,23
2020-10-30 00:00:00+08:00,CFFEX.IC2011,22
2020-11-02 00:00:00+08:00,CFFEX.IC2011,21
2020-11-03 00:00:00+08:00,CFFEX.IC2011,18
2020-11-04 00:00:00+08:00,CFFEX.IC2011,17
2020-11-05 00:00:00+08:00,CFFEX.IC2011,16
2020-11-06 00:00:00+08:00,CFFEX.IC2011,15
2020-11-09 00:00:00+08:00,CFFEX.IC2011,14
2020-11-10 00:00:00+08:00,CFFEX.IC2011,11
2020-11-11 00:00:00+08:00,CFFEX.IC2011,10
2020-11-12 00:00:00+08:00,CFFEX.IC2011,9
2020-11-13 00:00:00+08:00,CFFEX.IC2011,8
2020-11-16 00:00:00+08:00,CFFEX.IC2011,7
2020-11-17 00:00:00+08:00,CFFEX.IC2011,4
2020-11-18 00:00:00+08:00,CFFEX.IC2011,3
2020-11-19 00:00:00+08:00,CFFEX.IC2012,30
2020-11-20 00:00:00+08:00,CFFEX.IC2012,29
2020-11-23 00:00:00+08:00,CFFEX.IC2012,28
2020-11-24 00:00:00+08:00,CFFEX.IC2012,25
2020-11-25 00:00:00+08:00,CFFEX.IC2012,24
2020-11-26 00:00:00+08:00,CFFEX.IC2012,23
2020-11-27 00:00:00+08:00,CFFEX.IC2012,22
2020-11-30 00:00:00+08:00,CFFEX.IC2012,21
2020-12-01 00:00:00+08:00,CFFEX.IC2012,18
2020-12-02 00:00:00+08:00,CFFEX.IC2012,17
2020-12-03 00:00:00+08:00,CFFEX.IC2012,16
2020-12-04 00:00:00+08:00,CFFEX.IC2012,15
2020-12-07 00:00:00+08:00,CFFEX.IC2012,14
2020-12-08 00:00:00+08:00,CFFEX.IC2012,11
2020-12-09 00:00:00+08:00,CFFEX.IC2012,10
2020-12-10 00:00:00+08:00,CFFEX.IC2012,9
2020-12-11 00:00:00+08:00,CFFEX.IC2012,8
2020-12-14 00:00:00+08:00,CFFEX.IC2012,7
2020-12-15 00:00:00+08:00,CFFEX.IC2012,4
2020-12-16 00:00:00+08:00,CFFEX.IC2012,3
2020-12-17 00:00:00+08:00,CFFEX.IC2012,2
2020-12-18 00:00:00+08:00,CFFEX.IC2101,29
2020-12-21 00:00:00+08:00,CFFEX.IC2101,28
2020-12-22 00:00:00+08:00,CFFEX.IC2101,25
2020-12-23 00:00:00+08:00,CFFEX.IC2101,24
2020-12-24 00:00:00+08:00,CFFEX.IC2101,23
2020-12-25 00:00:00+08:00,CFFEX.IC2101,22
2020-12-28 00:00:00+08:00,CFFEX.IC2101,21
2020-12-29 00:00:00+08:00,CFFEX.IC2101,18
2020-12-30 00:00:00+08:00,CFFEX.IC2101,17
2020-12-31 00:00:00+08:00,CFFEX.IC2101,16
2021-01-04 00:00:00+08:00,CFFEX.IC2101,14
2021-01-05 00:00:00+08:00,CFFEX.IC2101,11
2021-01-06 00:00:00+08:00,CFFEX.IC2101,10
2021-01-07 00:00:00+08:00,CFFEX.IC2101,9
2021-01-08 00:00:00+08:00,CFFEX.IC2101,8
2021-01-11 00:00:00+08:00,CFFEX.IC2101,7
2021-01-12 00:00:00+08:00,CFFEX.IC2101,4
2021-01-13 00:00:00+08:00,CFFEX.IC2101,3
2021-01-14 00:00:00+08:00,CFFEX.IC2101,2
2021-01-15 00:00:00+08:00,CFFEX.IC2102,36
2021-01-18 00:00:00+08:00,CFFEX.IC2102,35
2021-01-19 00:00:00+08:00,CFFEX.IC2102,32
2021-01-20 00:00:00+08:00,CFFEX.IC2102,31
2021-01-21 00:00:00+08:00,CFFEX.IC2102,30
2021-01-22 00:00:00+08:00,CFFEX.IC2102,29
2021-01-25 00:00:00+08:00,CFFEX.IC2102,28
2021-01-26 00:00:00+08:00,CFFEX.IC2102,25
2021-01-27 00:00:00+08:00,CFFEX.IC2102,24
2021-01-28 00:00:00+08:00,CFFEX.IC2102,23
2021-01-29 00:00:00+08:00,CFFEX.IC2102,22
2021-02-01 00:00:00+08:00,CFFEX.IC2102,21
2021-02-02 00:00:00+08:00,CFFEX.IC2102,18
2021-02-03 00:00:00+08:00,CFFEX.IC2102,17
2021-02-04 00:00:00+08:00,CFFEX.IC2102,16
2021-02-05 00:00:00+08:00,CFFEX.IC2102,15
2021-02-08 00:00:00+08:00,CFFEX.IC2102,14
2021-02-09 00:00:00+08:00,CFFEX.IC2102,11
2021-02-10 00:00:00+08:00,CFFEX.IC2102,10
2021-02-18 00:00:00+08:00,CFFEX.IC2102,2
2021-02-19 00:00:00+08:00,CFFEX.IC2103,29
2021-02-22 00:00:00+08:00,CFFEX.IC2103,28
2021-02-23 00:00:00+08:00,CFFEX.IC2103,25
2021-02-24 00:00:00+08:00,CFFEX.IC2103,24
2021-02-25 00:00:00+08:00,CFFEX.IC2103,23
2021-02-26 00:00:00+08:00,CFFEX.IC2103,22
2021-03-01 00:00:00+08:00,CFFEX.IC2103,21
2021-03-02 00:00:00+08:00,CFFEX.IC2103,18
2021-03-03 00:00:00+08:00,CFFEX.IC2103,17
2021-03-04 00:00:00+08:00,CFFEX.IC2103,16
2021-03-05 00:00:00+08:00,CFFEX.IC2103,15
2021-03-08 00:00:00+08:00,CFFEX.IC2103,14
2021-03-09 00:00:00+08:00,CFFEX.IC2103,11
2021-03-10 00:00:00+08:00,CFFEX.IC2103,10
2021-03-11 00:00:00+08:00,CFFEX.IC2103,9
2021-03-12 00:00:00+08:00,CFFEX.IC2103,8
2021-03-15 00:00:00+08:00,CFFEX.IC2103,7
2021-03-16 00:00:00+08:00,CFFEX.IC2103,4
2021-03-17 00:00:00+08:00,CFFEX.IC2103,3
2021-03-18 00:00:00+08:00,CFFEX.IC2103,2
2021-03-19 00:00:00+08:00,CFFEX.IC2104,29
2021-03-22 00:00:00+08:00,CFFEX.IC2104,28
2021-03-23 00:00:00+08:00,CFFEX.IC2104,25
2021-03-24 00:00:00+08:00,CFFEX.IC2104,24
2021-03-25 00:00:00+08:00,CFFEX.IC2104,23
2021-03-26 00:00:00+08:00,CFFEX.IC2104,22
2021-03-29 00:00:00+08:00,CFFEX.IC2104,21
2021-03-30 00:00:00+08:00,CFFEX.IC2104,18
2021-03-31 00:00:00+08:00,CFFEX.IC2104,17
2021-04-01 00:00:00+08:00,CFFEX.IC2104,16
2021-04-02 00:00:00+08:00,CFFEX.IC2104,15
2021-04-06 00:00:00+08:00,CFFEX.IC2104,11
2021-04-07 00:00:00+08:00,CFFEX.IC2104,10
2021-04-08 00:00:00+08:00,CFFEX.IC2104,9
2021-04-09 00:00:00+08:00,CFFEX.IC2104,8
2021-04-12 00:00:00+08:00,CFFEX.IC2104,7
2021-04-13 00:00:00+08:00,CFFEX.IC2104,4
2021-04-14 00:00:00+08:00,CFFEX.IC2104,3
2021-04-15 00:00:00+08:00,CFFEX.IC2105,37
2021-04-16 00:00:00+08:00,CFFEX.IC2105,36
2021-04-19 00:00:00+08:00,CFFEX.IC2105,35
2021-04-20 00:00:00+08:00,CFFEX.IC2105,32
2021-04-21 00:00:00+08:00,CFFEX.IC2105,31
2021-04-22 00:00:00+08:00,CFFEX.IC2105,30
2021-04-23 00:00:00+08:00,CFFEX.IC2105,29
2021-04-26 00:00:00+08:00,CFFEX.IC2105,28
2021-04-27 00:00:00+08:00,CFFEX.IC2105,25
2021-04-28 00:00:00+08:00,CFFEX.IC2105,24
2021-04-29 00:00:00+08:00,CFFEX.IC2105,23
2021-04-30 00:00:00+08:00,CFFEX.IC2105,22
2021-05-06 00:00:00+08:00,CFFEX.IC2105,16
2021-05-07 00:00:00+08:00,CFFEX.IC2105,15
2021-05-10 00:00:00+08:00,CFFEX.IC2105,14
2021-05-11 00:00:00+08:00,CFFEX.IC2105,11
2021-05-12 00:00:00+08:00,CFFEX.IC2105,10
2021-05-13 00:00:00+08:00,CFFEX.IC2105,9
2021-05-14 00:00:00+08:00,CFFEX.IC2105,8
2021-05-17 00:00:00+08:00,CFFEX.IC2105,7
2021-05-18 00:00:00+08:00,CFFEX.IC2105,4
2021-05-19 00:00:00+08:00,CFFEX.IC2105,3
2021-05-20 00:00:00+08:00,CFFEX.IC2106,30
2021-05-21 00:00:00+08:00,CFFEX.IC2106,29
2021-05-24 00:00:00+08:00,CFFEX.IC2106,28
2021-05-25 00:00:00+08:00,CFFEX.IC2106,25
2021-05-26 00:00:00+08:00,CFFEX.IC2106,24
2021-05-27 00:00:00+08:00,CFFEX.IC2106,23
2021-05-28 00:00:00+08:00,CFFEX.IC2106,22
2021-05-31 00:00:00+08:00,CFFEX.IC2106,21
2021-06-01 00:00:00+08:00,CFFEX.IC2106,18
2021-06-02 00:00:00+08:00,CFFEX.IC2106,17
2021-06-03 00:00:00+08:00,CFFEX.IC2106,16
2021-06-04 00:00:00+08:00,CFFEX.IC2106,15
2021-06-07 00:00:00+08:00,CFFEX.IC2106,14
2021-06-08 00:00:00+08:00,CFFEX.IC2106,11
2021-06-09 00:00:00+08:00,CFFEX.IC2106,10
2021-06-10 00:00:00+08:00,CFFEX.IC2106,9
2021-06-11 00:00:00+08:00,CFFEX.IC2106,8
2021-06-15 00:00:00+08:00,CFFEX.IC2106,4
2021-06-16 00:00:00+08:00,CFFEX.IC2106,3
2021-06-17 00:00:00+08:00,CFFEX.IC2107,30
2021-06-18 00:00:00+08:00,CFFEX.IC2107,29
2021-06-21 00:00:00+08:00,CFFEX.IC2107,28
2021-06-22 00:00:00+08:00,CFFEX.IC2107,25
2021-06-23 00:00:00+08:00,CFFEX.IC2107,24
2021-06-24 00:00:00+08:00,CFFEX.IC2107,23
2021-06-25 00:00:00+08:00,CFFEX.IC2107,22
2021-06-28 00:00:00+08:00,CFFEX.IC2107,21
2021-06-29 00:00:00+08:00,CFFEX.IC2107,18
2021-06-30 00:00:00+08:00,CFFEX.IC2107,17
2021-07-01 00:00:00+08:00,CFFEX.IC2107,16
2021-07-02 00:00:00+08:00,CFFEX.IC2107,15
2021-07-05 00:00:00+08:00,CFFEX.IC2107,14
2021-07-06 00:00:00+08:00,CFFEX.IC2107,11
2021-07-07 00:00:00+08:00,CFFEX.IC2107,10
2021-07-08 00:00:00+08:00,CFFEX.IC2107,9
2021-07-09 00:00:00+08:00,CFFEX.IC2107,8
2021-07-12 00:00:00+08:00,CFFEX.IC2107,7
2021-07-13 00:00:00+08:00,CFFEX.IC2107,4
2021-07-14 00:00:00+08:00,CFFEX.IC2107,3
2021-07-15 00:00:00+08:00,CFFEX.IC2108,37
2021-07-16 00:00:00+08:00,CFFEX.IC2108,36
2021-07-19 00:00:00+08:00,CFFEX.IC2108,35
2021-07-20 00:00:00+08:00,CFFEX.IC2108,32
2021-07-21 00:00:00+08:00,CFFEX.IC2108,31
2021-07-22 00:00:00+08:00,CFFEX.IC2108,30
2021-07-23 00:00:00+08:00,CFFEX.IC2108,29
2021-07-26 00:00:00+08:00,CFFEX.IC2108,28
2021-07-27 00:00:00+08:00,CFFEX.IC2108,25
2021-07-28 00:00:00+08:00,CFFEX.IC2108,24
2021-07-29 00:00:00+08:00,CFFEX.IC2108,23
2021-07-30 00:00:00+08:00,CFFEX.IC2108,22
2021-08-02 00:00:00+08:00,CFFEX.IC2108,21
2021-08-03 00:00:00+08:00,CFFEX.IC2108,18
2021-08-04 00:00:00+08:00,CFFEX.IC2108,17
2021-08-05 00:00:00+08:00,CFFEX.IC2108,16
2021-08-06 00:00:00+08:00,CFFEX.IC2108,15
2021-08-09 00:00:00+08:00,CFFEX.IC2108,14
2021-08-10 00:00:00+08:00,CFFEX.IC2108,11
2021-08-11 00:00:00+08:00,CFFEX.IC2108,10
2021-08-12 00:00:00+08:00,CFFEX.IC2108,9
2021-08-13 00:00:00+08:00,CFFEX.IC2108,8
2021-08-16 00:00:00+08:00,CFFEX.IC2108,7
2021-08-17 00:00:00+08:00,CFFEX.IC2108,4
2021-08-18 00:00:00+08:00,CFFEX.IC2108,3
2021-08-19 00:00:00+08:00,CFFEX.IC2109,30
2021-08-20 00:00:00+08:00,CFFEX.IC2109,29
2021-08-23 00:00:00+08:00,CFFEX.IC2109,28
2021-08-24 00:00:00+08:00,CFFEX.IC2109,25
2021-08-25 00:00:00+08:00,CFFEX.IC2109,24
2021-08-26 00:00:00+08:00,CFFEX.IC2109,23
2021-08-27 00:00:00+08:00,CFFEX.IC2109,22
2021-08-30 00:00:00+08:00,CFFEX.IC2109,21
2021-08-31 00:00:00+08:00,CFFEX.IC2109,18
2021-09-01 00:00:00+08:00,CFFEX.IC2109,17
2021-09-02 00:00:00+08:00,CFFEX.IC2109,16
2021-09-03 00:00:00+08:00,CFFEX.IC2109,15
2021-09-06 00:00:00+08:00,CFFEX.IC2109,14
2021-09-07 00:00:00+08:00,CFFEX.IC2109,11
2021-09-08 00:00:00+08:00,CFFEX.IC2109,10
2021-09-09 00:00:00+08:00,CFFEX.IC2109,9
2021-09-10 00:00:00+08:00,CFFEX.IC2109,8
2021-09-13 00:00:00+08:00,CFFEX.IC2109,7
2021-09-14 00:00:00+08:00,CFFEX.IC2109,4
2021-09-15 00:00:00+08:00,CFFEX.IC2109,3
2021-09-16 00:00:00+08:00,CFFEX.IC2110,30
2021-09-17 00:00:00+08:00,CFFEX.IC2110,29
2021-09-22 00:00:00+08:00,CFFEX.IC2110,24
2021-09-23 00:00:00+08:00,CFFEX.IC2110,23
2021-09-24 00:00:00+08:00,CFFEX.IC2110,22
2021-09-27 00:00:00+08:00,CFFEX.IC2110,21
2021-09-28 00:00:00+08:00,CFFEX.IC2110,18
2021-09-29 00:00:00+08:00,CFFEX.IC2110,17
2021-09-30 00:00:00+08:00,CFFEX.IC2110,16
2021-10-08 00:00:00+08:00,CFFEX.IC2110,8
2021-10-11 00:00:00+08:00,CFFEX.IC2110,7
2021-10-12 00:00:00+08:00,CFFEX.IC2110,4
2021-10-13 00:00:00+08:00,CFFEX.IC2110,3
2021-10-14 00:00:00+08:00,CFFEX.IC2111,37
2021-10-15 00:00:00+08:00,CFFEX.IC2111,36
2021-10-18 00:00:00+08:00,CFFEX.IC2111,35
2021-10-19 00:00:00+08:00,CFFEX.IC2111,32
2021-10-20 00:00:00+08:00,CFFEX.IC2111,31
2021-10-21 00:00:00+08:00,CFFEX.IC2111,30
2021-10-22 00:00:00+08:00,CFFEX.IC2111,29
2021-10-25 00:00:00+08:00,CFFEX.IC2111,28
2021-10-26 00:00:00+08:00,CFFEX.IC2111,25
2021-10-27 00:00:00+08:00,CFFEX.IC2111,24
2021-10-28 00:00:00+08:00,CFFEX.IC2111,23
2021-10-29 00:00:00+08:00,CFFEX.IC2111,22
2021-11-01 00:00:00+08:00,CFFEX.IC2111,21
2021-11-02 00:00:00+08:00,CFFEX.IC2111,18
2021-11-03 00:00:00+08:00,CFFEX.IC2111,17
2021-11-04 00:00:00+08:00,CFFEX.IC2111,16
2021-11-05 00:00:00+08:00,CFFEX.IC2111,15
2021-11-08 00:00:00+08:00,CFFEX.IC2111,14
2021-11-09 00:00:00+08:00,CFFEX.IC2111,11
2021-11-10 00:00:00+08:00,CFFEX.IC2111,10
2021-11-11 00:00:00+08:00,CFFEX.IC2111,9
2021-11-12 00:00:00+08:00,CFFEX.IC2111,8
2021-11-15 00:00:00+08:00,CFFEX.IC2111,7
2021-11-16 00:00:00+08:00,CFFEX.IC2111,4
2021-11-17 00:00:00+08:00,CFFEX.IC2111,3
2021-11-18 00:00:00+08:00,CFFEX.IC2112,30
2021-11-19 00:00:00+08:00,CFFEX.IC2112,29
2021-11-22 00:00:00+08:00,CFFEX.IC2112,28
2021-11-23 00:00:00+08:00,CFFEX.IC2112,25
2021-11-24 00:00:00+08:00,CFFEX.IC2112,24
2021-11-25 00:00:00+08:00,CFFEX.IC2112,23
2021-11-26 00:00:00+08:00,CFFEX.IC2112,22
2021-11-29 00:00:00+08:00,CFFEX.IC2112,21
2021-11-30 00:00:00+08:00,CFFEX.IC2112,18
2021-12-01 00:00:00+08:00,CFFEX.IC2112,17
2021-12-02 00:00:00+08:00,CFFEX.IC2112,16
2021-12-03 00:00:00+08:00,CFFEX.IC2112,15
2021-12-06 00:00:00+08:00,CFFEX.IC2112,14
2021-12-07 00:00:00+08:00,CFFEX.IC2112,11
2021-12-08 00:00:00+08:00,CFFEX.IC2112,10
2021-12-09 00:00:00+08:00,CFFEX.IC2112,9
2021-12-10 00:00:00+08:00,CFFEX.IC2112,8
2021-12-13 00:00:00+08:00,CFFEX.IC2112,7
2021-12-14 00:00:00+08:00,CFFEX.IC2112,4
2021-12-15 00:00:00+08:00,CFFEX.IC2112,3
2021-12-16 00:00:00+08:00,CFFEX.IC2201,37
2021-12-17 00:00:00+08:00,CFFEX.IC2201,36
2021-12-20 00:00:00+08:00,CFFEX.IC2201,35
2021-12-21 00:00:00+08:00,CFFEX.IC2201,32
2021-12-22 00:00:00+08:00,CFFEX.IC2201,31
2021-12-23 00:00:00+08:00,CFFEX.IC2201,30
2021-12-24 00:00:00+08:00,CFFEX.IC2201,29
2021-12-27 00:00:00+08:00,CFFEX.IC2201,28
2021-12-28 00:00:00+08:00,CFFEX.IC2201,25
2021-12-29 00:00:00+08:00,CFFEX.IC2201,24
2021-12-30 00:00:00+08:00,CFFEX.IC2201,23
2021-12-31 00:00:00+08:00,CFFEX.IC2201,22
2022-01-04 00:00:00+08:00,CFFEX.IC2201,18
2022-01-05 00:00:00+08:00,CFFEX.IC2201,17
2022-01-06 00:00:00+08:00,CFFEX.IC2201,16
2022-01-07 00:00:00+08:00,CFFEX.IC2201,15
2022-01-10 00:00:00+08:00,CFFEX.IC2201,14
2022-01-11 00:00:00+08:00,CFFEX.IC2201,11
2022-01-12 00:00:00+08:00,CFFEX.IC2201,10
2022-01-13 00:00:00+08:00,CFFEX.IC2201,9
2022-01-14 00:00:00+08:00,CFFEX.IC2201,8
2022-01-17 00:00:00+08:00,CFFEX.IC2201,7
2022-01-18 00:00:00+08:00,CFFEX.IC2201,4
2022-01-19 00:00:00+08:00,CFFEX.IC2201,3
2022-01-20 00:00:00+08:00,CFFEX.IC2202,30
2022-01-21 00:00:00+08:00,CFFEX.IC2202,29
2022-01-24 00:00:00+08:00,CFFEX.IC2202,28
2022-01-25 00:00:00+08:00,CFFEX.IC2202,25
2022-01-26 00:00:00+08:00,CFFEX.IC2202,24
2022-01-27 00:00:00+08:00,CFFEX.IC2202,23
2022-01-28 00:00:00+08:00,CFFEX.IC2202,22
2022-02-07 00:00:00+08:00,CFFEX.IC2202,14
2022-02-08 00:00:00+08:00,CFFEX.IC2202,11
2022-02-09 00:00:00+08:00,CFFEX.IC2202,10
2022-02-10 00:00:00+08:00,CFFEX.IC2202,9
2022-02-11 00:00:00+08:00,CFFEX.IC2202,8
2022-02-14 00:00:00+08:00,CFFEX.IC2202,7
2022-02-15 00:00:00+08:00,CFFEX.IC2202,4
2022-02-16 00:00:00+08:00,CFFEX.IC2202,3
2022-02-17 00:00:00+08:00,CFFEX.IC2203,30
2022-02-18 00:00:00+08:00,CFFEX.IC2203,29
2022-02-21 00:00:00+08:00,CFFEX.IC2203,28
2022-02-22 00:00:00+08:00,CFFEX.IC2203,25
2022-02-23 00:00:00+08:00,CFFEX.IC2203,24
2022-02-24 00:00:00+08:00,CFFEX.IC2203,23
2022-02-25 00:00:00+08:00,CFFEX.IC2203,22
2022-02-28 00:00:00+08:00,CFFEX.IC2203,21
2022-03-01 00:00:00+08:00,CFFEX.IC2203,18
2022-03-02 00:00:00+08:00,CFFEX.IC2203,17
2022-03-03 00:00:00+08:00,CFFEX.IC2203,16
2022-03-04 00:00:00+08:00,CFFEX.IC2203,15
2022-03-07 00:00:00+08:00,CFFEX.IC2203,14
2022-03-08 00:00:00+08:00,CFFEX.IC2203,11
2022-03-09 00:00:00+08:00,CFFEX.IC2203,10
2022-03-10 00:00:00+08:00,CFFEX.IC2203,9
2022-03-11 00:00:00+08:00,CFFEX.IC2203,8
2022-03-14 00:00:00+08:00,CFFEX.IC2203,7
2022-03-15 00:00:00+08:00,CFFEX.IC2203,4
2022-03-16 00:00:00+08:00,CFFEX.IC2203,3
2022-03-17 00:00:00+08:00,CFFEX.IC2204,30
2022-03-18 00:00:00+08:00,CFFEX.IC2204,29
2022-03-21 00:00:00+08:00,CFFEX.IC2204,28
2022-03-22 00:00:00+08:00,CFFEX.IC2204,25
2022-03-23 00:00:00+08:00,CFFEX.IC2204,24
2022-03-24 00:00:00+08:00,CFFEX.IC2204,23
2022-03-25 00:00:00+08:00,CFFEX.IC2204,22
2022-03-28 00:00:00+08:00,CFFEX.IC2204,21
2022-03-29 00:00:00+08:00,CFFEX.IC2204,18
2022-03-30 00:00:00+08:00,CFFEX.IC2204,17
2022-03-31 00:00:00+08:00,CFFEX.IC2204,16
2022-04-01 00:00:00+08:00,CFFEX.IC2204,15
2022-04-06 00:00:00+08:00,CFFEX.IC2204,10
2022-04-07 00:00:00+08:00,CFFEX.IC2204,9
2022-04-08 00:00:00+08:00,CFFEX.IC2204,8
2022-04-11 00:00:00+08:00,CFFEX.IC2204,7
2022-04-12 00:00:00+08:00,CFFEX.IC2204,4
2022-04-13 00:00:00+08:00,CFFEX.IC2204,3
2022-04-14 00:00:00+08:00,CFFEX.IC2205,37
2022-04-15 00:00:00+08:00,CFFEX.IC2205,36
2022-04-18 00:00:00+08:00,CFFEX.IC2205,35
2022-04-19 00:00:00+08:00,CFFEX.IC2205,32
2022-04-20 00:00:00+08:00,CFFEX.IC2205,31
2022-04-21 00:00:00+08:00,CFFEX.IC2205,30
2022-04-22 00:00:00+08:00,CFFEX.IC2205,29
2022-04-25 00:00:00+08:00,CFFEX.IC2205,28
2022-04-26 00:00:00+08:00,CFFEX.IC2205,25
2022-04-27 00:00:00+08:00,CFFEX.IC2205,24
2022-04-28 00:00:00+08:00,CFFEX.IC2205,23
2022-04-29 00:00:00+08:00,CFFEX.IC2205,22
2022-05-05 00:00:00+08:00,CFFEX.IC2205,16
2022-05-06 00:00:00+08:00,CFFEX.IC2205,15
2022-05-09 00:00:00+08:00,CFFEX.IC2205,14
2022-05-10 00:00:00+08:00,CFFEX.IC2205,11
2022-05-11 00:00:00+08:00,CFFEX.IC2205,10
2022-05-12 00:00:00+08:00,CFFEX.IC2205,9
2022-05-13 00:00:00+08:00,CFFEX.IC2205,8
2022-05-16 00:00:00+08:00,CFFEX.IC2205,7
2022-05-17 00:00:00+08:00,CFFEX.IC2205,4
2022-05-18 00:00:00+08:00,CFFEX.IC2205,3
2022-05-19 00:00:00+08:00,CFFEX.IC2206,30
2022-05-20 00:00:00+08:00,CFFEX.IC2206,29
2022-05-23 00:00:00+08:00,CFFEX.IC2206,28
2022-05-24 00:00:00+08:00,CFFEX.IC2206,25
2022-05-25 00:00:00+08:00,CFFEX.IC2206,24
2022-05-26 00:00:00+08:00,CFFEX.IC2206,23
2022-05-27 00:00:00+08:00,CFFEX.IC2206,22
2022-05-30 00:00:00+08:00,CFFEX.IC2206,21
2022-05-31 00:00:00+08:00,CFFEX.IC2206,18
2022-06-01 00:00:00+08:00,CFFEX.IC2206,17
2022-06-02 00:00:00+08:00,CFFEX.IC2206,16
2022-06-06 00:00:00+08:00,CFFEX.IC2206,14
2022-06-07 00:00:00+08:00,CFFEX.IC2206,11
2022-06-08 00:00:00+08:00,CFFEX.IC2206,10
2022-06-09 00:00:00+08:00,CFFEX.IC2206,9
2022-06-10 00:00:00+08:00,CFFEX.IC2206,8
2022-06-13 00:00:00+08:00,CFFEX.IC2206,7
2022-06-14 00:00:00+08:00,CFFEX.IC2206,4
2022-06-15 00:00:00+08:00,CFFEX.IC2206,3
2022-06-16 00:00:00+08:00,CFFEX.IC2207,30
2022-06-17 00:00:00+08:00,CFFEX.IC2207,29
2022-06-20 00:00:00+08:00,CFFEX.IC2207,28
2022-06-21 00:00:00+08:00,CFFEX.IC2207,25
2022-06-22 00:00:00+08:00,CFFEX.IC2207,24
2022-06-23 00:00:00+08:00,CFFEX.IC2207,23
2022-06-24 00:00:00+08:00,CFFEX.IC2207,22
2022-06-27 00:00:00+08:00,CFFEX.IC2207,21
2022-06-28 00:00:00+08:00,CFFEX.IC2207,18
2022-06-29 00:00:00+08:00,CFFEX.IC2207,17
2022-06-30 00:00:00+08:00,CFFEX.IC2207,16
2022-07-01 00:00:00+08:00,CFFEX.IC2207,15
2022-07-04 00:00:00+08:00,CFFEX.IC2207,14
2022-07-05 00:00:00+08:00,CFFEX.IC2207,11
2022-07-06 00:00:00+08:00,CFFEX.IC2207,10
2022-07-07 00:00:00+08:00,CFFEX.IC2207,9
2022-07-08 00:00:00+08:00,CFFEX.IC2207,8
2022-07-11 00:00:00+08:00,CFFEX.IC2207,7
2022-07-12 00:00:00+08:00,CFFEX.IC2207,4
2022-07-13 00:00:00+08:00,CFFEX.IC2207,3
2022-07-14 00:00:00+08:00,CFFEX.IC2208,37
2022-07-15 00:00:00+08:00,CFFEX.IC2208,36
2022-07-18 00:00:00+08:00,CFFEX.IC2208,35
2022-07-19 00:00:00+08:00,CFFEX.IC2208,32
2022-07-20 00:00:00+08:00,CFFEX.IC2208,31
2022-07-21 00:00:00+08:00,CFFEX.IC2208,30
2022-07-22 00:00:00+08:00,CFFEX.IC2208,29
2022-07-25 00:00:00+08:00,CFFEX.IC2208,28
2022-07-26 00:00:00+08:00,CFFEX.IC2208,25
2022-07-27 00:00:00+08:00,CFFEX.IC2208,24
2022-07-28 00:00:00+08:00,CFFEX.IC2208,23
2022-07-29 00:00:00+08:00,CFFEX.IC2208,22
2022-08-01 00:00:00+08:00,CFFEX.IC2208,21
2022-08-02 00:00:00+08:00,CFFEX.IC2208,18
2022-08-03 00:00:00+08:00,CFFEX.IC2208,17
2022-08-04 00:00:00+08:00,CFFEX.IC2208,16
2022-08-05 00:00:00+08:00,CFFEX.IC2208,15
2022-08-08 00:00:00+08:00,CFFEX.IC2208,14
2022-08-09 00:00:00+08:00,CFFEX.IC2208,11
2022-08-10 00:00:00+08:00,CFFEX.IC2208,10
2022-08-11 00:00:00+08:00,CFFEX.IC2208,9
2022-08-12 00:00:00+08:00,CFFEX.IC2208,8
2022-08-15 00:00:00+08:00,CFFEX.IC2208,7
2022-08-16 00:00:00+08:00,CFFEX.IC2208,4
2022-08-17 00:00:00+08:00,CFFEX.IC2208,3
2022-08-18 00:00:00+08:00,CFFEX.IC2209,30
2022-08-19 00:00:00+08:00,CFFEX.IC2209,29
2022-08-22 00:00:00+08:00,CFFEX.IC2209,28
2022-08-23 00:00:00+08:00,CFFEX.IC2209,25
2022-08-24 00:00:00+08:00,CFFEX.IC2209,24
2022-08-25 00:00:00+08:00,CFFEX.IC2209,23
2022-08-26 00:00:00+08:00,CFFEX.IC2209,22
2022-08-29 00:00:00+08:00,CFFEX.IC2209,21
2022-08-30 00:00:00+08:00,CFFEX.IC2209,18
2022-08-31 00:00:00+08:00,CFFEX.IC2209,17
2022-09-01 00:00:00+08:00,CFFEX.IC2209,16
2022-09-02 00:00:00+08:00,CFFEX.IC2209,15
2022-09-05 00:00:00+08:00,CFFEX.IC2209,14
2022-09-06 00:00:00+08:00,CFFEX.IC2209,11
2022-09-07 00:00:00+08:00,CFFEX.IC2209,10
2022-09-08 00:00:00+08:00,CFFEX.IC2209,9
2022-09-09 00:00:00+08:00,CFFEX.IC2209,8
2022-09-13 00:00:00+08:00,CFFEX.IC2209,4
2022-09-14 00:00:00+08:00,CFFEX.IC2209,3
2022-09-15 00:00:00+08:00,CFFEX.IC2210,37
2022-09-16 00:00:00+08:00,CFFEX.IC2210,36
2022-09-19 00:00:00+08:00,CFFEX.IC2210,35
2022-09-20 00:00:00+08:00,CFFEX.IC2210,32
2022-09-21 00:00:00+08:00,CFFEX.IC2210,31
2022-09-22 00:00:00+08:00,CFFEX.IC2210,30
2022-09-23 00:00:00+08:00,CFFEX.IC2210,29
2022-09-26 00:00:00+08:00,CFFEX.IC2210,28
2022-09-27 00:00:00+08:00,CFFEX.IC2210,25
2022-09-28 00:00:00+08:00,CFFEX.IC2210,24
2022-09-29 00:00:00+08:00,CFFEX.IC2210,23
2022-09-30 00:00:00+08:00,CFFEX.IC2210,22
2022-10-10 00:00:00+08:00,CFFEX.IC2210,14
2022-10-11 00:00:00+08:00,CFFEX.IC2210,11
2022-10-12 00:00:00+08:00,CFFEX.IC2210,10
2022-10-13 00:00:00+08:00,CFFEX.IC2210,9
2022-10-14 00:00:00+08:00,CFFEX.IC2210,8
2022-10-17 00:00:00+08:00,CFFEX.IC2210,7
2022-10-18 00:00:00+08:00,CFFEX.IC2210,4
2022-10-19 00:00:00+08:00,CFFEX.IC2210,3
2022-10-20 00:00:00+08:00,CFFEX.IC2211,30
2022-10-21 00:00:00+08:00,CFFEX.IC2211,29
2022-10-24 00:00:00+08:00,CFFEX.IC2211,28
2022-10-25 00:00:00+08:00,CFFEX.IC2211,25
2022-10-26 00:00:00+08:00,CFFEX.IC2211,24
2022-10-27 00:00:00+08:00,CFFEX.IC2211,23
2022-10-28 00:00:00+08:00,CFFEX.IC2211,22
2022-10-31 00:00:00+08:00,CFFEX.IC2211,21
2022-11-01 00:00:00+08:00,CFFEX.IC2211,18
2022-11-02 00:00:00+08:00,CFFEX.IC2211,17
2022-11-03 00:00:00+08:00,CFFEX.IC2211,16
2022-11-04 00:00:00+08:00,CFFEX.IC2211,15
2022-11-07 00:00:00+08:00,CFFEX.IC2211,14
2022-11-08 00:00:00+08:00,CFFEX.IC2211,11
2022-11-09 00:00:00+08:00,CFFEX.IC2211,10
2022-11-10 00:00:00+08:00,CFFEX.IC2211,9
2022-11-11 00:00:00+08:00,CFFEX.IC2211,8
2022-11-14 00:00:00+08:00,CFFEX.IC2211,7
2022-11-15 00:00:00+08:00,CFFEX.IC2211,4
2022-11-16 00:00:00+08:00,CFFEX.IC2211,3
2022-11-17 00:00:00+08:00,CFFEX.IC2212,30
2022-11-18 00:00:00+08:00,CFFEX.IC2212,29
2022-11-21 00:00:00+08:00,CFFEX.IC2212,28
2022-11-22 00:00:00+08:00,CFFEX.IC2212,25
2022-11-23 00:00:00+08:00,CFFEX.IC2212,24
2022-11-24 00:00:00+08:00,CFFEX.IC2212,23
2022-11-25 00:00:00+08:00,CFFEX.IC2212,22
2022-11-28 00:00:00+08:00,CFFEX.IC2212,21
2022-11-29 00:00:00+08:00,CFFEX.IC2212,18
2022-11-30 00:00:00+08:00,CFFEX.IC2212,17
2022-12-01 00:00:00+08:00,CFFEX.IC2212,16
2022-12-02 00:00:00+08:00,CFFEX.IC2212,15
2022-12-05 00:00:00+08:00,CFFEX.IC2212,14
2022-12-06 00:00:00+08:00,CFFEX.IC2212,11
2022-12-07 00:00:00+08:00,CFFEX.IC2212,10
2022-12-08 00:00:00+08:00,CFFEX.IC2212,9
2022-12-09 00:00:00+08:00,CFFEX.IC2212,8
2022-12-12 00:00:00+08:00,CFFEX.IC2212,7
2022-12-13 00:00:00+08:00,CFFEX.IC2212,4
2022-12-14 00:00:00+08:00,CFFEX.IC2212,3
2022-12-15 00:00:00+08:00,CFFEX.IC2301,37
2022-12-16 00:00:00+08:00,CFFEX.IC2301,36
2022-12-19 00:00:00+08:00,CFFEX.IC2301,35
2022-12-20 00:00:00+08:00,CFFEX.IC2301,32
2022-12-21 00:00:00+08:00,CFFEX.IC2301,31
2022-12-22 00:00:00+08:00,CFFEX.IC2301,30
2022-12-23 00:00:00+08:00,CFFEX.IC2301,29
2022-12-26 00:00:00+08:00,CFFEX.IC2301,28
2022-12-27 00:00:00+08:00,CFFEX.IC2301,25
2022-12-28 00:00:00+08:00,CFFEX.IC2301,24
2022-12-29 00:00:00+08:00,CFFEX.IC2301,23
2022-12-30 00:00:00+08:00,CFFEX.IC2301,22
2023-01-03 00:00:00+08:00,CFFEX.IC2301,18
2023-01-04 00:00:00+08:00,CFFEX.IC2301,17
2023-01-05 00:00:00+08:00,CFFEX.IC2301,16
2023-01-06 00:00:00+08:00,CFFEX.IC2301,15
2023-01-09 00:00:00+08:00,CFFEX.IC2301,14
2023-01-10 00:00:00+08:00,CFFEX.IC2301,11
2023-01-11 00:00:00+08:00,CFFEX.IC2301,10
2023-01-12 00:00:00+08:00,CFFEX.IC2301,9
2023-01-13 00:00:00+08:00,CFFEX.IC2301,8
2023-01-16 00:00:00+08:00,CFFEX.IC2301,7
2023-01-17 00:00:00+08:00,CFFEX.IC2301,4
2023-01-18 00:00:00+08:00,CFFEX.IC2301,3
2023-01-19 00:00:00+08:00,CFFEX.IC2302,30
2023-01-20 00:00:00+08:00,CFFEX.IC2302,29
2023-01-30 00:00:00+08:00,CFFEX.IC2302,21
2023-01-31 00:00:00+08:00,CFFEX.IC2302,18
2023-02-01 00:00:00+08:00,CFFEX.IC2302,17
2023-02-02 00:00:00+08:00,CFFEX.IC2302,16
2023-02-03 00:00:00+08:00,CFFEX.IC2302,15
2023-02-06 00:00:00+08:00,CFFEX.IC2302,14
2023-02-07 00:00:00+08:00,CFFEX.IC2302,11
2023-02-08 00:00:00+08:00,CFFEX.IC2302,10
2023-02-09 00:00:00+08:00,CFFEX.IC2302,9
2023-02-10 00:00:00+08:00,CFFEX.IC2302,8
2023-02-13 00:00:00+08:00,CFFEX.IC2302,7
2023-02-14 00:00:00+08:00,CFFEX.IC2302,4
2023-02-15 00:00:00+08:00,CFFEX.IC2302,3
2023-02-16 00:00:00+08:00,CFFEX.IC2303,30
2023-02-17 00:00:00+08:00,CFFEX.IC2303,29
2023-02-20 00:00:00+08:00,CFFEX.IC2303,28
2023-02-21 00:00:00+08:00,CFFEX.IC2303,25
2023-02-22 00:00:00+08:00,CFFEX.IC2303,24
2023-02-23 00:00:00+08:00,CFFEX.IC2303,23
2023-02-24 00:00:00+08:00,CFFEX.IC2303,22
2023-02-27 00:00:00+08:00,CFFEX.IC2303,21
2023-02-28 00:00:00+08:00,CFFEX.IC2303,18
2023-03-01 00:00:00+08:00,CFFEX.IC2303,17
2023-03-02 00:00:00+08:00,CFFEX.IC2303,16
2023-03-03 00:00:00+08:00,CFFEX.IC2303,15
2023-03-06 00:00:00+08:00,CFFEX.IC2303,14
2023-03-07 00:00:00+08:00,CFFEX.IC2303,11
2023-03-08 00:00:00+08:00,CFFEX.IC2303,10
2023-03-09 00:00:00+08:00,CFFEX.IC2303,9
2023-03-10 00:00:00+08:00,CFFEX.IC2303,8
2023-03-13 00:00:00+08:00,CFFEX.IC2303,7
2023-03-14 00:00:00+08:00,CFFEX.IC2303,4
2023-03-15 00:00:00+08:00,CFFEX.IC2303,3
2023-03-16 00:00:00+08:00,CFFEX.IC2304,37
2023-03-17 00:00:00+08:00,CFFEX.IC2304,36
2023-03-20 00:00:00+08:00,CFFEX.IC2304,35
2023-03-21 00:00:00+08:00,CFFEX.IC2304,32
2023-03-22 00:00:00+08:00,CFFEX.IC2304,31
2023-03-23 00:00:00+08:00,CFFEX.IC2304,30
2023-03-24 00:00:00+08:00,CFFEX.IC2304,29
2023-03-27 00:00:00+08:00,CFFEX.IC2304,28
2023-03-28 00:00:00+08:00,CFFEX.IC2304,25
2023-03-29 00:00:00+08:00,CFFEX.IC2304,24
2023-03-30 00:00:00+08:00,CFFEX.IC2304,23
2023-03-31 00:00:00+08:00,CFFEX.IC2304,22
2023-04-03 00:00:00+08:00,CFFEX.IC2304,21
2023-04-04 00:00:00+08:00,CFFEX.IC2304,18
2023-04-06 00:00:00+08:00,CFFEX.IC2304,16
2023-04-07 00:00:00+08:00,CFFEX.IC2304,15
2023-04-10 00:00:00+08:00,CFFEX.IC2304,14
2023-04-11 00:00:00+08:00,CFFEX.IC2304,11
2023-04-12 00:00:00+08:00,CFFEX.IC2304,10
2023-04-13 00:00:00+08:00,CFFEX.IC2304,9
2023-04-14 00:00:00+08:00,CFFEX.IC2304,8
2023-04-17 00:00:00+08:00,CFFEX.IC2304,7
2023-04-18 00:00:00+08:00,CFFEX.IC2304,4
2023-04-19 00:00:00+08:00,CFFEX.IC2304,3
2023-04-20 00:00:00+08:00,CFFEX.IC2305,30
2023-04-21 00:00:00+08:00,CFFEX.IC2305,29
2023-04-24 00:00:00+08:00,CFFEX.IC2305,28
2023-04-25 00:00:00+08:00,CFFEX.IC2305,25
2023-04-26 00:00:00+08:00,CFFEX.IC2305,24
2023-04-27 00:00:00+08:00,CFFEX.IC2305,23
2023-04-28 00:00:00+08:00,CFFEX.IC2305,22
2023-05-04 00:00:00+08:00,CFFEX.IC2305,16
2023-05-05 00:00:00+08:00,CFFEX.IC2305,15
2023-05-08 00:00:00+08:00,CFFEX.IC2305,14
2023-05-09 00:00:00+08:00,CFFEX.IC2305,11
2023-05-10 00:00:00+08:00,CFFEX.IC2305,10
2023-05-11 00:00:00+08:00,CFFEX.IC2305,9
2023-05-12 00:00:00+08:00,CFFEX.IC2305,8
2023-05-15 00:00:00+08:00,CFFEX.IC2305,7
2023-05-16 00:00:00+08:00,CFFEX.IC2305,4
2023-05-17 00:00:00+08:00,CFFEX.IC2305,3
2023-05-18 00:00:00+08:00,CFFEX.IC2306,30
2023-05-19 00:00:00+08:00,CFFEX.IC2306,29
2023-05-22 00:00:00+08:00,CFFEX.IC2306,28
2023-05-23 00:00:00+08:00,CFFEX.IC2306,25
2023-05-24 00:00:00+08:00,CFFEX.IC2306,24
2023-05-25 00:00:00+08:00,CFFEX.IC2306,23
2023-05-26 00:00:00+08:00,CFFEX.IC2306,22
2023-05-29 00:00:00+08:00,CFFEX.IC2306,21
2023-05-30 00:00:00+08:00,CFFEX.IC2306,18
2023-05-31 00:00:00+08:00,CFFEX.IC2306,17
2023-06-01 00:00:00+08:00,CFFEX.IC2306,16
2023-06-02 00:00:00+08:00,CFFEX.IC2306,15
2023-06-05 00:00:00+08:00,CFFEX.IC2306,14
2023-06-06 00:00:00+08:00,CFFEX.IC2306,11
2023-06-07 00:00:00+08:00,CFFEX.IC2306,10
2023-06-08 00:00:00+08:00,CFFEX.IC2306,9
2023-06-09 00:00:00+08:00,CFFEX.IC2306,8
2023-06-12 00:00:00+08:00,CFFEX.IC2306,7
2023-06-13 00:00:00+08:00,CFFEX.IC2306,4
2023-06-14 00:00:00+08:00,CFFEX.IC2306,3
2023-06-15 00:00:00+08:00,CFFEX.IC2307,37
2023-06-16 00:00:00+08:00,CFFEX.IC2307,36
2023-06-19 00:00:00+08:00,CFFEX.IC2307,35
2023-06-20 00:00:00+08:00,CFFEX.IC2307,32
2023-06-21 00:00:00+08:00,CFFEX.IC2307,31
2023-06-26 00:00:00+08:00,CFFEX.IC2307,28
2023-06-27 00:00:00+08:00,CFFEX.IC2307,25
2023-06-28 00:00:00+08:00,CFFEX.IC2307,24
2023-06-29 00:00:00+08:00,CFFEX.IC2307,23
2023-06-30 00:00:00+08:00,CFFEX.IC2307,22
2023-07-03 00:00:00+08:00,CFFEX.IC2307,21
2023-07-04 00:00:00+08:00,CFFEX.IC2307,18
2023-07-05 00:00:00+08:00,CFFEX.IC2307,17
2023-07-06 00:00:00+08:00,CFFEX.IC2307,16
2023-07-07 00:00:00+08:00,CFFEX.IC2307,15
2023-07-10 00:00:00+08:00,CFFEX.IC2307,14
2023-07-11 00:00:00+08:00,CFFEX.IC2307,11
2023-07-12 00:00:00+08:00,CFFEX.IC2307,10
2023-07-13 00:00:00+08:00,CFFEX.IC2307,9
2023-07-14 00:00:00+08:00,CFFEX.IC2307,8
2023-07-17 00:00:00+08:00,CFFEX.IC2307,7
2023-07-18 00:00:00+08:00,CFFEX.IC2307,4
2023-07-19 00:00:00+08:00,CFFEX.IC2307,3
2023-07-20 00:00:00+08:00,CFFEX.IC2308,30
2023-07-21 00:00:00+08:00,CFFEX.IC2308,29
2023-07-24 00:00:00+08:00,CFFEX.IC2308,28
2023-07-25 00:00:00+08:00,CFFEX.IC2308,25
2023-07-26 00:00:00+08:00,CFFEX.IC2308,24
2023-07-27 00:00:00+08:00,CFFEX.IC2308,23
2023-07-28 00:00:00+08:00,CFFEX.IC2308,22
2023-07-31 00:00:00+08:00,CFFEX.IC2308,21
2023-08-01 00:00:00+08:00,CFFEX.IC2308,18
2023-08-02 00:00:00+08:00,CFFEX.IC2308,17
2023-08-03 00:00:00+08:00,CFFEX.IC2308,16
2023-08-04 00:00:00+08:00,CFFEX.IC2308,15
2023-08-07 00:00:00+08:00,CFFEX.IC2308,14
2023-08-08 00:00:00+08:00,CFFEX.IC2308,11
2023-08-09 00:00:00+08:00,CFFEX.IC2308,10
2023-08-10 00:00:00+08:00,CFFEX.IC2308,9
2023-08-11 00:00:00+08:00,CFFEX.IC2308,8
2023-08-14 00:00:00+08:00,CFFEX.IC2308,7
2023-08-15 00:00:00+08:00,CFFEX.IC2308,4
2023-08-16 00:00:00+08:00,CFFEX.IC2309,31
2023-08-17 00:00:00+08:00,CFFEX.IC2309,30
2023-08-18 00:00:00+08:00,CFFEX.IC2309,29
2023-08-21 00:00:00+08:00,CFFEX.IC2309,28
2023-08-22 00:00:00+08:00,CFFEX.IC2309,25
2023-08-23 00:00:00+08:00,CFFEX.IC2309,24
2023-08-24 00:00:00+08:00,CFFEX.IC2309,23
2023-08-25 00:00:00+08:00,CFFEX.IC2309,22
2023-08-28 00:00:00+08:00,CFFEX.IC2309,21
2023-08-29 00:00:00+08:00,CFFEX.IC2309,18
2023-08-30 00:00:00+08:00,CFFEX.IC2309,17
2023-08-31 00:00:00+08:00,CFFEX.IC2309,16
2023-09-01 00:00:00+08:00,CFFEX.IC2309,15
2023-09-04 00:00:00+08:00,CFFEX.IC2309,14
2023-09-05 00:00:00+08:00,CFFEX.IC2309,11
2023-09-06 00:00:00+08:00,CFFEX.IC2309,10
2023-09-07 00:00:00+08:00,CFFEX.IC2309,9
2023-09-08 00:00:00+08:00,CFFEX.IC2309,8
2023-09-11 00:00:00+08:00,CFFEX.IC2309,7
2023-09-12 00:00:00+08:00,CFFEX.IC2309,4
2023-09-13 00:00:00+08:00,CFFEX.IC2309,3
2023-09-14 00:00:00+08:00,CFFEX.IC2310,37
2023-09-15 00:00:00+08:00,CFFEX.IC2310,36
2023-09-18 00:00:00+08:00,CFFEX.IC2310,35
2023-09-19 00:00:00+08:00,CFFEX.IC2310,32
2023-09-20 00:00:00+08:00,CFFEX.IC2310,31
2023-09-21 00:00:00+08:00,CFFEX.IC2310,30
2023-09-22 00:00:00+08:00,CFFEX.IC2310,29
2023-09-25 00:00:00+08:00,CFFEX.IC2310,28
2023-09-26 00:00:00+08:00,CFFEX.IC2310,25
2023-09-27 00:00:00+08:00,CFFEX.IC2310,24
2023-09-28 00:00:00+08:00,CFFEX.IC2310,23
2023-10-09 00:00:00+08:00,CFFEX.IC2310,14
2023-10-10 00:00:00+08:00,CFFEX.IC2310,11
2023-10-11 00:00:00+08:00,CFFEX.IC2310,10
2023-10-12 00:00:00+08:00,CFFEX.IC2310,9
2023-10-13 00:00:00+08:00,CFFEX.IC2310,8
2023-10-16 00:00:00+08:00,CFFEX.IC2310,7
2023-10-17 00:00:00+08:00,CFFEX.IC2310,4
2023-10-18 00:00:00+08:00,CFFEX.IC2310,3
2023-10-19 00:00:00+08:00,CFFEX.IC2311,30
2023-10-20 00:00:00+08:00,CFFEX.IC2311,29
2023-10-23 00:00:00+08:00,CFFEX.IC2311,28
2023-10-24 00:00:00+08:00,CFFEX.IC2311,25
2023-10-25 00:00:00+08:00,CFFEX.IC2311,24
2023-10-26 00:00:00+08:00,CFFEX.IC2311,23
2023-10-27 00:00:00+08:00,CFFEX.IC2311,22
2023-10-30 00:00:00+08:00,CFFEX.IC2311,21
2023-10-31 00:00:00+08:00,CFFEX.IC2311,18
2023-11-01 00:00:00+08:00,CFFEX.IC2311,17
2023-11-02 00:00:00+08:00,CFFEX.IC2311,16
2023-11-03 00:00:00+08:00,CFFEX.IC2311,15
2023-11-06 00:00:00+08:00,CFFEX.IC2311,14
2023-11-07 00:00:00+08:00,CFFEX.IC2311,11
2023-11-08 00:00:00+08:00,CFFEX.IC2311,10
2023-11-09 00:00:00+08:00,CFFEX.IC2311,9
2023-11-10 00:00:00+08:00,CFFEX.IC2311,8
2023-11-13 00:00:00+08:00,CFFEX.IC2311,7
2023-11-14 00:00:00+08:00,CFFEX.IC2311,4
2023-11-15 00:00:00+08:00,CFFEX.IC2311,3
2023-11-16 00:00:00+08:00,CFFEX.IC2312,30
2023-11-17 00:00:00+08:00,CFFEX.IC2312,29
2023-11-20 00:00:00+08:00,CFFEX.IC2312,28
2023-11-21 00:00:00+08:00,CFFEX.IC2312,25
2023-11-22 00:00:00+08:00,CFFEX.IC2312,24
2023-11-23 00:00:00+08:00,CFFEX.IC2312,23
2023-11-24 00:00:00+08:00,CFFEX.IC2312,22
2023-11-27 00:00:00+08:00,CFFEX.IC2312,21
2023-11-28 00:00:00+08:00,CFFEX.IC2312,18
2023-11-29 00:00:00+08:00,CFFEX.IC2312,17
2023-11-30 00:00:00+08:00,CFFEX.IC2312,16
2023-12-01 00:00:00+08:00,CFFEX.IC2312,15
2023-12-04 00:00:00+08:00,CFFEX.IC2312,14
2023-12-05 00:00:00+08:00,CFFEX.IC2312,11
2023-12-06 00:00:00+08:00,CFFEX.IC2312,10
2023-12-07 00:00:00+08:00,CFFEX.IC2312,9
2023-12-08 00:00:00+08:00,CFFEX.IC2312,8
2023-12-11 00:00:00+08:00,CFFEX.IC2312,7
2023-12-12 00:00:00+08:00,CFFEX.IC2312,4
2023-12-13 00:00:00+08:00,CFFEX.IC2312,3
2023-12-14 00:00:00+08:00,CFFEX.IC2401,37
2023-12-15 00:00:00+08:00,CFFEX.IC2401,36
2023-12-18 00:00:00+08:00,CFFEX.IC2401,35
2023-12-19 00:00:00+08:00,CFFEX.IC2401,32
2023-12-20 00:00:00+08:00,CFFEX.IC2401,31
2023-12-21 00:00:00+08:00,CFFEX.IC2401,30
2023-12-22 00:00:00+08:00,CFFEX.IC2401,29
2023-12-25 00:00:00+08:00,CFFEX.IC2401,28
2023-12-26 00:00:00+08:00,CFFEX.IC2401,25
2023-12-27 00:00:00+08:00,CFFEX.IC2401,24
2023-12-28 00:00:00+08:00,CFFEX.IC2401,23
2023-12-29 00:00:00+08:00,CFFEX.IC2401,22
2024-01-02 00:00:00+08:00,CFFEX.IC2401,18
2024-01-03 00:00:00+08:00,CFFEX.IC2401,17
2024-01-04 00:00:00+08:00,CFFEX.IC2401,16
2024-01-05 00:00:00+08:00,CFFEX.IC2401,15
2024-01-08 00:00:00+08:00,CFFEX.IC2401,14
2024-01-09 00:00:00+08:00,CFFEX.IC2401,11
2024-01-10 00:00:00+08:00,CFFEX.IC2401,10
2024-01-11 00:00:00+08:00,CFFEX.IC2401,9
2024-01-12 00:00:00+08:00,CFFEX.IC2401,8
2024-01-15 00:00:00+08:00,CFFEX.IC2401,7
2024-01-16 00:00:00+08:00,CFFEX.IC2401,4
2024-01-17 00:00:00+08:00,CFFEX.IC2401,3
2024-01-18 00:00:00+08:00,CFFEX.IC2402,33
2024-01-19 00:00:00+08:00,CFFEX.IC2402,32
2024-01-22 00:00:00+08:00,CFFEX.IC2402,31
2024-01-23 00:00:00+08:00,CFFEX.IC2402,28
2024-01-24 00:00:00+08:00,CFFEX.IC2402,27
2024-01-25 00:00:00+08:00,CFFEX.IC2402,26
2024-01-26 00:00:00+08:00,CFFEX.IC2402,25
2024-01-29 00:00:00+08:00,CFFEX.IC2402,24
2024-01-30 00:00:00+08:00,CFFEX.IC2402,21
2024-01-31 00:00:00+08:00,CFFEX.IC2402,20
2024-02-01 00:00:00+08:00,CFFEX.IC2402,19
2024-02-02 00:00:00+08:00,CFFEX.IC2402,18
2024-02-05 00:00:00+08:00,CFFEX.IC2402,17
2024-02-06 00:00:00+08:00,CFFEX.IC2402,14
2024-02-07 00:00:00+08:00,CFFEX.IC2403,38
2024-02-08 00:00:00+08:00,CFFEX.IC2403,37
2024-02-19 00:00:00+08:00,CFFEX.IC2403,28
2024-02-20 00:00:00+08:00,CFFEX.IC2403,25
2024-02-21 00:00:00+08:00,CFFEX.IC2403,24
2024-02-22 00:00:00+08:00,CFFEX.IC2403,23
2024-02-23 00:00:00+08:00,CFFEX.IC2403,22
2024-02-26 00:00:00+08:00,CFFEX.IC2403,21
2024-02-27 00:00:00+08:00,CFFEX.IC2403,18
2024-02-28 00:00:00+08:00,CFFEX.IC2403,17
2024-02-29 00:00:00+08:00,CFFEX.IC2403,16
2024-03-01 00:00:00+08:00,CFFEX.IC2403,15
2024-03-04 00:00:00+08:00,CFFEX.IC2403,14
2024-03-05 00:00:00+08:00,CFFEX.IC2403,11
2024-03-06 00:00:00+08:00,CFFEX.IC2403,10
2024-03-07 00:00:00+08:00,CFFEX.IC2403,9
2024-03-08 00:00:00+08:00,CFFEX.IC2403,8
2024-03-11 00:00:00+08:00,CFFEX.IC2403,7
2024-03-12 00:00:00+08:00,CFFEX.IC2403,4
2024-03-13 00:00:00+08:00,CFFEX.IC2403,3
2024-03-14 00:00:00+08:00,CFFEX.IC2404,37
2024-03-15 00:00:00+08:00,CFFEX.IC2404,36
2024-03-18 00:00:00+08:00,CFFEX.IC2404,35
2024-03-19 00:00:00+08:00,CFFEX.IC2404,32
2024-03-20 00:00:00+08:00,CFFEX.IC2404,31
2024-03-21 00:00:00+08:00,CFFEX.IC2404,30
2024-03-22 00:00:00+08:00,CFFEX.IC2404,29
2024-03-25 00:00:00+08:00,CFFEX.IC2404,28
2024-03-26 00:00:00+08:00,CFFEX.IC2404,25
2024-03-27 00:00:00+08:00,CFFEX.IC2404,24
2024-03-28 00:00:00+08:00,CFFEX.IC2404,23
2024-03-29 00:00:00+08:00,CFFEX.IC2404,22
2024-04-01 00:00:00+08:00,CFFEX.IC2404,21
2024-04-02 00:00:00+08:00,CFFEX.IC2404,18
2024-04-03 00:00:00+08:00,CFFEX.IC2404,17
2024-04-08 00:00:00+08:00,CFFEX.IC2404,14
2024-04-09 00:00:00+08:00,CFFEX.IC2404,11
2024-04-10 00:00:00+08:00,CFFEX.IC2404,10
2024-04-11 00:00:00+08:00,CFFEX.IC2404,9
2024-04-12 00:00:00+08:00,CFFEX.IC2404,8
2024-04-15 00:00:00+08:00,CFFEX.IC2404,7
2024-04-16 00:00:00+08:00,CFFEX.IC2404,4
2024-04-17 00:00:00+08:00,CFFEX.IC2404,3
2024-04-18 00:00:00+08:00,CFFEX.IC2405,30
2024-04-19 00:00:00+08:00,CFFEX.IC2405,29
2024-04-22 00:00:00+08:00,CFFEX.IC2405,28
2024-04-23 00:00:00+08:00,CFFEX.IC2405,25
2024-04-24 00:00:00+08:00,CFFEX.IC2405,24
2024-04-25 00:00:00+08:00,CFFEX.IC2405,23
2024-04-26 00:00:00+08:00,CFFEX.IC2405,22
2024-04-29 00:00:00+08:00,CFFEX.IC2405,21
2024-04-30 00:00:00+08:00,CFFEX.IC2405,18
2024-05-06 00:00:00+08:00,CFFEX.IC2405,14
2024-05-07 00:00:00+08:00,CFFEX.IC2405,11
2024-05-08 00:00:00+08:00,CFFEX.IC2405,10
2024-05-09 00:00:00+08:00,CFFEX.IC2405,9
2024-05-10 00:00:00+08:00,CFFEX.IC2405,8
2024-05-13 00:00:00+08:00,CFFEX.IC2405,7
2024-05-14 00:00:00+08:00,CFFEX.IC2405,4
2024-05-15 00:00:00+08:00,CFFEX.IC2405,3
2024-05-16 00:00:00+08:00,CFFEX.IC2406,37
2024-05-17 00:00:00+08:00,CFFEX.IC2406,36
2024-05-20 00:00:00+08:00,CFFEX.IC2406,35
2024-05-21 00:00:00+08:00,CFFEX.IC2406,32
2024-05-22 00:00:00+08:00,CFFEX.IC2406,31
2024-05-23 00:00:00+08:00,CFFEX.IC2406,30
2024-05-24 00:00:00+08:00,CFFEX.IC2406,29
2024-05-27 00:00:00+08:00,CFFEX.IC2406,28
2024-05-28 00:00:00+08:00,CFFEX.IC2406,25
2024-05-29 00:00:00+08:00,CFFEX.IC2406,24
2024-05-30 00:00:00+08:00,CFFEX.IC2406,23
2024-05-31 00:00:00+08:00,CFFEX.IC2406,22
2024-06-03 00:00:00+08:00,CFFEX.IC2406,21
2024-06-04 00:00:00+08:00,CFFEX.IC2406,18
2024-06-05 00:00:00+08:00,CFFEX.IC2406,17
2024-06-06 00:00:00+08:00,CFFEX.IC2406,16
2024-06-07 00:00:00+08:00,CFFEX.IC2406,15
2024-06-11 00:00:00+08:00,CFFEX.IC2406,11
2024-06-12 00:00:00+08:00,CFFEX.IC2406,10
2024-06-13 00:00:00+08:00,CFFEX.IC2406,9
2024-06-14 00:00:00+08:00,CFFEX.IC2406,8
2024-06-17 00:00:00+08:00,CFFEX.IC2406,7
2024-06-18 00:00:00+08:00,CFFEX.IC2406,4
2024-06-19 00:00:00+08:00,CFFEX.IC2406,3
2024-06-20 00:00:00+08:00,CFFEX.IC2407,30
2024-06-21 00:00:00+08:00,CFFEX.IC2407,29
2024-06-24 00:00:00+08:00,CFFEX.IC2407,28
2024-06-25 00:00:00+08:00,CFFEX.IC2407,25
2024-06-26 00:00:00+08:00,CFFEX.IC2407,24
2024-06-27 00:00:00+08:00,CFFEX.IC2407,23
2024-06-28 00:00:00+08:00,CFFEX.IC2407,22
2024-07-01 00:00:00+08:00,CFFEX.IC2407,21
2024-07-02 00:00:00+08:00,CFFEX.IC2407,18
2024-07-03 00:00:00+08:00,CFFEX.IC2407,17
2024-07-04 00:00:00+08:00,CFFEX.IC2407,16
2024-07-05 00:00:00+08:00,CFFEX.IC2407,15
2024-07-08 00:00:00+08:00,CFFEX.IC2407,14
2024-07-09 00:00:00+08:00,CFFEX.IC2407,11
2024-07-10 00:00:00+08:00,CFFEX.IC2407,10
2024-07-11 00:00:00+08:00,CFFEX.IC2407,9
2024-07-12 00:00:00+08:00,CFFEX.IC2407,8
2024-07-15 00:00:00+08:00,CFFEX.IC2407,7
2024-07-16 00:00:00+08:00,CFFEX.IC2407,4
2024-07-17 00:00:00+08:00,CFFEX.IC2407,3
2024-07-18 00:00:00+08:00,CFFEX.IC2408,30
2024-07-19 00:00:00+08:00,CFFEX.IC2408,29
2024-07-22 00:00:00+08:00,CFFEX.IC2408,28
2024-07-23 00:00:00+08:00,CFFEX.IC2408,25
2024-07-24 00:00:00+08:00,CFFEX.IC2408,24
2024-07-25 00:00:00+08:00,CFFEX.IC2408,23
2024-07-26 00:00:00+08:00,CFFEX.IC2408,22
2024-07-29 00:00:00+08:00,CFFEX.IC2408,21
2024-07-30 00:00:00+08:00,CFFEX.IC2408,18
2024-07-31 00:00:00+08:00,CFFEX.IC2408,17
2024-08-01 00:00:00+08:00,CFFEX.IC2408,16
2024-08-02 00:00:00+08:00,CFFEX.IC2408,15
2024-08-05 00:00:00+08:00,CFFEX.IC2408,14
2024-08-06 00:00:00+08:00,CFFEX.IC2408,11
2024-08-07 00:00:00+08:00,CFFEX.IC2408,10
2024-08-08 00:00:00+08:00,CFFEX.IC2408,9
2024-08-09 00:00:00+08:00,CFFEX.IC2408,8
2024-08-12 00:00:00+08:00,CFFEX.IC2408,7
2024-08-13 00:00:00+08:00,CFFEX.IC2408,4
2024-08-14 00:00:00+08:00,CFFEX.IC2408,3
2024-08-15 00:00:00+08:00,CFFEX.IC2409,37
2024-08-16 00:00:00+08:00,CFFEX.IC2409,36
2024-08-19 00:00:00+08:00,CFFEX.IC2409,35
2024-08-20 00:00:00+08:00,CFFEX.IC2409,32
2024-08-21 00:00:00+08:00,CFFEX.IC2409,31
2024-08-22 00:00:00+08:00,CFFEX.IC2409,30
2024-08-23 00:00:00+08:00,CFFEX.IC2409,29
2024-08-26 00:00:00+08:00,CFFEX.IC2409,28
2024-08-27 00:00:00+08:00,CFFEX.IC2409,25
2024-08-28 00:00:00+08:00,CFFEX.IC2409,24
2024-08-29 00:00:00+08:00,CFFEX.IC2409,23
2024-08-30 00:00:00+08:00,CFFEX.IC2409,22
2024-09-02 00:00:00+08:00,CFFEX.IC2409,21
2024-09-03 00:00:00+08:00,CFFEX.IC2409,18
2024-09-04 00:00:00+08:00,CFFEX.IC2409,17
2024-09-05 00:00:00+08:00,CFFEX.IC2409,16
2024-09-06 00:00:00+08:00,CFFEX.IC2409,15
2024-09-09 00:00:00+08:00,CFFEX.IC2409,14
2024-09-10 00:00:00+08:00,CFFEX.IC2409,11
2024-09-11 00:00:00+08:00,CFFEX.IC2409,10
2024-09-12 00:00:00+08:00,CFFEX.IC2409,9
2024-09-13 00:00:00+08:00,CFFEX.IC2409,8
2024-09-18 00:00:00+08:00,CFFEX.IC2409,3
2024-09-19 00:00:00+08:00,CFFEX.IC2410,30
2024-09-20 00:00:00+08:00,CFFEX.IC2410,29
2024-09-23 00:00:00+08:00,CFFEX.IC2410,28
2024-09-24 00:00:00+08:00,CFFEX.IC2410,25
2024-09-25 00:00:00+08:00,CFFEX.IC2410,24
2024-09-26 00:00:00+08:00,CFFEX.IC2410,23
2024-09-27 00:00:00+08:00,CFFEX.IC2410,22
2024-09-30 00:00:00+08:00,CFFEX.IC2410,21
2024-10-08 00:00:00+08:00,CFFEX.IC2410,11
2024-10-09 00:00:00+08:00,CFFEX.IC2410,10
2024-10-10 00:00:00+08:00,CFFEX.IC2410,9
2024-10-11 00:00:00+08:00,CFFEX.IC2410,8
2024-10-14 00:00:00+08:00,CFFEX.IC2410,7
2024-10-15 00:00:00+08:00,CFFEX.IC2410,4
2024-10-16 00:00:00+08:00,CFFEX.IC2410,3
2024-10-17 00:00:00+08:00,CFFEX.IC2411,30
2024-10-18 00:00:00+08:00,CFFEX.IC2411,29
2024-10-21 00:00:00+08:00,CFFEX.IC2411,28
2024-10-22 00:00:00+08:00,CFFEX.IC2411,25
2024-10-23 00:00:00+08:00,CFFEX.IC2412,59
2024-10-24 00:00:00+08:00,CFFEX.IC2412,58
2024-10-25 00:00:00+08:00,CFFEX.IC2412,57
2024-10-28 00:00:00+08:00,CFFEX.IC2412,56
2024-10-29 00:00:00+08:00,CFFEX.IC2412,53
2024-10-30 00:00:00+08:00,CFFEX.IC2412,52
2024-10-31 00:00:00+08:00,CFFEX.IC2412,51
2024-11-01 00:00:00+08:00,CFFEX.IC2412,50
2024-11-04 00:00:00+08:00,CFFEX.IC2412,49
2024-11-05 00:00:00+08:00,CFFEX.IC2412,46
2024-11-06 00:00:00+08:00,CFFEX.IC2412,45
2024-11-07 00:00:00+08:00,CFFEX.IC2412,44
2024-11-08 00:00:00+08:00,CFFEX.IC2412,43
2024-11-11 00:00:00+08:00,CFFEX.IC2412,42
2024-11-12 00:00:00+08:00,CFFEX.IC2412,39
2024-11-13 00:00:00+08:00,CFFEX.IC2412,38
2024-11-14 00:00:00+08:00,CFFEX.IC2412,37
2024-11-15 00:00:00+08:00,CFFEX.IC2412,36
2024-11-18 00:00:00+08:00,CFFEX.IC2412,35
2024-11-19 00:00:00+08:00,CFFEX.IC2412,32
2024-11-20 00:00:00+08:00,CFFEX.IC2412,31
2024-11-21 00:00:00+08:00,CFFEX.IC2412,30
2024-11-22 00:00:00+08:00,CFFEX.IC2412,29
2024-11-25 00:00:00+08:00,CFFEX.IC2412,28
2024-11-26 00:00:00+08:00,CFFEX.IC2412,25
2024-11-27 00:00:00+08:00,CFFEX.IC2412,24
2024-11-28 00:00:00+08:00,CFFEX.IC2412,23
2024-11-29 00:00:00+08:00,CFFEX.IC2412,22
2024-12-02 00:00:00+08:00,CFFEX.IC2412,21
2024-12-03 00:00:00+08:00,CFFEX.IC2412,18
2024-12-04 00:00:00+08:00,CFFEX.IC2412,17
2024-12-05 00:00:00+08:00,CFFEX.IC2412,16
2024-12-06 00:00:00+08:00,CFFEX.IC2412,15
2024-12-09 00:00:00+08:00,CFFEX.IC2412,14
2024-12-10 00:00:00+08:00,CFFEX.IC2412,11
2024-12-11 00:00:00+08:00,CFFEX.IC2412,10
2024-12-12 00:00:00+08:00,CFFEX.IC2412,9
2024-12-13 00:00:00+08:00,CFFEX.IC2412,8
2024-12-16 00:00:00+08:00,CFFEX.IC2412,7
2024-12-17 00:00:00+08:00,CFFEX.IC2412,4
2024-12-18 00:00:00+08:00,CFFEX.IC2412,3
2024-12-19 00:00:00+08:00,CFFEX.IC2503,93
2024-12-20 00:00:00+08:00,CFFEX.IC2501,29
2024-12-23 00:00:00+08:00,CFFEX.IC2501,28
2024-12-24 00:00:00+08:00,CFFEX.IC2501,25
2024-12-25 00:00:00+08:00,CFFEX.IC2501,24
2024-12-26 00:00:00+08:00,CFFEX.IC2501,23
2024-12-27 00:00:00+08:00,CFFEX.IC2501,22
2024-12-30 00:00:00+08:00,CFFEX.IC2501,21
2024-12-31 00:00:00+08:00,CFFEX.IC2501,18
2025-01-02 00:00:00+08:00,CFFEX.IC2501,16
2025-01-03 00:00:00+08:00,CFFEX.IC2501,15
2025-01-06 00:00:00+08:00,CFFEX.IC2501,14
2025-01-07 00:00:00+08:00,CFFEX.IC2501,11
2025-01-08 00:00:00+08:00,CFFEX.IC2501,10
2025-01-09 00:00:00+08:00,CFFEX.IC2501,9
2025-01-10 00:00:00+08:00,CFFEX.IC2501,8
2025-01-13 00:00:00+08:00,CFFEX.IC2501,7
2025-01-14 00:00:00+08:00,CFFEX.IC2501,4
2025-01-15 00:00:00+08:00,CFFEX.IC2501,3
2025-01-16 00:00:00+08:00,CFFEX.IC2503,65
2025-01-17 00:00:00+08:00,CFFEX.IC2503,64
2025-01-20 00:00:00+08:00,CFFEX.IC2503,63
2025-01-21 00:00:00+08:00,CFFEX.IC2503,60
2025-01-22 00:00:00+08:00,CFFEX.IC2503,59
2025-01-23 00:00:00+08:00,CFFEX.IC2503,58
2025-01-24 00:00:00+08:00,CFFEX.IC2503,57
2025-01-27 00:00:00+08:00,CFFEX.IC2503,56
2025-02-05 00:00:00+08:00,CFFEX.IC2503,45
2025-02-06 00:00:00+08:00,CFFEX.IC2503,44
2025-02-07 00:00:00+08:00,CFFEX.IC2503,43
2025-02-10 00:00:00+08:00,CFFEX.IC2503,42
2025-02-11 00:00:00+08:00,CFFEX.IC2503,39
2025-02-12 00:00:00+08:00,CFFEX.IC2503,38
2025-02-13 00:00:00+08:00,CFFEX.IC2503,37
2025-02-14 00:00:00+08:00,CFFEX.IC2503,36
2025-02-17 00:00:00+08:00,CFFEX.IC2503,35
2025-02-18 00:00:00+08:00,CFFEX.IC2503,32
2025-02-19 00:00:00+08:00,CFFEX.IC2503,31
2025-02-20 00:00:00+08:00,CFFEX.IC2503,30
2025-02-21 00:00:00+08:00,CFFEX.IC2503,29
2025-02-24 00:00:00+08:00,CFFEX.IC2503,28
2025-02-25 00:00:00+08:00,CFFEX.IC2503,25
2025-02-26 00:00:00+08:00,CFFEX.IC2503,24
2025-02-27 00:00:00+08:00,CFFEX.IC2503,23
2025-02-28 00:00:00+08:00,CFFEX.IC2503,22
2025-03-03 00:00:00+08:00,CFFEX.IC2503,21
2025-03-04 00:00:00+08:00,CFFEX.IC2503,18
2025-03-05 00:00:00+08:00,CFFEX.IC2503,17
2025-03-06 00:00:00+08:00,CFFEX.IC2503,16
2025-03-07 00:00:00+08:00,CFFEX.IC2503,15
2025-03-10 00:00:00+08:00,CFFEX.IC2503,14
2025-03-11 00:00:00+08:00,CFFEX.IC2503,11
2025-03-12 00:00:00+08:00,CFFEX.IC2503,10
2025-03-13 00:00:00+08:00,CFFEX.IC2503,9
2025-03-14 00:00:00+08:00,CFFEX.IC2503,8
2025-03-17 00:00:00+08:00,CFFEX.IC2503,7
2025-03-18 00:00:00+08:00,CFFEX.IC2503,4
2025-03-19 00:00:00+08:00,CFFEX.IC2503,3
2025-03-20 00:00:00+08:00,CFFEX.IC2504,30
2025-03-21 00:00:00+08:00,CFFEX.IC2504,29
2025-03-24 00:00:00+08:00,CFFEX.IC2504,28
2025-03-25 00:00:00+08:00,CFFEX.IC2504,25
2025-03-26 00:00:00+08:00,CFFEX.IC2504,24
2025-03-27 00:00:00+08:00,CFFEX.IC2504,23
2025-03-28 00:00:00+08:00,CFFEX.IC2504,22
2025-03-31 00:00:00+08:00,CFFEX.IC2504,21
2025-04-01 00:00:00+08:00,CFFEX.IC2504,18
2025-04-02 00:00:00+08:00,CFFEX.IC2504,17
2025-04-03 00:00:00+08:00,CFFEX.IC2504,16
2025-04-07 00:00:00+08:00,CFFEX.IC2504,14
2025-04-08 00:00:00+08:00,CFFEX.IC2504,11
2025-04-09 00:00:00+08:00,CFFEX.IC2504,10
2025-04-10 00:00:00+08:00,CFFEX.IC2504,9
2025-04-11 00:00:00+08:00,CFFEX.IC2504,8
2025-04-14 00:00:00+08:00,CFFEX.IC2504,7
2025-04-15 00:00:00+08:00,CFFEX.IC2504,4
2025-04-16 00:00:00+08:00,CFFEX.IC2504,3
2025-04-17 00:00:00+08:00,CFFEX.IC2506,65
2025-04-18 00:00:00+08:00,CFFEX.IC2506,64
2025-04-21 00:00:00+08:00,CFFEX.IC2506,63
2025-04-22 00:00:00+08:00,CFFEX.IC2506,60
2025-04-23 00:00:00+08:00,CFFEX.IC2506,59
2025-04-24 00:00:00+08:00,CFFEX.IC2506,58
2025-04-25 00:00:00+08:00,CFFEX.IC2506,57
2025-04-28 00:00:00+08:00,CFFEX.IC2506,56
2025-04-29 00:00:00+08:00,CFFEX.IC2506,53
2025-04-30 00:00:00+08:00,CFFEX.IC2506,52
2025-05-06 00:00:00+08:00,CFFEX.IC2506,46
2025-05-07 00:00:00+08:00,CFFEX.IC2506,45
2025-05-08 00:00:00+08:00,CFFEX.IC2506,44
2025-05-09 00:00:00+08:00,CFFEX.IC2506,43
2025-05-12 00:00:00+08:00,CFFEX.IC2506,42
2025-05-13 00:00:00+08:00,CFFEX.IC2506,39
2025-05-14 00:00:00+08:00,CFFEX.IC2506,38
2025-05-15 00:00:00+08:00,CFFEX.IC2506,37
2025-05-16 00:00:00+08:00,CFFEX.IC2506,36
2025-05-19 00:00:00+08:00,CFFEX.IC2506,35
2025-05-20 00:00:00+08:00,CFFEX.IC2506,32
2025-05-21 00:00:00+08:00,CFFEX.IC2506,31
2025-05-22 00:00:00+08:00,CFFEX.IC2506,30
2025-05-23 00:00:00+08:00,CFFEX.IC2506,29
2025-05-26 00:00:00+08:00,CFFEX.IC2506,28
2025-05-27 00:00:00+08:00,CFFEX.IC2506,25
2025-05-28 00:00:00+08:00,CFFEX.IC2506,24
2025-05-29 00:00:00+08:00,CFFEX.IC2506,23
2025-05-30 00:00:00+08:00,CFFEX.IC2506,22
2025-06-03 00:00:00+08:00,CFFEX.IC2506,18
2025-06-04 00:00:00+08:00,CFFEX.IC2506,17
2025-06-05 00:00:00+08:00,CFFEX.IC2506,16
2025-06-06 00:00:00+08:00,CFFEX.IC2506,15
2025-06-09 00:00:00+08:00,CFFEX.IC2506,14
2025-06-10 00:00:00+08:00,CFFEX.IC2506,11
2025-06-11 00:00:00+08:00,CFFEX.IC2506,10
2025-06-12 00:00:00+08:00,CFFEX.IC2506,9
2025-06-13 00:00:00+08:00,CFFEX.IC2506,8
2025-06-16 00:00:00+08:00,CFFEX.IC2506,7
2025-06-17 00:00:00+08:00,CFFEX.IC2506,4
2025-06-18 00:00:00+08:00,CFFEX.IC2506,3
2025-06-19 00:00:00+08:00,CFFEX.IC2509,93
2025-06-20 00:00:00+08:00,CFFEX.IC2509,92
2025-06-23 00:00:00+08:00,CFFEX.IC2509,91
2025-06-24 00:00:00+08:00,CFFEX.IC2509,88
2025-06-25 00:00:00+08:00,CFFEX.IC2509,87
2025-06-26 00:00:00+08:00,CFFEX.IC2509,86
2025-06-27 00:00:00+08:00,CFFEX.IC2509,85
2025-06-30 00:00:00+08:00,CFFEX.IC2509,84
2025-07-01 00:00:00+08:00,CFFEX.IC2509,81
2025-07-02 00:00:00+08:00,CFFEX.IC2509,80
2025-07-03 00:00:00+08:00,CFFEX.IC2509,79
2025-07-04 00:00:00+08:00,CFFEX.IC2509,78
2025-07-07 00:00:00+08:00,CFFEX.IC2509,77
2025-07-08 00:00:00+08:00,CFFEX.IC2509,74
2025-07-09 00:00:00+08:00,CFFEX.IC2509,73
2025-07-10 00:00:00+08:00,CFFEX.IC2509,72
2025-07-11 00:00:00+08:00,CFFEX.IC2509,71
2025-07-14 00:00:00+08:00,CFFEX.IC2509,70
2025-07-15 00:00:00+08:00,CFFEX.IC2509,67
2025-07-16 00:00:00+08:00,CFFEX.IC2509,66
2025-07-17 00:00:00+08:00,CFFEX.IC2509,65
2025-07-18 00:00:00+08:00,CFFEX.IC2509,64
2025-07-21 00:00:00+08:00,CFFEX.IC2509,63
2025-07-22 00:00:00+08:00,CFFEX.IC2509,60
2025-07-23 00:00:00+08:00,CFFEX.IC2509,59
2025-07-24 00:00:00+08:00,CFFEX.IC2509,58
2025-07-25 00:00:00+08:00,CFFEX.IC2509,57
2025-07-28 00:00:00+08:00,CFFEX.IC2509,56
2025-07-29 00:00:00+08:00,CFFEX.IC2509,53
2025-07-30 00:00:00+08:00,CFFEX.IC2509,52
2025-07-31 00:00:00+08:00,CFFEX.IC2509,51
2025-08-01 00:00:00+08:00,CFFEX.IC2509,50
2025-08-04 00:00:00+08:00,CFFEX.IC2509,49
2025-08-05 00:00:00+08:00,CFFEX.IC2509,46
2025-08-06 00:00:00+08:00,CFFEX.IC2509,45
2025-08-07 00:00:00+08:00,CFFEX.IC2509,44
2025-08-08 00:00:00+08:00,CFFEX.IC2509,43
2025-08-11 00:00:00+08:00,CFFEX.IC2509,42
2025-08-12 00:00:00+08:00,CFFEX.IC2509,39
2025-08-13 00:00:00+08:00,CFFEX.IC2509,38
2025-08-14 00:00:00+08:00,CFFEX.IC2509,37
2025-08-15 00:00:00+08:00,CFFEX.IC2509,36
2025-08-18 00:00:00+08:00,CFFEX.IC2509,35
2025-08-19 00:00:00+08:00,CFFEX.IC2509,32
2025-08-20 00:00:00+08:00,CFFEX.IC2509,31
2025-08-21 00:00:00+08:00,CFFEX.IC2509,30
2025-08-22 00:00:00+08:00,CFFEX.IC2509,29
2025-08-25 00:00:00+08:00,CFFEX.IC2509,28
2025-08-26 00:00:00+08:00,CFFEX.IC2509,25
2025-08-27 00:00:00+08:00,CFFEX.IC2509,24
2025-08-28 00:00:00+08:00,CFFEX.IC2509,23
2025-08-29 00:00:00+08:00,CFFEX.IC2509,22
2025-09-01 00:00:00+08:00,CFFEX.IC2509,21
2025-09-02 00:00:00+08:00,CFFEX.IC2509,18
2025-09-03 00:00:00+08:00,CFFEX.IC2509,17
2025-09-04 00:00:00+08:00,CFFEX.IC2509,16
2025-09-05 00:00:00+08:00,CFFEX.IC2509,15
2025-09-08 00:00:00+08:00,CFFEX.IC2509,14
2025-09-09 00:00:00+08:00,CFFEX.IC2509,11
2025-09-10 00:00:00+08:00,CFFEX.IC2509,10
2025-09-11 00:00:00+08:00,CFFEX.IC2509,9
2025-09-12 00:00:00+08:00,CFFEX.IC2509,8
2025-09-15 00:00:00+08:00,CFFEX.IC2509,7
2025-09-16 00:00:00+08:00,CFFEX.IC2509,4
2025-09-17 00:00:00+08:00,CFFEX.IC2509,3
2025-09-18 00:00:00+08:00,CFFEX.IC2512,93
2025-09-19 00:00:00+08:00,CFFEX.IC2512,92
2025-09-22 00:00:00+08:00,CFFEX.IC2512,91
2025-09-23 00:00:00+08:00,CFFEX.IC2512,88
2025-09-24 00:00:00+08:00,CFFEX.IC2512,87
2025-09-25 00:00:00+08:00,CFFEX.IC2512,86
2025-09-26 00:00:00+08:00,CFFEX.IC2512,85
2025-09-29 00:00:00+08:00,CFFEX.IC2512,84
2025-09-30 00:00:00+08:00,CFFEX.IC2512,81
2025-10-09 00:00:00+08:00,CFFEX.IC2512,72
2025-10-10 00:00:00+08:00,CFFEX.IC2512,71
2025-10-13 00:00:00+08:00,CFFEX.IC2512,70
2025-10-14 00:00:00+08:00,CFFEX.IC2512,67
2025-10-15 00:00:00+08:00,CFFEX.IC2512,66
2025-10-16 00:00:00+08:00,CFFEX.IC2512,65
2025-10-17 00:00:00+08:00,CFFEX.IC2512,64
2025-10-20 00:00:00+08:00,CFFEX.IC2512,63
2025-10-21 00:00:00+08:00,CFFEX.IC2512,60
2025-10-22 00:00:00+08:00,CFFEX.IC2512,59
2025-10-23 00:00:00+08:00,CFFEX.IC2512,58
2025-10-24 00:00:00+08:00,CFFEX.IC2512,57
2025-10-27 00:00:00+08:00,CFFEX.IC2512,56
2025-10-28 00:00:00+08:00,CFFEX.IC2512,53
2025-10-29 00:00:00+08:00,CFFEX.IC2512,52
2025-10-30 00:00:00+08:00,CFFEX.IC2512,51
2025-10-31 00:00:00+08:00,CFFEX.IC2512,50
2025-11-03 00:00:00+08:00,CFFEX.IC2512,49
2025-11-04 00:00:00+08:00,CFFEX.IC2512,46
2025-11-05 00:00:00+08:00,CFFEX.IC2512,45
2025-11-06 00:00:00+08:00,CFFEX.IC2512,44
2025-11-07 00:00:00+08:00,CFFEX.IC2512,43
2025-11-10 00:00:00+08:00,CFFEX.IC2512,42
2025-11-11 00:00:00+08:00,CFFEX.IC2512,39
2025-11-12 00:00:00+08:00,CFFEX.IC2512,38
2025-11-13 00:00:00+08:00,CFFEX.IC2512,37
2025-11-14 00:00:00+08:00,CFFEX.IC2512,36
2025-11-17 00:00:00+08:00,CFFEX.IC2512,35
2025-11-18 00:00:00+08:00,CFFEX.IC2512,32
2025-11-19 00:00:00+08:00,CFFEX.IC2512,31
2025-11-20 00:00:00+08:00,CFFEX.IC2512,30
2025-11-21 00:00:00+08:00,CFFEX.IC2512,29
2025-11-24 00:00:00+08:00,CFFEX.IC2512,28
2025-11-25 00:00:00+08:00,CFFEX.IC2512,25
2025-11-26 00:00:00+08:00,CFFEX.IC2512,24
2025-11-27 00:00:00+08:00,CFFEX.IC2512,23
2025-11-28 00:00:00+08:00,CFFEX.IC2512,22
2025-12-01 00:00:00+08:00,CFFEX.IC2512,21
2025-12-02 00:00:00+08:00,CFFEX.IC2512,18
2025-12-03 00:00:00+08:00,CFFEX.IC2512,17
2025-12-04 00:00:00+08:00,CFFEX.IC2512,16
2025-12-05 00:00:00+08:00,CFFEX.IC2512,15
2025-12-08 00:00:00+08:00,CFFEX.IC2512,14
2025-12-09 00:00:00+08:00,CFFEX.IC2512,11
2025-12-10 00:00:00+08:00,CFFEX.IC2512,10
2025-12-11 00:00:00+08:00,CFFEX.IC2512,9
2025-12-12 00:00:00+08:00,CFFEX.IC2512,8
2025-12-15 00:00:00+08:00,CFFEX.IC2512,7
2025-12-16 00:00:00+08:00,CFFEX.IC2512,4
2025-12-17 00:00:00+08:00,CFFEX.IC2512,3
2025-12-18 00:00:00+08:00,CFFEX.IC2603,93
2025-12-19 00:00:00+08:00,CFFEX.IC2603,92
2025-12-22 00:00:00+08:00,CFFEX.IC2603,91
2025-12-23 00:00:00+08:00,CFFEX.IC2603,88
2025-12-24 00:00:00+08:00,CFFEX.IC2603,87
2025-12-25 00:00:00+08:00,CFFEX.IC2603,86
2025-12-26 00:00:00+08:00,CFFEX.IC2603,85
2025-12-29 00:00:00+08:00,CFFEX.IC2603,84
2025-12-30 00:00:00+08:00,CFFEX.IC2603,81
2025-12-31 00:00:00+08:00,CFFEX.IC2603,80
2026-01-05 00:00:00+08:00,CFFEX.IC2603,77
2026-01-06 00:00:00+08:00,CFFEX.IC2603,74
2026-01-07 00:00:00+08:00,CFFEX.IC2603,73
2026-01-08 00:00:00+08:00,CFFEX.IC2603,72
2026-01-09 00:00:00+08:00,CFFEX.IC2603,71
2026-01-12 00:00:00+08:00,CFFEX.IC2603,70
2026-01-13 00:00:00+08:00,CFFEX.IC2603,67
2026-01-14 00:00:00+08:00,CFFEX.IC2603,66
2026-01-15 00:00:00+08:00,CFFEX.IC2603,65
2026-01-16 00:00:00+08:00,CFFEX.IC2603,64
2026-01-19 00:00:00+08:00,CFFEX.IC2603,63
2026-01-20 00:00:00+08:00,CFFEX.IC2603,60
2026-01-21 00:00:00+08:00,CFFEX.IC2603,59
2026-01-22 00:00:00+08:00,CFFEX.IC2603,58
2026-01-23 00:00:00+08:00,CFFEX.IC2603,57
2026-01-26 00:00:00+08:00,CFFEX.IC2603,56
2026-01-27 00:00:00+08:00,CFFEX.IC2603,53
2026-01-28 00:00:00+08:00,CFFEX.IC2603,52
2026-01-29 00:00:00+08:00,CFFEX.IC2603,51
2026-01-30 00:00:00+08:00,CFFEX.IC2603,50
2026-02-02 00:00:00+08:00,CFFEX.IC2603,49
2026-02-03 00:00:00+08:00,CFFEX.IC2603,46
2026-02-04 00:00:00+08:00,CFFEX.IC2603,45
2026-02-05 00:00:00+08:00,CFFEX.IC2603,44
2026-02-06 00:00:00+08:00,CFFEX.IC2603,43
2026-02-09 00:00:00+08:00,CFFEX.IC2603,42
2026-02-10 00:00:00+08:00,CFFEX.IC2603,39
2026-02-11 00:00:00+08:00,CFFEX.IC2603,38
2026-02-12 00:00:00+08:00,CFFEX.IC2603,37
2026-02-13 00:00:00+08:00,CFFEX.IC2603,36
2026-02-24 00:00:00+08:00,CFFEX.IC2603,25
2026-02-25 00:00:00+08:00,CFFEX.IC2603,24
2026-02-26 00:00:00+08:00,CFFEX.IC2603,23
2026-02-27 00:00:00+08:00,CFFEX.IC2603,22
2026-03-02 00:00:00+08:00,CFFEX.IC2603,21
2026-03-03 00:00:00+08:00,CFFEX.IC2603,18
2026-03-04 00:00:00+08:00,CFFEX.IC2603,17
2026-03-05 00:00:00+08:00,CFFEX.IC2603,16
2026-03-06 00:00:00+08:00,CFFEX.IC2603,15
2026-03-09 00:00:00+08:00,CFFEX.IC2603,14
2026-03-10 00:00:00+08:00,CFFEX.IC2603,11
2026-03-11 00:00:00+08:00,CFFEX.IC2603,10
2026-03-12 00:00:00+08:00,CFFEX.IC2603,9
2026-03-13 00:00:00+08:00,CFFEX.IC2603,8
2026-03-16 00:00:00+08:00,CFFEX.IC2603,7
2026-03-17 00:00:00+08:00,CFFEX.IC2603,4
2026-03-18 00:00:00+08:00,CFFEX.IC2603,3
2026-03-19 00:00:00+08:00,CFFEX.IC2606,96
2026-03-20 00:00:00+08:00,CFFEX.IC2606,95
2026-03-23 00:00:00+08:00,CFFEX.IC2606,94
2026-03-24 00:00:00+08:00,CFFEX.IC2606,91
2026-03-25 00:00:00+08:00,CFFEX.IC2606,90
2026-03-26 00:00:00+08:00,CFFEX.IC2606,89
2026-03-27 00:00:00+08:00,CFFEX.IC2606,88
2026-03-30 00:00:00+08:00,CFFEX.IC2606,87
2026-03-31 00:00:00+08:00,CFFEX.IC2606,84
2026-04-01 00:00:00+08:00,CFFEX.IC2606,83
2026-04-02 00:00:00+08:00,CFFEX.IC2606,82
2026-04-03 00:00:00+08:00,CFFEX.IC2606,81
2026-04-07 00:00:00+08:00,CFFEX.IC2606,77
2026-04-08 00:00:00+08:00,CFFEX.IC2606,76
2026-04-09 00:00:00+08:00,CFFEX.IC2606,75
2026-04-10 00:00:00+08:00,CFFEX.IC2606,74
2026-04-13 00:00:00+08:00,CFFEX.IC2606,73
2026-04-14 00:00:00+08:00,CFFEX.IC2606,70
2026-04-15 00:00:00+08:00,CFFEX.IC2606,69
2026-04-16 00:00:00+08:00,CFFEX.IC2606,68
2026-04-17 00:00:00+08:00,CFFEX.IC2606,67
2026-04-20 00:00:00+08:00,CFFEX.IC2606,66
2026-04-21 00:00:00+08:00,CFFEX.IC2606,63
