,datetime,id,open,high,low,close,volume,open_oi,close_oi,symbol,duration
0,1970-01-01 08:00:00+08:00,-502.0,,,,,0.0,0.0,0.0,KQ.m@CFFEX.IC,86400
1,1970-01-01 08:00:00+08:00,-501.0,,,,,0.0,0.0,0.0,KQ.m@CFFEX.IC,86400
2,1970-01-01 08:00:00+08:00,-500.0,,,,,0.0,0.0,0.0,KQ.m@CFFEX.IC,86400
3,1970-01-01 08:00:00+08:00,-499.0,,,,,0.0,0.0,0.0,KQ.m@CFFEX.IC,86400
4,1970-01-01 08:00:00+08:00,-498.0,,,,,0.0,0.0,0.0,KQ.m@CFFEX.IC,86400
5,1970-01-01 08:00:00+08:00,-497.0,,,,,0.0,0.0,0.0,KQ.m@CFFEX.IC,86400
6,1970-01-01 08:00:00+08:00,-496.0,,,,,0.0,0.0,0.0,KQ.m@CFFEX.IC,86400
7,1970-01-01 08:00:00+08:00,-495.0,,,,,0.0,0.0,0.0,KQ.m@CFFEX.IC,86400
8,1970-01-01 08:00:00+08:00,-494.0,,,,,0.0,0.0,0.0,KQ.m@CFFEX.IC,86400
9,1970-01-01 08:00:00+08:00,-493.0,,,,,0.0,0.0,0.0,KQ.m@CFFEX.IC,86400
10,1970-01-01 08:00:00+08:00,-492.0,,,,,0.0,0.0,0.0,KQ.m@CFFEX.IC,86400
11,1970-01-01 08:00:00+08:00,-491.0,,,,,0.0,0.0,0.0,KQ.m@CFFEX.IC,86400
12,1970-01-01 08:00:00+08:00,-490.0,,,,,0.0,0.0,0.0,KQ.m@CFFEX.IC,86400
13,1970-01-01 08:00:00+08:00,-489.0,,,,,0.0,0.0,0.0,KQ.m@CFFEX.IC,86400
14,1970-01-01 08:00:00+08:00,-488.0,,,,,0.0,0.0,0.0,KQ.m@CFFEX.IC,86400
15,1970-01-01 08:00:00+08:00,-487.0,,,,,0.0,0.0,0.0,KQ.m@CFFEX.IC,86400
16,1970-01-01 08:00:00+08:00,-486.0,,,,,0.0,0.0,0.0,KQ.m@CFFEX.IC,86400
17,1970-01-01 08:00:00+08:00,-485.0,,,,,0.0,0.0,0.0,KQ.m@CFFEX.IC,86400
18,1970-01-01 08:00:00+08:00,-484.0,,,,,0.0,0.0,0.0,KQ.m@CFFEX.IC,86400
19,1970-01-01 08:00:00+08:00,-483.0,,,,,0.0,0.0,0.0,KQ.m@CFFEX.IC,86400
20,1970-01-01 08:00:00+08:00,-482.0,,,,,0.0,0.0,0.0,KQ.m@CFFEX.IC,86400
21,1970-01-01 08:00:00+08:00,-481.0,,,,,0.0,0.0,0.0,KQ.m@CFFEX.IC,86400
22,1970-01-01 08:00:00+08:00,-480.0,,,,,0.0,0.0,0.0,KQ.m@CFFEX.IC,86400
23,1970-01-01 08:00:00+08:00,-479.0,,,,,0.0,0.0,0.0,KQ.m@CFFEX.IC,86400
24,1970-01-01 08:00:00+08:00,-478.0,,,,,0.0,0.0,0.0,KQ.m@CFFEX.IC,86400
25,1970-01-01 08:00:00+08:00,-477.0,,,,,0.0,0.0,0.0,KQ.m@CFFEX.IC,86400
26,1970-01-01 08:00:00+08:00,-476.0,,,,,0.0,0.0,0.0,KQ.m@CFFEX.IC,86400
27,1970-01-01 08:00:00+08:00,-475.0,,,,,0.0,0.0,0.0,KQ.m@CFFEX.IC,86400
28,1970-01-01 08:00:00+08:00,-474.0,,,,,0.0,0.0,0.0,KQ.m@CFFEX.IC,86400
29,1970-01-01 08:00:00+08:00,-473.0,,,,,0.0,0.0,0.0,KQ.m@CFFEX.IC,86400
30,1970-01-01 08:00:00+08:00,-472.0,,,,,0.0,0.0,0.0,KQ.m@CFFEX.IC,86400
31,1970-01-01 08:00:00+08:00,-471.0,,,,,0.0,0.0,0.0,KQ.m@CFFEX.IC,86400
32,1970-01-01 08:00:00+08:00,-470.0,,,,,0.0,0.0,0.0,KQ.m@CFFEX.IC,86400
33,1970-01-01 08:00:00+08:00,-469.0,,,,,0.0,0.0,0.0,KQ.m@CFFEX.IC,86400
34,1970-01-01 08:00:00+08:00,-468.0,,,,,0.0,0.0,0.0,KQ.m@CFFEX.IC,86400
35,1970-01-01 08:00:00+08:00,-467.0,,,,,0.0,0.0,0.0,KQ.m@CFFEX.IC,86400
36,1970-01-01 08:00:00+08:00,-466.0,,,,,0.0,0.0,0.0,KQ.m@CFFEX.IC,86400
37,1970-01-01 08:00:00+08:00,-465.0,,,,,0.0,0.0,0.0,KQ.m@CFFEX.IC,86400
38,1970-01-01 08:00:00+08:00,-464.0,,,,,0.0,0.0,0.0,KQ.m@CFFEX.IC,86400
39,1970-01-01 08:00:00+08:00,-463.0,,,,,0.0,0.0,0.0,KQ.m@CFFEX.IC,86400
40,1970-01-01 08:00:00+08:00,-462.0,,,,,0.0,0.0,0.0,KQ.m@CFFEX.IC,86400
41,1970-01-01 08:00:00+08:00,-461.0,,,,,0.0,0.0,0.0,KQ.m@CFFEX.IC,86400
42,1970-01-01 08:00:00+08:00,-460.0,,,,,0.0,0.0,0.0,KQ.m@CFFEX.IC,86400
43,1970-01-01 08:00:00+08:00,-459.0,,,,,0.0,0.0,0.0,KQ.m@CFFEX.IC,86400
44,1970-01-01 08:00:00+08:00,-458.0,,,,,0.0,0.0,0.0,KQ.m@CFFEX.IC,86400
45,1970-01-01 08:00:00+08:00,-457.0,,,,,0.0,0.0,0.0,KQ.m@CFFEX.IC,86400
46,1970-01-01 08:00:00+08:00,-456.0,,,,,0.0,0.0,0.0,KQ.m@CFFEX.IC,86400
47,1970-01-01 08:00:00+08:00,-455.0,,,,,0.0,0.0,0.0,KQ.m@CFFEX.IC,86400
48,1970-01-01 08:00:00+08:00,-454.0,,,,,0.0,0.0,0.0,KQ.m@CFFEX.IC,86400
49,1970-01-01 08:00:00+08:00,-453.0,,,,,0.0,0.0,0.0,KQ.m@CFFEX.IC,86400
50,1970-01-01 08:00:00+08:00,-452.0,,,,,0.0,0.0,0.0,KQ.m@CFFEX.IC,86400
51,1970-01-01 08:00:00+08:00,-451.0,,,,,0.0,0.0,0.0,KQ.m@CFFEX.IC,86400
52,1970-01-01 08:00:00+08:00,-450.0,,,,,0.0,0.0,0.0,KQ.m@CFFEX.IC,86400
53,1970-01-01 08:00:00+08:00,-449.0,,,,,0.0,0.0,0.0,KQ.m@CFFEX.IC,86400
54,1970-01-01 08:00:00+08:00,-448.0,,,,,0.0,0.0,0.0,KQ.m@CFFEX.IC,86400
55,1970-01-01 08:00:00+08:00,-447.0,,,,,0.0,0.0,0.0,KQ.m@CFFEX.IC,86400
56,1970-01-01 08:00:00+08:00,-446.0,,,,,0.0,0.0,0.0,KQ.m@CFFEX.IC,86400
57,1970-01-01 08:00:00+08:00,-445.0,,,,,0.0,0.0,0.0,KQ.m@CFFEX.IC,86400
58,1970-01-01 08:00:00+08:00,-444.0,,,,,0.0,0.0,0.0,KQ.m@CFFEX.IC,86400
59,1970-01-01 08:00:00+08:00,-443.0,,,,,0.0,0.0,0.0,KQ.m@CFFEX.IC,86400
60,1970-01-01 08:00:00+08:00,-442.0,,,,,0.0,0.0,0.0,KQ.m@CFFEX.IC,86400
61,1970-01-01 08:00:00+08:00,-441.0,,,,,0.0,0.0,0.0,KQ.m@CFFEX.IC,86400
62,1970-01-01 08:00:00+08:00,-440.0,,,,,0.0,0.0,0.0,KQ.m@CFFEX.IC,86400
63,1970-01-01 08:00:00+08:00,-439.0,,,,,0.0,0.0,0.0,KQ.m@CFFEX.IC,86400
64,1970-01-01 08:00:00+08:00,-438.0,,,,,0.0,0.0,0.0,KQ.m@CFFEX.IC,86400
65,1970-01-01 08:00:00+08:00,-437.0,,,,,0.0,0.0,0.0,KQ.m@CFFEX.IC,86400
66,1970-01-01 08:00:00+08:00,-436.0,,,,,0.0,0.0,0.0,KQ.m@CFFEX.IC,86400
67,1970-01-01 08:00:00+08:00,-435.0,,,,,0.0,0.0,0.0,KQ.m@CFFEX.IC,86400
68,1970-01-01 08:00:00+08:00,-434.0,,,,,0.0,0.0,0.0,KQ.m@CFFEX.IC,86400
69,1970-01-01 08:00:00+08:00,-433.0,,,,,0.0,0.0,0.0,KQ.m@CFFEX.IC,86400
70,1970-01-01 08:00:00+08:00,-432.0,,,,,0.0,0.0,0.0,KQ.m@CFFEX.IC,86400
71,1970-01-01 08:00:00+08:00,-431.0,,,,,0.0,0.0,0.0,KQ.m@CFFEX.IC,86400
72,1970-01-01 08:00:00+08:00,-430.0,,,,,0.0,0.0,0.0,KQ.m@CFFEX.IC,86400
73,1970-01-01 08:00:00+08:00,-429.0,,,,,0.0,0.0,0.0,KQ.m@CFFEX.IC,86400
74,1970-01-01 08:00:00+08:00,-428.0,,,,,0.0,0.0,0.0,KQ.m@CFFEX.IC,86400
75,1970-01-01 08:00:00+08:00,-427.0,,,,,0.0,0.0,0.0,KQ.m@CFFEX.IC,86400
76,1970-01-01 08:00:00+08:00,-426.0,,,,,0.0,0.0,0.0,KQ.m@CFFEX.IC,86400
77,1970-01-01 08:00:00+08:00,-425.0,,,,,0.0,0.0,0.0,KQ.m@CFFEX.IC,86400
78,1970-01-01 08:00:00+08:00,-424.0,,,,,0.0,0.0,0.0,KQ.m@CFFEX.IC,86400
79,1970-01-01 08:00:00+08:00,-423.0,,,,,0.0,0.0,0.0,KQ.m@CFFEX.IC,86400
80,1970-01-01 08:00:00+08:00,-422.0,,,,,0.0,0.0,0.0,KQ.m@CFFEX.IC,86400
81,1970-01-01 08:00:00+08:00,-421.0,,,,,0.0,0.0,0.0,KQ.m@CFFEX.IC,86400
82,1970-01-01 08:00:00+08:00,-420.0,,,,,0.0,0.0,0.0,KQ.m@CFFEX.IC,86400
83,1970-01-01 08:00:00+08:00,-419.0,,,,,0.0,0.0,0.0,KQ.m@CFFEX.IC,86400
84,1970-01-01 08:00:00+08:00,-418.0,,,,,0.0,0.0,0.0,KQ.m@CFFEX.IC,86400
85,1970-01-01 08:00:00+08:00,-417.0,,,,,0.0,0.0,0.0,KQ.m@CFFEX.IC,86400
86,1970-01-01 08:00:00+08:00,-416.0,,,,,0.0,0.0,0.0,KQ.m@CFFEX.IC,86400
87,1970-01-01 08:00:00+08:00,-415.0,,,,,0.0,0.0,0.0,KQ.m@CFFEX.IC,86400
88,1970-01-01 08:00:00+08:00,-414.0,,,,,0.0,0.0,0.0,KQ.m@CFFEX.IC,86400
89,1970-01-01 08:00:00+08:00,-413.0,,,,,0.0,0.0,0.0,KQ.m@CFFEX.IC,86400
90,1970-01-01 08:00:00+08:00,-412.0,,,,,0.0,0.0,0.0,KQ.m@CFFEX.IC,86400
91,1970-01-01 08:00:00+08:00,-411.0,,,,,0.0,0.0,0.0,KQ.m@CFFEX.IC,86400
92,1970-01-01 08:00:00+08:00,-410.0,,,,,0.0,0.0,0.0,KQ.m@CFFEX.IC,86400
93,1970-01-01 08:00:00+08:00,-409.0,,,,,0.0,0.0,0.0,KQ.m@CFFEX.IC,86400
94,1970-01-01 08:00:00+08:00,-408.0,,,,,0.0,0.0,0.0,KQ.m@CFFEX.IC,86400
95,1970-01-01 08:00:00+08:00,-407.0,,,,,0.0,0.0,0.0,KQ.m@CFFEX.IC,86400
96,1970-01-01 08:00:00+08:00,-406.0,,,,,0.0,0.0,0.0,KQ.m@CFFEX.IC,86400
97,1970-01-01 08:00:00+08:00,-405.0,,,,,0.0,0.0,0.0,KQ.m@CFFEX.IC,86400
98,1970-01-01 08:00:00+08:00,-404.0,,,,,0.0,0.0,0.0,KQ.m@CFFEX.IC,86400
99,1970-01-01 08:00:00+08:00,-403.0,,,,,0.0,0.0,0.0,KQ.m@CFFEX.IC,86400
100,1970-01-01 08:00:00+08:00,-402.0,,,,,0.0,0.0,0.0,KQ.m@CFFEX.IC,86400
101,1970-01-01 08:00:00+08:00,-401.0,,,,,0.0,0.0,0.0,KQ.m@CFFEX.IC,86400
102,1970-01-01 08:00:00+08:00,-400.0,,,,,0.0,0.0,0.0,KQ.m@CFFEX.IC,86400
103,1970-01-01 08:00:00+08:00,-399.0,,,,,0.0,0.0,0.0,KQ.m@CFFEX.IC,86400
104,1970-01-01 08:00:00+08:00,-398.0,,,,,0.0,0.0,0.0,KQ.m@CFFEX.IC,86400
105,1970-01-01 08:00:00+08:00,-397.0,,,,,0.0,0.0,0.0,KQ.m@CFFEX.IC,86400
106,1970-01-01 08:00:00+08:00,-396.0,,,,,0.0,0.0,0.0,KQ.m@CFFEX.IC,86400
107,1970-01-01 08:00:00+08:00,-395.0,,,,,0.0,0.0,0.0,KQ.m@CFFEX.IC,86400
108,1970-01-01 08:00:00+08:00,-394.0,,,,,0.0,0.0,0.0,KQ.m@CFFEX.IC,86400
109,1970-01-01 08:00:00+08:00,-393.0,,,,,0.0,0.0,0.0,KQ.m@CFFEX.IC,86400
110,1970-01-01 08:00:00+08:00,-392.0,,,,,0.0,0.0,0.0,KQ.m@CFFEX.IC,86400
111,1970-01-01 08:00:00+08:00,-391.0,,,,,0.0,0.0,0.0,KQ.m@CFFEX.IC,86400
112,1970-01-01 08:00:00+08:00,-390.0,,,,,0.0,0.0,0.0,KQ.m@CFFEX.IC,86400
113,1970-01-01 08:00:00+08:00,-389.0,,,,,0.0,0.0,0.0,KQ.m@CFFEX.IC,86400
114,1970-01-01 08:00:00+08:00,-388.0,,,,,0.0,0.0,0.0,KQ.m@CFFEX.IC,86400
115,1970-01-01 08:00:00+08:00,-387.0,,,,,0.0,0.0,0.0,KQ.m@CFFEX.IC,86400
116,1970-01-01 08:00:00+08:00,-386.0,,,,,0.0,0.0,0.0,KQ.m@CFFEX.IC,86400
117,1970-01-01 08:00:00+08:00,-385.0,,,,,0.0,0.0,0.0,KQ.m@CFFEX.IC,86400
118,1970-01-01 08:00:00+08:00,-384.0,,,,,0.0,0.0,0.0,KQ.m@CFFEX.IC,86400
119,1970-01-01 08:00:00+08:00,-383.0,,,,,0.0,0.0,0.0,KQ.m@CFFEX.IC,86400
120,1970-01-01 08:00:00+08:00,-382.0,,,,,0.0,0.0,0.0,KQ.m@CFFEX.IC,86400
121,1970-01-01 08:00:00+08:00,-381.0,,,,,0.0,0.0,0.0,KQ.m@CFFEX.IC,86400
122,1970-01-01 08:00:00+08:00,-380.0,,,,,0.0,0.0,0.0,KQ.m@CFFEX.IC,86400
123,1970-01-01 08:00:00+08:00,-379.0,,,,,0.0,0.0,0.0,KQ.m@CFFEX.IC,86400
124,1970-01-01 08:00:00+08:00,-378.0,,,,,0.0,0.0,0.0,KQ.m@CFFEX.IC,86400
125,1970-01-01 08:00:00+08:00,-377.0,,,,,0.0,0.0,0.0,KQ.m@CFFEX.IC,86400
126,1970-01-01 08:00:00+08:00,-376.0,,,,,0.0,0.0,0.0,KQ.m@CFFEX.IC,86400
127,1970-01-01 08:00:00+08:00,-375.0,,,,,0.0,0.0,0.0,KQ.m@CFFEX.IC,86400
128,1970-01-01 08:00:00+08:00,-374.0,,,,,0.0,0.0,0.0,KQ.m@CFFEX.IC,86400
129,1970-01-01 08:00:00+08:00,-373.0,,,,,0.0,0.0,0.0,KQ.m@CFFEX.IC,86400
130,1970-01-01 08:00:00+08:00,-372.0,,,,,0.0,0.0,0.0,KQ.m@CFFEX.IC,86400
131,1970-01-01 08:00:00+08:00,-371.0,,,,,0.0,0.0,0.0,KQ.m@CFFEX.IC,86400
132,1970-01-01 08:00:00+08:00,-370.0,,,,,0.0,0.0,0.0,KQ.m@CFFEX.IC,86400
133,1970-01-01 08:00:00+08:00,-369.0,,,,,0.0,0.0,0.0,KQ.m@CFFEX.IC,86400
134,1970-01-01 08:00:00+08:00,-368.0,,,,,0.0,0.0,0.0,KQ.m@CFFEX.IC,86400
135,1970-01-01 08:00:00+08:00,-367.0,,,,,0.0,0.0,0.0,KQ.m@CFFEX.IC,86400
136,1970-01-01 08:00:00+08:00,-366.0,,,,,0.0,0.0,0.0,KQ.m@CFFEX.IC,86400
137,1970-01-01 08:00:00+08:00,-365.0,,,,,0.0,0.0,0.0,KQ.m@CFFEX.IC,86400
138,1970-01-01 08:00:00+08:00,-364.0,,,,,0.0,0.0,0.0,KQ.m@CFFEX.IC,86400
139,1970-01-01 08:00:00+08:00,-363.0,,,,,0.0,0.0,0.0,KQ.m@CFFEX.IC,86400
140,1970-01-01 08:00:00+08:00,-362.0,,,,,0.0,0.0,0.0,KQ.m@CFFEX.IC,86400
141,1970-01-01 08:00:00+08:00,-361.0,,,,,0.0,0.0,0.0,KQ.m@CFFEX.IC,86400
142,1970-01-01 08:00:00+08:00,-360.0,,,,,0.0,0.0,0.0,KQ.m@CFFEX.IC,86400
143,1970-01-01 08:00:00+08:00,-359.0,,,,,0.0,0.0,0.0,KQ.m@CFFEX.IC,86400
144,1970-01-01 08:00:00+08:00,-358.0,,,,,0.0,0.0,0.0,KQ.m@CFFEX.IC,86400
145,1970-01-01 08:00:00+08:00,-357.0,,,,,0.0,0.0,0.0,KQ.m@CFFEX.IC,86400
146,1970-01-01 08:00:00+08:00,-356.0,,,,,0.0,0.0,0.0,KQ.m@CFFEX.IC,86400
147,1970-01-01 08:00:00+08:00,-355.0,,,,,0.0,0.0,0.0,KQ.m@CFFEX.IC,86400
148,1970-01-01 08:00:00+08:00,-354.0,,,,,0.0,0.0,0.0,KQ.m@CFFEX.IC,86400
149,1970-01-01 08:00:00+08:00,-353.0,,,,,0.0,0.0,0.0,KQ.m@CFFEX.IC,86400
150,1970-01-01 08:00:00+08:00,-352.0,,,,,0.0,0.0,0.0,KQ.m@CFFEX.IC,86400
151,1970-01-01 08:00:00+08:00,-351.0,,,,,0.0,0.0,0.0,KQ.m@CFFEX.IC,86400
152,1970-01-01 08:00:00+08:00,-350.0,,,,,0.0,0.0,0.0,KQ.m@CFFEX.IC,86400
153,1970-01-01 08:00:00+08:00,-349.0,,,,,0.0,0.0,0.0,KQ.m@CFFEX.IC,86400
154,1970-01-01 08:00:00+08:00,-348.0,,,,,0.0,0.0,0.0,KQ.m@CFFEX.IC,86400
155,1970-01-01 08:00:00+08:00,-347.0,,,,,0.0,0.0,0.0,KQ.m@CFFEX.IC,86400
156,1970-01-01 08:00:00+08:00,-346.0,,,,,0.0,0.0,0.0,KQ.m@CFFEX.IC,86400
157,1970-01-01 08:00:00+08:00,-345.0,,,,,0.0,0.0,0.0,KQ.m@CFFEX.IC,86400
158,1970-01-01 08:00:00+08:00,-344.0,,,,,0.0,0.0,0.0,KQ.m@CFFEX.IC,86400
159,1970-01-01 08:00:00+08:00,-343.0,,,,,0.0,0.0,0.0,KQ.m@CFFEX.IC,86400
160,1970-01-01 08:00:00+08:00,-342.0,,,,,0.0,0.0,0.0,KQ.m@CFFEX.IC,86400
161,1970-01-01 08:00:00+08:00,-341.0,,,,,0.0,0.0,0.0,KQ.m@CFFEX.IC,86400
162,1970-01-01 08:00:00+08:00,-340.0,,,,,0.0,0.0,0.0,KQ.m@CFFEX.IC,86400
163,1970-01-01 08:00:00+08:00,-339.0,,,,,0.0,0.0,0.0,KQ.m@CFFEX.IC,86400
164,1970-01-01 08:00:00+08:00,-338.0,,,,,0.0,0.0,0.0,KQ.m@CFFEX.IC,86400
165,1970-01-01 08:00:00+08:00,-337.0,,,,,0.0,0.0,0.0,KQ.m@CFFEX.IC,86400
166,1970-01-01 08:00:00+08:00,-336.0,,,,,0.0,0.0,0.0,KQ.m@CFFEX.IC,86400
167,1970-01-01 08:00:00+08:00,-335.0,,,,,0.0,0.0,0.0,KQ.m@CFFEX.IC,86400
168,1970-01-01 08:00:00+08:00,-334.0,,,,,0.0,0.0,0.0,KQ.m@CFFEX.IC,86400
169,1970-01-01 08:00:00+08:00,-333.0,,,,,0.0,0.0,0.0,KQ.m@CFFEX.IC,86400
170,1970-01-01 08:00:00+08:00,-332.0,,,,,0.0,0.0,0.0,KQ.m@CFFEX.IC,86400
171,1970-01-01 08:00:00+08:00,-331.0,,,,,0.0,0.0,0.0,KQ.m@CFFEX.IC,86400
172,1970-01-01 08:00:00+08:00,-330.0,,,,,0.0,0.0,0.0,KQ.m@CFFEX.IC,86400
173,1970-01-01 08:00:00+08:00,-329.0,,,,,0.0,0.0,0.0,KQ.m@CFFEX.IC,86400
174,1970-01-01 08:00:00+08:00,-328.0,,,,,0.0,0.0,0.0,KQ.m@CFFEX.IC,86400
175,1970-01-01 08:00:00+08:00,-327.0,,,,,0.0,0.0,0.0,KQ.m@CFFEX.IC,86400
176,1970-01-01 08:00:00+08:00,-326.0,,,,,0.0,0.0,0.0,KQ.m@CFFEX.IC,86400
177,1970-01-01 08:00:00+08:00,-325.0,,,,,0.0,0.0,0.0,KQ.m@CFFEX.IC,86400
178,1970-01-01 08:00:00+08:00,-324.0,,,,,0.0,0.0,0.0,KQ.m@CFFEX.IC,86400
179,1970-01-01 08:00:00+08:00,-323.0,,,,,0.0,0.0,0.0,KQ.m@CFFEX.IC,86400
180,1970-01-01 08:00:00+08:00,-322.0,,,,,0.0,0.0,0.0,KQ.m@CFFEX.IC,86400
181,1970-01-01 08:00:00+08:00,-321.0,,,,,0.0,0.0,0.0,KQ.m@CFFEX.IC,86400
182,1970-01-01 08:00:00+08:00,-320.0,,,,,0.0,0.0,0.0,KQ.m@CFFEX.IC,86400
183,1970-01-01 08:00:00+08:00,-319.0,,,,,0.0,0.0,0.0,KQ.m@CFFEX.IC,86400
184,1970-01-01 08:00:00+08:00,-318.0,,,,,0.0,0.0,0.0,KQ.m@CFFEX.IC,86400
185,1970-01-01 08:00:00+08:00,-317.0,,,,,0.0,0.0,0.0,KQ.m@CFFEX.IC,86400
186,1970-01-01 08:00:00+08:00,-316.0,,,,,0.0,0.0,0.0,KQ.m@CFFEX.IC,86400
187,1970-01-01 08:00:00+08:00,-315.0,,,,,0.0,0.0,0.0,KQ.m@CFFEX.IC,86400
188,1970-01-01 08:00:00+08:00,-314.0,,,,,0.0,0.0,0.0,KQ.m@CFFEX.IC,86400
189,1970-01-01 08:00:00+08:00,-313.0,,,,,0.0,0.0,0.0,KQ.m@CFFEX.IC,86400
190,1970-01-01 08:00:00+08:00,-312.0,,,,,0.0,0.0,0.0,KQ.m@CFFEX.IC,86400
191,1970-01-01 08:00:00+08:00,-311.0,,,,,0.0,0.0,0.0,KQ.m@CFFEX.IC,86400
192,1970-01-01 08:00:00+08:00,-310.0,,,,,0.0,0.0,0.0,KQ.m@CFFEX.IC,86400
193,1970-01-01 08:00:00+08:00,-309.0,,,,,0.0,0.0,0.0,KQ.m@CFFEX.IC,86400
194,1970-01-01 08:00:00+08:00,-308.0,,,,,0.0,0.0,0.0,KQ.m@CFFEX.IC,86400
195,1970-01-01 08:00:00+08:00,-307.0,,,,,0.0,0.0,0.0,KQ.m@CFFEX.IC,86400
196,1970-01-01 08:00:00+08:00,-306.0,,,,,0.0,0.0,0.0,KQ.m@CFFEX.IC,86400
197,1970-01-01 08:00:00+08:00,-305.0,,,,,0.0,0.0,0.0,KQ.m@CFFEX.IC,86400
198,1970-01-01 08:00:00+08:00,-304.0,,,,,0.0,0.0,0.0,KQ.m@CFFEX.IC,86400
199,1970-01-01 08:00:00+08:00,-303.0,,,,,0.0,0.0,0.0,KQ.m@CFFEX.IC,86400
200,1970-01-01 08:00:00+08:00,-302.0,,,,,0.0,0.0,0.0,KQ.m@CFFEX.IC,86400
201,1970-01-01 08:00:00+08:00,-301.0,,,,,0.0,0.0,0.0,KQ.m@CFFEX.IC,86400
202,1970-01-01 08:00:00+08:00,-300.0,,,,,0.0,0.0,0.0,KQ.m@CFFEX.IC,86400
203,1970-01-01 08:00:00+08:00,-299.0,,,,,0.0,0.0,0.0,KQ.m@CFFEX.IC,86400
204,1970-01-01 08:00:00+08:00,-298.0,,,,,0.0,0.0,0.0,KQ.m@CFFEX.IC,86400
205,1970-01-01 08:00:00+08:00,-297.0,,,,,0.0,0.0,0.0,KQ.m@CFFEX.IC,86400
206,1970-01-01 08:00:00+08:00,-296.0,,,,,0.0,0.0,0.0,KQ.m@CFFEX.IC,86400
207,1970-01-01 08:00:00+08:00,-295.0,,,,,0.0,0.0,0.0,KQ.m@CFFEX.IC,86400
208,1970-01-01 08:00:00+08:00,-294.0,,,,,0.0,0.0,0.0,KQ.m@CFFEX.IC,86400
209,1970-01-01 08:00:00+08:00,-293.0,,,,,0.0,0.0,0.0,KQ.m@CFFEX.IC,86400
210,1970-01-01 08:00:00+08:00,-292.0,,,,,0.0,0.0,0.0,KQ.m@CFFEX.IC,86400
211,1970-01-01 08:00:00+08:00,-291.0,,,,,0.0,0.0,0.0,KQ.m@CFFEX.IC,86400
212,1970-01-01 08:00:00+08:00,-290.0,,,,,0.0,0.0,0.0,KQ.m@CFFEX.IC,86400
213,1970-01-01 08:00:00+08:00,-289.0,,,,,0.0,0.0,0.0,KQ.m@CFFEX.IC,86400
214,1970-01-01 08:00:00+08:00,-288.0,,,,,0.0,0.0,0.0,KQ.m@CFFEX.IC,86400
215,1970-01-01 08:00:00+08:00,-287.0,,,,,0.0,0.0,0.0,KQ.m@CFFEX.IC,86400
216,1970-01-01 08:00:00+08:00,-286.0,,,,,0.0,0.0,0.0,KQ.m@CFFEX.IC,86400
217,1970-01-01 08:00:00+08:00,-285.0,,,,,0.0,0.0,0.0,KQ.m@CFFEX.IC,86400
218,1970-01-01 08:00:00+08:00,-284.0,,,,,0.0,0.0,0.0,KQ.m@CFFEX.IC,86400
219,1970-01-01 08:00:00+08:00,-283.0,,,,,0.0,0.0,0.0,KQ.m@CFFEX.IC,86400
220,1970-01-01 08:00:00+08:00,-282.0,,,,,0.0,0.0,0.0,KQ.m@CFFEX.IC,86400
221,1970-01-01 08:00:00+08:00,-281.0,,,,,0.0,0.0,0.0,KQ.m@CFFEX.IC,86400
222,1970-01-01 08:00:00+08:00,-280.0,,,,,0.0,0.0,0.0,KQ.m@CFFEX.IC,86400
223,1970-01-01 08:00:00+08:00,-279.0,,,,,0.0,0.0,0.0,KQ.m@CFFEX.IC,86400
224,1970-01-01 08:00:00+08:00,-278.0,,,,,0.0,0.0,0.0,KQ.m@CFFEX.IC,86400
225,1970-01-01 08:00:00+08:00,-277.0,,,,,0.0,0.0,0.0,KQ.m@CFFEX.IC,86400
226,1970-01-01 08:00:00+08:00,-276.0,,,,,0.0,0.0,0.0,KQ.m@CFFEX.IC,86400
227,1970-01-01 08:00:00+08:00,-275.0,,,,,0.0,0.0,0.0,KQ.m@CFFEX.IC,86400
228,1970-01-01 08:00:00+08:00,-274.0,,,,,0.0,0.0,0.0,KQ.m@CFFEX.IC,86400
229,1970-01-01 08:00:00+08:00,-273.0,,,,,0.0,0.0,0.0,KQ.m@CFFEX.IC,86400
230,1970-01-01 08:00:00+08:00,-272.0,,,,,0.0,0.0,0.0,KQ.m@CFFEX.IC,86400
231,1970-01-01 08:00:00+08:00,-271.0,,,,,0.0,0.0,0.0,KQ.m@CFFEX.IC,86400
232,1970-01-01 08:00:00+08:00,-270.0,,,,,0.0,0.0,0.0,KQ.m@CFFEX.IC,86400
233,1970-01-01 08:00:00+08:00,-269.0,,,,,0.0,0.0,0.0,KQ.m@CFFEX.IC,86400
234,1970-01-01 08:00:00+08:00,-268.0,,,,,0.0,0.0,0.0,KQ.m@CFFEX.IC,86400
235,1970-01-01 08:00:00+08:00,-267.0,,,,,0.0,0.0,0.0,KQ.m@CFFEX.IC,86400
236,1970-01-01 08:00:00+08:00,-266.0,,,,,0.0,0.0,0.0,KQ.m@CFFEX.IC,86400
237,1970-01-01 08:00:00+08:00,-265.0,,,,,0.0,0.0,0.0,KQ.m@CFFEX.IC,86400
238,1970-01-01 08:00:00+08:00,-264.0,,,,,0.0,0.0,0.0,KQ.m@CFFEX.IC,86400
239,1970-01-01 08:00:00+08:00,-263.0,,,,,0.0,0.0,0.0,KQ.m@CFFEX.IC,86400
240,1970-01-01 08:00:00+08:00,-262.0,,,,,0.0,0.0,0.0,KQ.m@CFFEX.IC,86400
241,1970-01-01 08:00:00+08:00,-261.0,,,,,0.0,0.0,0.0,KQ.m@CFFEX.IC,86400
242,1970-01-01 08:00:00+08:00,-260.0,,,,,0.0,0.0,0.0,KQ.m@CFFEX.IC,86400
243,1970-01-01 08:00:00+08:00,-259.0,,,,,0.0,0.0,0.0,KQ.m@CFFEX.IC,86400
244,1970-01-01 08:00:00+08:00,-258.0,,,,,0.0,0.0,0.0,KQ.m@CFFEX.IC,86400
245,1970-01-01 08:00:00+08:00,-257.0,,,,,0.0,0.0,0.0,KQ.m@CFFEX.IC,86400
246,1970-01-01 08:00:00+08:00,-256.0,,,,,0.0,0.0,0.0,KQ.m@CFFEX.IC,86400
247,1970-01-01 08:00:00+08:00,-255.0,,,,,0.0,0.0,0.0,KQ.m@CFFEX.IC,86400
248,1970-01-01 08:00:00+08:00,-254.0,,,,,0.0,0.0,0.0,KQ.m@CFFEX.IC,86400
249,1970-01-01 08:00:00+08:00,-253.0,,,,,0.0,0.0,0.0,KQ.m@CFFEX.IC,86400
250,1970-01-01 08:00:00+08:00,-252.0,,,,,0.0,0.0,0.0,KQ.m@CFFEX.IC,86400
251,1970-01-01 08:00:00+08:00,-251.0,,,,,0.0,0.0,0.0,KQ.m@CFFEX.IC,86400
252,1970-01-01 08:00:00+08:00,-250.0,,,,,0.0,0.0,0.0,KQ.m@CFFEX.IC,86400
253,1970-01-01 08:00:00+08:00,-249.0,,,,,0.0,0.0,0.0,KQ.m@CFFEX.IC,86400
254,1970-01-01 08:00:00+08:00,-248.0,,,,,0.0,0.0,0.0,KQ.m@CFFEX.IC,86400
255,1970-01-01 08:00:00+08:00,-247.0,,,,,0.0,0.0,0.0,KQ.m@CFFEX.IC,86400
256,1970-01-01 08:00:00+08:00,-246.0,,,,,0.0,0.0,0.0,KQ.m@CFFEX.IC,86400
257,1970-01-01 08:00:00+08:00,-245.0,,,,,0.0,0.0,0.0,KQ.m@CFFEX.IC,86400
258,1970-01-01 08:00:00+08:00,-244.0,,,,,0.0,0.0,0.0,KQ.m@CFFEX.IC,86400
259,1970-01-01 08:00:00+08:00,-243.0,,,,,0.0,0.0,0.0,KQ.m@CFFEX.IC,86400
260,1970-01-01 08:00:00+08:00,-242.0,,,,,0.0,0.0,0.0,KQ.m@CFFEX.IC,86400
261,1970-01-01 08:00:00+08:00,-241.0,,,,,0.0,0.0,0.0,KQ.m@CFFEX.IC,86400
262,1970-01-01 08:00:00+08:00,-240.0,,,,,0.0,0.0,0.0,KQ.m@CFFEX.IC,86400
263,1970-01-01 08:00:00+08:00,-239.0,,,,,0.0,0.0,0.0,KQ.m@CFFEX.IC,86400
264,1970-01-01 08:00:00+08:00,-238.0,,,,,0.0,0.0,0.0,KQ.m@CFFEX.IC,86400
265,1970-01-01 08:00:00+08:00,-237.0,,,,,0.0,0.0,0.0,KQ.m@CFFEX.IC,86400
266,1970-01-01 08:00:00+08:00,-236.0,,,,,0.0,0.0,0.0,KQ.m@CFFEX.IC,86400
267,1970-01-01 08:00:00+08:00,-235.0,,,,,0.0,0.0,0.0,KQ.m@CFFEX.IC,86400
268,1970-01-01 08:00:00+08:00,-234.0,,,,,0.0,0.0,0.0,KQ.m@CFFEX.IC,86400
269,1970-01-01 08:00:00+08:00,-233.0,,,,,0.0,0.0,0.0,KQ.m@CFFEX.IC,86400
270,1970-01-01 08:00:00+08:00,-232.0,,,,,0.0,0.0,0.0,KQ.m@CFFEX.IC,86400
271,1970-01-01 08:00:00+08:00,-231.0,,,,,0.0,0.0,0.0,KQ.m@CFFEX.IC,86400
272,1970-01-01 08:00:00+08:00,-230.0,,,,,0.0,0.0,0.0,KQ.m@CFFEX.IC,86400
273,1970-01-01 08:00:00+08:00,-229.0,,,,,0.0,0.0,0.0,KQ.m@CFFEX.IC,86400
274,1970-01-01 08:00:00+08:00,-228.0,,,,,0.0,0.0,0.0,KQ.m@CFFEX.IC,86400
275,1970-01-01 08:00:00+08:00,-227.0,,,,,0.0,0.0,0.0,KQ.m@CFFEX.IC,86400
276,1970-01-01 08:00:00+08:00,-226.0,,,,,0.0,0.0,0.0,KQ.m@CFFEX.IC,86400
277,1970-01-01 08:00:00+08:00,-225.0,,,,,0.0,0.0,0.0,KQ.m@CFFEX.IC,86400
278,1970-01-01 08:00:00+08:00,-224.0,,,,,0.0,0.0,0.0,KQ.m@CFFEX.IC,86400
279,1970-01-01 08:00:00+08:00,-223.0,,,,,0.0,0.0,0.0,KQ.m@CFFEX.IC,86400
280,1970-01-01 08:00:00+08:00,-222.0,,,,,0.0,0.0,0.0,KQ.m@CFFEX.IC,86400
281,1970-01-01 08:00:00+08:00,-221.0,,,,,0.0,0.0,0.0,KQ.m@CFFEX.IC,86400
282,1970-01-01 08:00:00+08:00,-220.0,,,,,0.0,0.0,0.0,KQ.m@CFFEX.IC,86400
283,1970-01-01 08:00:00+08:00,-219.0,,,,,0.0,0.0,0.0,KQ.m@CFFEX.IC,86400
284,1970-01-01 08:00:00+08:00,-218.0,,,,,0.0,0.0,0.0,KQ.m@CFFEX.IC,86400
285,1970-01-01 08:00:00+08:00,-217.0,,,,,0.0,0.0,0.0,KQ.m@CFFEX.IC,86400
286,1970-01-01 08:00:00+08:00,-216.0,,,,,0.0,0.0,0.0,KQ.m@CFFEX.IC,86400
287,1970-01-01 08:00:00+08:00,-215.0,,,,,0.0,0.0,0.0,KQ.m@CFFEX.IC,86400
288,1970-01-01 08:00:00+08:00,-214.0,,,,,0.0,0.0,0.0,KQ.m@CFFEX.IC,86400
289,1970-01-01 08:00:00+08:00,-213.0,,,,,0.0,0.0,0.0,KQ.m@CFFEX.IC,86400
290,1970-01-01 08:00:00+08:00,-212.0,,,,,0.0,0.0,0.0,KQ.m@CFFEX.IC,86400
291,1970-01-01 08:00:00+08:00,-211.0,,,,,0.0,0.0,0.0,KQ.m@CFFEX.IC,86400
292,1970-01-01 08:00:00+08:00,-210.0,,,,,0.0,0.0,0.0,KQ.m@CFFEX.IC,86400
293,1970-01-01 08:00:00+08:00,-209.0,,,,,0.0,0.0,0.0,KQ.m@CFFEX.IC,86400
294,1970-01-01 08:00:00+08:00,-208.0,,,,,0.0,0.0,0.0,KQ.m@CFFEX.IC,86400
295,1970-01-01 08:00:00+08:00,-207.0,,,,,0.0,0.0,0.0,KQ.m@CFFEX.IC,86400
296,1970-01-01 08:00:00+08:00,-206.0,,,,,0.0,0.0,0.0,KQ.m@CFFEX.IC,86400
297,1970-01-01 08:00:00+08:00,-205.0,,,,,0.0,0.0,0.0,KQ.m@CFFEX.IC,86400
298,1970-01-01 08:00:00+08:00,-204.0,,,,,0.0,0.0,0.0,KQ.m@CFFEX.IC,86400
299,1970-01-01 08:00:00+08:00,-203.0,,,,,0.0,0.0,0.0,KQ.m@CFFEX.IC,86400
300,1970-01-01 08:00:00+08:00,-202.0,,,,,0.0,0.0,0.0,KQ.m@CFFEX.IC,86400
301,1970-01-01 08:00:00+08:00,-201.0,,,,,0.0,0.0,0.0,KQ.m@CFFEX.IC,86400
302,1970-01-01 08:00:00+08:00,-200.0,,,,,0.0,0.0,0.0,KQ.m@CFFEX.IC,86400
303,1970-01-01 08:00:00+08:00,-199.0,,,,,0.0,0.0,0.0,KQ.m@CFFEX.IC,86400
304,1970-01-01 08:00:00+08:00,-198.0,,,,,0.0,0.0,0.0,KQ.m@CFFEX.IC,86400
305,1970-01-01 08:00:00+08:00,-197.0,,,,,0.0,0.0,0.0,KQ.m@CFFEX.IC,86400
306,1970-01-01 08:00:00+08:00,-196.0,,,,,0.0,0.0,0.0,KQ.m@CFFEX.IC,86400
307,1970-01-01 08:00:00+08:00,-195.0,,,,,0.0,0.0,0.0,KQ.m@CFFEX.IC,86400
308,1970-01-01 08:00:00+08:00,-194.0,,,,,0.0,0.0,0.0,KQ.m@CFFEX.IC,86400
309,1970-01-01 08:00:00+08:00,-193.0,,,,,0.0,0.0,0.0,KQ.m@CFFEX.IC,86400
310,1970-01-01 08:00:00+08:00,-192.0,,,,,0.0,0.0,0.0,KQ.m@CFFEX.IC,86400
311,1970-01-01 08:00:00+08:00,-191.0,,,,,0.0,0.0,0.0,KQ.m@CFFEX.IC,86400
312,1970-01-01 08:00:00+08:00,-190.0,,,,,0.0,0.0,0.0,KQ.m@CFFEX.IC,86400
313,1970-01-01 08:00:00+08:00,-189.0,,,,,0.0,0.0,0.0,KQ.m@CFFEX.IC,86400
314,1970-01-01 08:00:00+08:00,-188.0,,,,,0.0,0.0,0.0,KQ.m@CFFEX.IC,86400
315,1970-01-01 08:00:00+08:00,-187.0,,,,,0.0,0.0,0.0,KQ.m@CFFEX.IC,86400
316,1970-01-01 08:00:00+08:00,-186.0,,,,,0.0,0.0,0.0,KQ.m@CFFEX.IC,86400
317,1970-01-01 08:00:00+08:00,-185.0,,,,,0.0,0.0,0.0,KQ.m@CFFEX.IC,86400
318,1970-01-01 08:00:00+08:00,-184.0,,,,,0.0,0.0,0.0,KQ.m@CFFEX.IC,86400
319,1970-01-01 08:00:00+08:00,-183.0,,,,,0.0,0.0,0.0,KQ.m@CFFEX.IC,86400
320,1970-01-01 08:00:00+08:00,-182.0,,,,,0.0,0.0,0.0,KQ.m@CFFEX.IC,86400
321,1970-01-01 08:00:00+08:00,-181.0,,,,,0.0,0.0,0.0,KQ.m@CFFEX.IC,86400
322,1970-01-01 08:00:00+08:00,-180.0,,,,,0.0,0.0,0.0,KQ.m@CFFEX.IC,86400
323,1970-01-01 08:00:00+08:00,-179.0,,,,,0.0,0.0,0.0,KQ.m@CFFEX.IC,86400
324,1970-01-01 08:00:00+08:00,-178.0,,,,,0.0,0.0,0.0,KQ.m@CFFEX.IC,86400
325,1970-01-01 08:00:00+08:00,-177.0,,,,,0.0,0.0,0.0,KQ.m@CFFEX.IC,86400
326,1970-01-01 08:00:00+08:00,-176.0,,,,,0.0,0.0,0.0,KQ.m@CFFEX.IC,86400
327,1970-01-01 08:00:00+08:00,-175.0,,,,,0.0,0.0,0.0,KQ.m@CFFEX.IC,86400
328,1970-01-01 08:00:00+08:00,-174.0,,,,,0.0,0.0,0.0,KQ.m@CFFEX.IC,86400
329,1970-01-01 08:00:00+08:00,-173.0,,,,,0.0,0.0,0.0,KQ.m@CFFEX.IC,86400
330,1970-01-01 08:00:00+08:00,-172.0,,,,,0.0,0.0,0.0,KQ.m@CFFEX.IC,86400
331,1970-01-01 08:00:00+08:00,-171.0,,,,,0.0,0.0,0.0,KQ.m@CFFEX.IC,86400
332,1970-01-01 08:00:00+08:00,-170.0,,,,,0.0,0.0,0.0,KQ.m@CFFEX.IC,86400
333,1970-01-01 08:00:00+08:00,-169.0,,,,,0.0,0.0,0.0,KQ.m@CFFEX.IC,86400
334,1970-01-01 08:00:00+08:00,-168.0,,,,,0.0,0.0,0.0,KQ.m@CFFEX.IC,86400
335,1970-01-01 08:00:00+08:00,-167.0,,,,,0.0,0.0,0.0,KQ.m@CFFEX.IC,86400
336,1970-01-01 08:00:00+08:00,-166.0,,,,,0.0,0.0,0.0,KQ.m@CFFEX.IC,86400
337,1970-01-01 08:00:00+08:00,-165.0,,,,,0.0,0.0,0.0,KQ.m@CFFEX.IC,86400
338,1970-01-01 08:00:00+08:00,-164.0,,,,,0.0,0.0,0.0,KQ.m@CFFEX.IC,86400
339,1970-01-01 08:00:00+08:00,-163.0,,,,,0.0,0.0,0.0,KQ.m@CFFEX.IC,86400
340,1970-01-01 08:00:00+08:00,-162.0,,,,,0.0,0.0,0.0,KQ.m@CFFEX.IC,86400
341,1970-01-01 08:00:00+08:00,-161.0,,,,,0.0,0.0,0.0,KQ.m@CFFEX.IC,86400
342,1970-01-01 08:00:00+08:00,-160.0,,,,,0.0,0.0,0.0,KQ.m@CFFEX.IC,86400
343,1970-01-01 08:00:00+08:00,-159.0,,,,,0.0,0.0,0.0,KQ.m@CFFEX.IC,86400
344,1970-01-01 08:00:00+08:00,-158.0,,,,,0.0,0.0,0.0,KQ.m@CFFEX.IC,86400
345,1970-01-01 08:00:00+08:00,-157.0,,,,,0.0,0.0,0.0,KQ.m@CFFEX.IC,86400
346,1970-01-01 08:00:00+08:00,-156.0,,,,,0.0,0.0,0.0,KQ.m@CFFEX.IC,86400
347,1970-01-01 08:00:00+08:00,-155.0,,,,,0.0,0.0,0.0,KQ.m@CFFEX.IC,86400
348,1970-01-01 08:00:00+08:00,-154.0,,,,,0.0,0.0,0.0,KQ.m@CFFEX.IC,86400
349,1970-01-01 08:00:00+08:00,-153.0,,,,,0.0,0.0,0.0,KQ.m@CFFEX.IC,86400
350,1970-01-01 08:00:00+08:00,-152.0,,,,,0.0,0.0,0.0,KQ.m@CFFEX.IC,86400
351,1970-01-01 08:00:00+08:00,-151.0,,,,,0.0,0.0,0.0,KQ.m@CFFEX.IC,86400
352,1970-01-01 08:00:00+08:00,-150.0,,,,,0.0,0.0,0.0,KQ.m@CFFEX.IC,86400
353,1970-01-01 08:00:00+08:00,-149.0,,,,,0.0,0.0,0.0,KQ.m@CFFEX.IC,86400
354,1970-01-01 08:00:00+08:00,-148.0,,,,,0.0,0.0,0.0,KQ.m@CFFEX.IC,86400
355,1970-01-01 08:00:00+08:00,-147.0,,,,,0.0,0.0,0.0,KQ.m@CFFEX.IC,86400
356,1970-01-01 08:00:00+08:00,-146.0,,,,,0.0,0.0,0.0,KQ.m@CFFEX.IC,86400
357,1970-01-01 08:00:00+08:00,-145.0,,,,,0.0,0.0,0.0,KQ.m@CFFEX.IC,86400
358,1970-01-01 08:00:00+08:00,-144.0,,,,,0.0,0.0,0.0,KQ.m@CFFEX.IC,86400
359,1970-01-01 08:00:00+08:00,-143.0,,,,,0.0,0.0,0.0,KQ.m@CFFEX.IC,86400
360,1970-01-01 08:00:00+08:00,-142.0,,,,,0.0,0.0,0.0,KQ.m@CFFEX.IC,86400
361,1970-01-01 08:00:00+08:00,-141.0,,,,,0.0,0.0,0.0,KQ.m@CFFEX.IC,86400
362,1970-01-01 08:00:00+08:00,-140.0,,,,,0.0,0.0,0.0,KQ.m@CFFEX.IC,86400
363,1970-01-01 08:00:00+08:00,-139.0,,,,,0.0,0.0,0.0,KQ.m@CFFEX.IC,86400
364,1970-01-01 08:00:00+08:00,-138.0,,,,,0.0,0.0,0.0,KQ.m@CFFEX.IC,86400
365,1970-01-01 08:00:00+08:00,-137.0,,,,,0.0,0.0,0.0,KQ.m@CFFEX.IC,86400
366,1970-01-01 08:00:00+08:00,-136.0,,,,,0.0,0.0,0.0,KQ.m@CFFEX.IC,86400
367,1970-01-01 08:00:00+08:00,-135.0,,,,,0.0,0.0,0.0,KQ.m@CFFEX.IC,86400
368,1970-01-01 08:00:00+08:00,-134.0,,,,,0.0,0.0,0.0,KQ.m@CFFEX.IC,86400
369,1970-01-01 08:00:00+08:00,-133.0,,,,,0.0,0.0,0.0,KQ.m@CFFEX.IC,86400
370,1970-01-01 08:00:00+08:00,-132.0,,,,,0.0,0.0,0.0,KQ.m@CFFEX.IC,86400
371,1970-01-01 08:00:00+08:00,-131.0,,,,,0.0,0.0,0.0,KQ.m@CFFEX.IC,86400
372,1970-01-01 08:00:00+08:00,-130.0,,,,,0.0,0.0,0.0,KQ.m@CFFEX.IC,86400
373,1970-01-01 08:00:00+08:00,-129.0,,,,,0.0,0.0,0.0,KQ.m@CFFEX.IC,86400
374,1970-01-01 08:00:00+08:00,-128.0,,,,,0.0,0.0,0.0,KQ.m@CFFEX.IC,86400
375,1970-01-01 08:00:00+08:00,-127.0,,,,,0.0,0.0,0.0,KQ.m@CFFEX.IC,86400
376,1970-01-01 08:00:00+08:00,-126.0,,,,,0.0,0.0,0.0,KQ.m@CFFEX.IC,86400
377,1970-01-01 08:00:00+08:00,-125.0,,,,,0.0,0.0,0.0,KQ.m@CFFEX.IC,86400
378,1970-01-01 08:00:00+08:00,-124.0,,,,,0.0,0.0,0.0,KQ.m@CFFEX.IC,86400
379,1970-01-01 08:00:00+08:00,-123.0,,,,,0.0,0.0,0.0,KQ.m@CFFEX.IC,86400
380,1970-01-01 08:00:00+08:00,-122.0,,,,,0.0,0.0,0.0,KQ.m@CFFEX.IC,86400
381,1970-01-01 08:00:00+08:00,-121.0,,,,,0.0,0.0,0.0,KQ.m@CFFEX.IC,86400
382,1970-01-01 08:00:00+08:00,-120.0,,,,,0.0,0.0,0.0,KQ.m@CFFEX.IC,86400
383,1970-01-01 08:00:00+08:00,-119.0,,,,,0.0,0.0,0.0,KQ.m@CFFEX.IC,86400
384,1970-01-01 08:00:00+08:00,-118.0,,,,,0.0,0.0,0.0,KQ.m@CFFEX.IC,86400
385,1970-01-01 08:00:00+08:00,-117.0,,,,,0.0,0.0,0.0,KQ.m@CFFEX.IC,86400
386,1970-01-01 08:00:00+08:00,-116.0,,,,,0.0,0.0,0.0,KQ.m@CFFEX.IC,86400
387,1970-01-01 08:00:00+08:00,-115.0,,,,,0.0,0.0,0.0,KQ.m@CFFEX.IC,86400
388,1970-01-01 08:00:00+08:00,-114.0,,,,,0.0,0.0,0.0,KQ.m@CFFEX.IC,86400
389,1970-01-01 08:00:00+08:00,-113.0,,,,,0.0,0.0,0.0,KQ.m@CFFEX.IC,86400
390,1970-01-01 08:00:00+08:00,-112.0,,,,,0.0,0.0,0.0,KQ.m@CFFEX.IC,86400
391,1970-01-01 08:00:00+08:00,-111.0,,,,,0.0,0.0,0.0,KQ.m@CFFEX.IC,86400
392,1970-01-01 08:00:00+08:00,-110.0,,,,,0.0,0.0,0.0,KQ.m@CFFEX.IC,86400
393,1970-01-01 08:00:00+08:00,-109.0,,,,,0.0,0.0,0.0,KQ.m@CFFEX.IC,86400
394,1970-01-01 08:00:00+08:00,-108.0,,,,,0.0,0.0,0.0,KQ.m@CFFEX.IC,86400
395,1970-01-01 08:00:00+08:00,-107.0,,,,,0.0,0.0,0.0,KQ.m@CFFEX.IC,86400
396,1970-01-01 08:00:00+08:00,-106.0,,,,,0.0,0.0,0.0,KQ.m@CFFEX.IC,86400
397,1970-01-01 08:00:00+08:00,-105.0,,,,,0.0,0.0,0.0,KQ.m@CFFEX.IC,86400
398,1970-01-01 08:00:00+08:00,-104.0,,,,,0.0,0.0,0.0,KQ.m@CFFEX.IC,86400
399,1970-01-01 08:00:00+08:00,-103.0,,,,,0.0,0.0,0.0,KQ.m@CFFEX.IC,86400
400,1970-01-01 08:00:00+08:00,-102.0,,,,,0.0,0.0,0.0,KQ.m@CFFEX.IC,86400
401,1970-01-01 08:00:00+08:00,-101.0,,,,,0.0,0.0,0.0,KQ.m@CFFEX.IC,86400
402,1970-01-01 08:00:00+08:00,-100.0,,,,,0.0,0.0,0.0,KQ.m@CFFEX.IC,86400
403,1970-01-01 08:00:00+08:00,-99.0,,,,,0.0,0.0,0.0,KQ.m@CFFEX.IC,86400
404,1970-01-01 08:00:00+08:00,-98.0,,,,,0.0,0.0,0.0,KQ.m@CFFEX.IC,86400
405,1970-01-01 08:00:00+08:00,-97.0,,,,,0.0,0.0,0.0,KQ.m@CFFEX.IC,86400
406,1970-01-01 08:00:00+08:00,-96.0,,,,,0.0,0.0,0.0,KQ.m@CFFEX.IC,86400
407,1970-01-01 08:00:00+08:00,-95.0,,,,,0.0,0.0,0.0,KQ.m@CFFEX.IC,86400
408,1970-01-01 08:00:00+08:00,-94.0,,,,,0.0,0.0,0.0,KQ.m@CFFEX.IC,86400
409,1970-01-01 08:00:00+08:00,-93.0,,,,,0.0,0.0,0.0,KQ.m@CFFEX.IC,86400
410,1970-01-01 08:00:00+08:00,-92.0,,,,,0.0,0.0,0.0,KQ.m@CFFEX.IC,86400
411,1970-01-01 08:00:00+08:00,-91.0,,,,,0.0,0.0,0.0,KQ.m@CFFEX.IC,86400
412,1970-01-01 08:00:00+08:00,-90.0,,,,,0.0,0.0,0.0,KQ.m@CFFEX.IC,86400
413,1970-01-01 08:00:00+08:00,-89.0,,,,,0.0,0.0,0.0,KQ.m@CFFEX.IC,86400
414,1970-01-01 08:00:00+08:00,-88.0,,,,,0.0,0.0,0.0,KQ.m@CFFEX.IC,86400
415,1970-01-01 08:00:00+08:00,-87.0,,,,,0.0,0.0,0.0,KQ.m@CFFEX.IC,86400
416,1970-01-01 08:00:00+08:00,-86.0,,,,,0.0,0.0,0.0,KQ.m@CFFEX.IC,86400
417,1970-01-01 08:00:00+08:00,-85.0,,,,,0.0,0.0,0.0,KQ.m@CFFEX.IC,86400
418,1970-01-01 08:00:00+08:00,-84.0,,,,,0.0,0.0,0.0,KQ.m@CFFEX.IC,86400
419,1970-01-01 08:00:00+08:00,-83.0,,,,,0.0,0.0,0.0,KQ.m@CFFEX.IC,86400
420,1970-01-01 08:00:00+08:00,-82.0,,,,,0.0,0.0,0.0,KQ.m@CFFEX.IC,86400
421,1970-01-01 08:00:00+08:00,-81.0,,,,,0.0,0.0,0.0,KQ.m@CFFEX.IC,86400
422,1970-01-01 08:00:00+08:00,-80.0,,,,,0.0,0.0,0.0,KQ.m@CFFEX.IC,86400
423,1970-01-01 08:00:00+08:00,-79.0,,,,,0.0,0.0,0.0,KQ.m@CFFEX.IC,86400
424,1970-01-01 08:00:00+08:00,-78.0,,,,,0.0,0.0,0.0,KQ.m@CFFEX.IC,86400
425,1970-01-01 08:00:00+08:00,-77.0,,,,,0.0,0.0,0.0,KQ.m@CFFEX.IC,86400
426,1970-01-01 08:00:00+08:00,-76.0,,,,,0.0,0.0,0.0,KQ.m@CFFEX.IC,86400
427,1970-01-01 08:00:00+08:00,-75.0,,,,,0.0,0.0,0.0,KQ.m@CFFEX.IC,86400
428,1970-01-01 08:00:00+08:00,-74.0,,,,,0.0,0.0,0.0,KQ.m@CFFEX.IC,86400
429,1970-01-01 08:00:00+08:00,-73.0,,,,,0.0,0.0,0.0,KQ.m@CFFEX.IC,86400
430,1970-01-01 08:00:00+08:00,-72.0,,,,,0.0,0.0,0.0,KQ.m@CFFEX.IC,86400
431,1970-01-01 08:00:00+08:00,-71.0,,,,,0.0,0.0,0.0,KQ.m@CFFEX.IC,86400
432,1970-01-01 08:00:00+08:00,-70.0,,,,,0.0,0.0,0.0,KQ.m@CFFEX.IC,86400
433,1970-01-01 08:00:00+08:00,-69.0,,,,,0.0,0.0,0.0,KQ.m@CFFEX.IC,86400
434,1970-01-01 08:00:00+08:00,-68.0,,,,,0.0,0.0,0.0,KQ.m@CFFEX.IC,86400
435,1970-01-01 08:00:00+08:00,-67.0,,,,,0.0,0.0,0.0,KQ.m@CFFEX.IC,86400
436,1970-01-01 08:00:00+08:00,-66.0,,,,,0.0,0.0,0.0,KQ.m@CFFEX.IC,86400
437,1970-01-01 08:00:00+08:00,-65.0,,,,,0.0,0.0,0.0,KQ.m@CFFEX.IC,86400
438,1970-01-01 08:00:00+08:00,-64.0,,,,,0.0,0.0,0.0,KQ.m@CFFEX.IC,86400
439,1970-01-01 08:00:00+08:00,-63.0,,,,,0.0,0.0,0.0,KQ.m@CFFEX.IC,86400
440,1970-01-01 08:00:00+08:00,-62.0,,,,,0.0,0.0,0.0,KQ.m@CFFEX.IC,86400
441,1970-01-01 08:00:00+08:00,-61.0,,,,,0.0,0.0,0.0,KQ.m@CFFEX.IC,86400
442,1970-01-01 08:00:00+08:00,-60.0,,,,,0.0,0.0,0.0,KQ.m@CFFEX.IC,86400
443,1970-01-01 08:00:00+08:00,-59.0,,,,,0.0,0.0,0.0,KQ.m@CFFEX.IC,86400
444,1970-01-01 08:00:00+08:00,-58.0,,,,,0.0,0.0,0.0,KQ.m@CFFEX.IC,86400
445,1970-01-01 08:00:00+08:00,-57.0,,,,,0.0,0.0,0.0,KQ.m@CFFEX.IC,86400
446,1970-01-01 08:00:00+08:00,-56.0,,,,,0.0,0.0,0.0,KQ.m@CFFEX.IC,86400
447,1970-01-01 08:00:00+08:00,-55.0,,,,,0.0,0.0,0.0,KQ.m@CFFEX.IC,86400
448,1970-01-01 08:00:00+08:00,-54.0,,,,,0.0,0.0,0.0,KQ.m@CFFEX.IC,86400
449,1970-01-01 08:00:00+08:00,-53.0,,,,,0.0,0.0,0.0,KQ.m@CFFEX.IC,86400
450,1970-01-01 08:00:00+08:00,-52.0,,,,,0.0,0.0,0.0,KQ.m@CFFEX.IC,86400
451,1970-01-01 08:00:00+08:00,-51.0,,,,,0.0,0.0,0.0,KQ.m@CFFEX.IC,86400
452,1970-01-01 08:00:00+08:00,-50.0,,,,,0.0,0.0,0.0,KQ.m@CFFEX.IC,86400
453,1970-01-01 08:00:00+08:00,-49.0,,,,,0.0,0.0,0.0,KQ.m@CFFEX.IC,86400
454,1970-01-01 08:00:00+08:00,-48.0,,,,,0.0,0.0,0.0,KQ.m@CFFEX.IC,86400
455,1970-01-01 08:00:00+08:00,-47.0,,,,,0.0,0.0,0.0,KQ.m@CFFEX.IC,86400
456,1970-01-01 08:00:00+08:00,-46.0,,,,,0.0,0.0,0.0,KQ.m@CFFEX.IC,86400
457,1970-01-01 08:00:00+08:00,-45.0,,,,,0.0,0.0,0.0,KQ.m@CFFEX.IC,86400
458,1970-01-01 08:00:00+08:00,-44.0,,,,,0.0,0.0,0.0,KQ.m@CFFEX.IC,86400
459,1970-01-01 08:00:00+08:00,-43.0,,,,,0.0,0.0,0.0,KQ.m@CFFEX.IC,86400
460,1970-01-01 08:00:00+08:00,-42.0,,,,,0.0,0.0,0.0,KQ.m@CFFEX.IC,86400
461,1970-01-01 08:00:00+08:00,-41.0,,,,,0.0,0.0,0.0,KQ.m@CFFEX.IC,86400
462,1970-01-01 08:00:00+08:00,-40.0,,,,,0.0,0.0,0.0,KQ.m@CFFEX.IC,86400
463,1970-01-01 08:00:00+08:00,-39.0,,,,,0.0,0.0,0.0,KQ.m@CFFEX.IC,86400
464,1970-01-01 08:00:00+08:00,-38.0,,,,,0.0,0.0,0.0,KQ.m@CFFEX.IC,86400
465,1970-01-01 08:00:00+08:00,-37.0,,,,,0.0,0.0,0.0,KQ.m@CFFEX.IC,86400
466,1970-01-01 08:00:00+08:00,-36.0,,,,,0.0,0.0,0.0,KQ.m@CFFEX.IC,86400
467,1970-01-01 08:00:00+08:00,-35.0,,,,,0.0,0.0,0.0,KQ.m@CFFEX.IC,86400
468,1970-01-01 08:00:00+08:00,-34.0,,,,,0.0,0.0,0.0,KQ.m@CFFEX.IC,86400
469,1970-01-01 08:00:00+08:00,-33.0,,,,,0.0,0.0,0.0,KQ.m@CFFEX.IC,86400
470,1970-01-01 08:00:00+08:00,-32.0,,,,,0.0,0.0,0.0,KQ.m@CFFEX.IC,86400
471,1970-01-01 08:00:00+08:00,-31.0,,,,,0.0,0.0,0.0,KQ.m@CFFEX.IC,86400
472,1970-01-01 08:00:00+08:00,-30.0,,,,,0.0,0.0,0.0,KQ.m@CFFEX.IC,86400
473,1970-01-01 08:00:00+08:00,-29.0,,,,,0.0,0.0,0.0,KQ.m@CFFEX.IC,86400
474,1970-01-01 08:00:00+08:00,-28.0,,,,,0.0,0.0,0.0,KQ.m@CFFEX.IC,86400
475,1970-01-01 08:00:00+08:00,-27.0,,,,,0.0,0.0,0.0,KQ.m@CFFEX.IC,86400
476,1970-01-01 08:00:00+08:00,-26.0,,,,,0.0,0.0,0.0,KQ.m@CFFEX.IC,86400
477,1970-01-01 08:00:00+08:00,-25.0,,,,,0.0,0.0,0.0,KQ.m@CFFEX.IC,86400
478,1970-01-01 08:00:00+08:00,-24.0,,,,,0.0,0.0,0.0,KQ.m@CFFEX.IC,86400
479,1970-01-01 08:00:00+08:00,-23.0,,,,,0.0,0.0,0.0,KQ.m@CFFEX.IC,86400
480,1970-01-01 08:00:00+08:00,-22.0,,,,,0.0,0.0,0.0,KQ.m@CFFEX.IC,86400
481,1970-01-01 08:00:00+08:00,-21.0,,,,,0.0,0.0,0.0,KQ.m@CFFEX.IC,86400
482,1970-01-01 08:00:00+08:00,-20.0,,,,,0.0,0.0,0.0,KQ.m@CFFEX.IC,86400
483,1970-01-01 08:00:00+08:00,-19.0,,,,,0.0,0.0,0.0,KQ.m@CFFEX.IC,86400
484,1970-01-01 08:00:00+08:00,-18.0,,,,,0.0,0.0,0.0,KQ.m@CFFEX.IC,86400
485,1970-01-01 08:00:00+08:00,-17.0,,,,,0.0,0.0,0.0,KQ.m@CFFEX.IC,86400
486,1970-01-01 08:00:00+08:00,-16.0,,,,,0.0,0.0,0.0,KQ.m@CFFEX.IC,86400
487,1970-01-01 08:00:00+08:00,-15.0,,,,,0.0,0.0,0.0,KQ.m@CFFEX.IC,86400
488,1970-01-01 08:00:00+08:00,-14.0,,,,,0.0,0.0,0.0,KQ.m@CFFEX.IC,86400
489,1970-01-01 08:00:00+08:00,-13.0,,,,,0.0,0.0,0.0,KQ.m@CFFEX.IC,86400
490,1970-01-01 08:00:00+08:00,-12.0,,,,,0.0,0.0,0.0,KQ.m@CFFEX.IC,86400
491,1970-01-01 08:00:00+08:00,-11.0,,,,,0.0,0.0,0.0,KQ.m@CFFEX.IC,86400
492,1970-01-01 08:00:00+08:00,-10.0,,,,,0.0,0.0,0.0,KQ.m@CFFEX.IC,86400
493,1970-01-01 08:00:00+08:00,-9.0,,,,,0.0,0.0,0.0,KQ.m@CFFEX.IC,86400
494,1970-01-01 08:00:00+08:00,-8.0,,,,,0.0,0.0,0.0,KQ.m@CFFEX.IC,86400
495,1970-01-01 08:00:00+08:00,-7.0,,,,,0.0,0.0,0.0,KQ.m@CFFEX.IC,86400
496,1970-01-01 08:00:00+08:00,-6.0,,,,,0.0,0.0,0.0,KQ.m@CFFEX.IC,86400
497,1970-01-01 08:00:00+08:00,-5.0,,,,,0.0,0.0,0.0,KQ.m@CFFEX.IC,86400
498,1970-01-01 08:00:00+08:00,-4.0,,,,,0.0,0.0,0.0,KQ.m@CFFEX.IC,86400
499,1970-01-01 08:00:00+08:00,-3.0,,,,,0.0,0.0,0.0,KQ.m@CFFEX.IC,86400
500,1970-01-01 08:00:00+08:00,-2.0,,,,,0.0,0.0,0.0,KQ.m@CFFEX.IC,86400
501,1970-01-01 08:00:00+08:00,-1.0,,,,,0.0,0.0,0.0,KQ.m@CFFEX.IC,86400
502,2016-01-05 00:00:00+08:00,0.0,6650.0,6880.0,6650.0,6699.0,10206.0,0.0,14978.0,KQ.m@CFFEX.IC,86400
503,2016-01-06 00:00:00+08:00,1.0,6749.8,6870.0,6701.0,6814.4,9565.0,14978.0,14346.0,KQ.m@CFFEX.IC,86400
504,2016-01-07 00:00:00+08:00,2.0,6745.0,6745.8,6360.0,6360.0,2196.0,14346.0,13502.0,KQ.m@CFFEX.IC,86400
505,2016-01-08 00:00:00+08:00,3.0,6521.0,6588.8,6150.0,6399.8,10654.0,13502.0,14367.0,KQ.m@CFFEX.IC,86400
506,2016-01-11 00:00:00+08:00,4.0,6248.8,6396.8,5929.8,5940.4,11236.0,14367.0,13600.0,KQ.m@CFFEX.IC,86400
507,2016-01-12 00:00:00+08:00,5.0,6044.8,6167.2,5961.0,6074.8,11013.0,13600.0,11939.0,KQ.m@CFFEX.IC,86400
508,2016-01-13 00:00:00+08:00,6.0,6134.4,6210.0,5849.4,5904.4,10420.0,11939.0,10031.0,KQ.m@CFFEX.IC,86400
509,2016-01-14 00:00:00+08:00,7.0,5740.4,6109.8,5723.0,6078.0,8896.0,10031.0,6155.0,KQ.m@CFFEX.IC,86400
510,2016-01-15 00:00:00+08:00,8.0,6052.4,6121.8,5923.4,5942.8,5486.0,6155.0,0.0,KQ.m@CFFEX.IC,86400
511,2016-01-18 00:00:00+08:00,9.0,5574.6,5810.0,5543.2,5695.2,12537.0,0.0,14010.0,KQ.m@CFFEX.IC,86400
512,2016-01-19 00:00:00+08:00,10.0,5721.0,5968.6,5700.0,5928.8,11821.0,14010.0,14526.0,KQ.m@CFFEX.IC,86400
513,2016-01-20 00:00:00+08:00,11.0,5884.0,5964.4,5801.0,5835.0,11388.0,14526.0,14763.0,KQ.m@CFFEX.IC,86400
514,2016-01-21 00:00:00+08:00,12.0,5852.0,5990.0,5655.0,5679.0,13357.0,14763.0,15924.0,KQ.m@CFFEX.IC,86400
515,2016-01-22 00:00:00+08:00,13.0,5786.8,5836.0,5615.8,5779.8,12855.0,15924.0,16430.0,KQ.m@CFFEX.IC,86400
516,2016-01-25 00:00:00+08:00,14.0,5813.8,5912.0,5750.6,5800.0,10339.0,16430.0,16152.0,KQ.m@CFFEX.IC,86400
517,2016-01-26 00:00:00+08:00,15.0,5740.2,5767.8,5370.8,5401.2,12248.0,16152.0,16676.0,KQ.m@CFFEX.IC,86400
518,2016-01-27 00:00:00+08:00,16.0,5445.0,5456.8,5112.2,5280.4,14261.0,16676.0,17346.0,KQ.m@CFFEX.IC,86400
519,2016-01-28 00:00:00+08:00,17.0,5241.0,5346.4,5132.0,5155.0,11986.0,17346.0,17118.0,KQ.m@CFFEX.IC,86400
520,2016-01-29 00:00:00+08:00,18.0,5179.8,5421.0,5160.2,5329.8,13534.0,17118.0,17250.0,KQ.m@CFFEX.IC,86400
521,2016-02-01 00:00:00+08:00,19.0,5331.0,5394.4,5212.6,5323.0,11210.0,17250.0,16823.0,KQ.m@CFFEX.IC,86400
522,2016-02-02 00:00:00+08:00,20.0,5338.0,5546.8,5330.8,5523.6,11870.0,16823.0,16643.0,KQ.m@CFFEX.IC,86400
523,2016-02-03 00:00:00+08:00,21.0,5470.0,5584.0,5411.0,5556.8,11301.0,16643.0,15852.0,KQ.m@CFFEX.IC,86400
524,2016-02-04 00:00:00+08:00,22.0,5608.8,5719.2,5600.0,5695.0,11228.0,15852.0,15626.0,KQ.m@CFFEX.IC,86400
525,2016-02-05 00:00:00+08:00,23.0,5680.0,5708.8,5611.0,5617.0,8330.0,15626.0,14114.0,KQ.m@CFFEX.IC,86400
526,2016-02-15 00:00:00+08:00,24.0,5531.0,5675.0,5461.0,5651.4,9579.0,14114.0,13380.0,KQ.m@CFFEX.IC,86400
527,2016-02-16 00:00:00+08:00,25.0,5690.0,5908.0,5681.0,5881.0,9115.0,13380.0,11442.0,KQ.m@CFFEX.IC,86400
528,2016-02-17 00:00:00+08:00,26.0,5870.0,5969.0,5836.0,5947.0,7984.0,11442.0,8589.0,KQ.m@CFFEX.IC,86400
529,2016-02-18 00:00:00+08:00,27.0,6000.0,6036.4,5931.6,5950.2,5978.0,8589.0,5317.0,KQ.m@CFFEX.IC,86400
530,2016-02-19 00:00:00+08:00,28.0,5742.8,5836.2,5722.4,5767.8,11752.0,5317.0,19870.0,KQ.m@CFFEX.IC,86400
531,2016-02-22 00:00:00+08:00,29.0,5827.8,5924.8,5803.6,5869.2,12135.0,19870.0,20565.0,KQ.m@CFFEX.IC,86400
532,2016-02-23 00:00:00+08:00,30.0,5860.2,5885.6,5760.0,5845.0,11641.0,20565.0,20712.0,KQ.m@CFFEX.IC,86400
533,2016-02-24 00:00:00+08:00,31.0,5837.0,5922.6,5720.0,5881.8,14074.0,20712.0,20866.0,KQ.m@CFFEX.IC,86400
534,2016-02-25 00:00:00+08:00,32.0,5881.8,5898.6,5300.0,5361.0,16289.0,20866.0,20947.0,KQ.m@CFFEX.IC,86400
535,2016-02-26 00:00:00+08:00,33.0,5435.2,5496.8,5333.0,5417.8,14435.0,20947.0,21084.0,KQ.m@CFFEX.IC,86400
536,2016-02-29 00:00:00+08:00,34.0,5396.6,5407.8,5036.0,5075.2,16685.0,21084.0,20867.0,KQ.m@CFFEX.IC,86400
537,2016-03-01 00:00:00+08:00,35.0,5079.4,5288.0,5072.6,5227.4,16946.0,20867.0,20637.0,KQ.m@CFFEX.IC,86400
538,2016-03-02 00:00:00+08:00,36.0,5255.4,5625.0,5251.2,5587.8,17043.0,20637.0,20637.0,KQ.m@CFFEX.IC,86400
539,2016-03-03 00:00:00+08:00,37.0,5587.4,5736.0,5582.0,5603.8,15720.0,20637.0,20055.0,KQ.m@CFFEX.IC,86400
540,2016-03-04 00:00:00+08:00,38.0,5604.6,5671.0,5383.0,5452.0,17931.0,20055.0,19314.0,KQ.m@CFFEX.IC,86400
541,2016-03-07 00:00:00+08:00,39.0,5567.0,5717.6,5515.8,5595.0,15686.0,19314.0,18679.0,KQ.m@CFFEX.IC,86400
542,2016-03-08 00:00:00+08:00,40.0,5523.8,5677.0,5365.0,5661.0,17416.0,18679.0,19015.0,KQ.m@CFFEX.IC,86400
543,2016-03-09 00:00:00+08:00,41.0,5550.6,5607.0,5461.0,5500.0,14368.0,19015.0,18471.0,KQ.m@CFFEX.IC,86400
544,2016-03-10 00:00:00+08:00,42.0,5550.0,5598.8,5371.0,5396.0,15160.0,18471.0,18455.0,KQ.m@CFFEX.IC,86400
545,2016-03-11 00:00:00+08:00,43.0,5353.0,5478.6,5321.0,5413.2,14291.0,18455.0,18117.0,KQ.m@CFFEX.IC,86400
546,2016-03-14 00:00:00+08:00,44.0,5570.0,5738.0,5515.4,5629.6,15660.0,18117.0,16512.0,KQ.m@CFFEX.IC,86400
547,2016-03-15 00:00:00+08:00,45.0,5626.0,5678.8,5571.4,5608.0,12151.0,16512.0,14163.0,KQ.m@CFFEX.IC,86400
548,2016-03-16 00:00:00+08:00,46.0,5681.0,5711.0,5482.8,5565.4,12799.0,14163.0,11604.0,KQ.m@CFFEX.IC,86400
549,2016-03-17 00:00:00+08:00,47.0,5604.0,5796.8,5561.2,5760.0,10005.0,11604.0,6316.0,KQ.m@CFFEX.IC,86400
550,2016-03-18 00:00:00+08:00,48.0,5603.0,5847.0,5603.0,5799.6,16417.0,6316.0,21533.0,KQ.m@CFFEX.IC,86400
551,2016-03-21 00:00:00+08:00,49.0,5880.0,5957.0,5845.2,5929.8,14424.0,21533.0,22327.0,KQ.m@CFFEX.IC,86400
552,2016-03-22 00:00:00+08:00,50.0,5879.2,5989.8,5865.4,5921.6,12716.0,22327.0,22529.0,KQ.m@CFFEX.IC,86400
553,2016-03-23 00:00:00+08:00,51.0,5925.0,5975.6,5868.4,5949.2,13235.0,22529.0,23020.0,KQ.m@CFFEX.IC,86400
554,2016-03-24 00:00:00+08:00,52.0,5898.8,5963.2,5832.2,5843.4,17212.0,23020.0,22843.0,KQ.m@CFFEX.IC,86400
555,2016-03-25 00:00:00+08:00,53.0,5860.0,5945.0,5845.4,5910.4,13715.0,22843.0,22661.0,KQ.m@CFFEX.IC,86400
556,2016-03-28 00:00:00+08:00,54.0,5965.4,6065.0,5838.0,5857.0,15579.0,22661.0,22891.0,KQ.m@CFFEX.IC,86400
557,2016-03-29 00:00:00+08:00,55.0,5860.2,5884.4,5720.0,5788.8,16820.0,22891.0,22247.0,KQ.m@CFFEX.IC,86400
558,2016-03-30 00:00:00+08:00,56.0,5868.2,6033.6,5827.0,6020.8,16645.0,22247.0,22100.0,KQ.m@CFFEX.IC,86400
559,2016-03-31 00:00:00+08:00,57.0,6035.0,6085.2,6013.8,6020.0,14844.0,22100.0,21598.0,KQ.m@CFFEX.IC,86400
560,2016-04-01 00:00:00+08:00,58.0,6000.4,6030.0,5863.2,6028.0,16667.0,21598.0,20879.0,KQ.m@CFFEX.IC,86400
561,2016-04-05 00:00:00+08:00,59.0,6005.0,6240.8,5993.6,6190.4,16082.0,20879.0,21156.0,KQ.m@CFFEX.IC,86400
562,2016-04-06 00:00:00+08:00,60.0,6194.8,6237.6,6172.0,6223.4,12384.0,21156.0,20581.0,KQ.m@CFFEX.IC,86400
563,2016-04-07 00:00:00+08:00,61.0,6251.4,6284.4,6139.6,6156.0,15000.0,20581.0,20086.0,KQ.m@CFFEX.IC,86400
564,2016-04-08 00:00:00+08:00,62.0,6130.0,6138.2,6030.2,6114.2,15056.0,20086.0,19253.0,KQ.m@CFFEX.IC,86400
565,2016-04-11 00:00:00+08:00,63.0,6173.2,6316.2,6170.0,6237.0,14493.0,19253.0,17578.0,KQ.m@CFFEX.IC,86400
566,2016-04-12 00:00:00+08:00,64.0,6230.8,6266.4,6140.8,6239.8,14188.0,17578.0,15441.0,KQ.m@CFFEX.IC,86400
567,2016-04-13 00:00:00+08:00,65.0,6310.0,6427.8,6283.6,6306.0,14248.0,15441.0,11554.0,KQ.m@CFFEX.IC,86400
568,2016-04-14 00:00:00+08:00,66.0,6366.0,6385.8,6316.0,6381.2,8451.0,11554.0,6020.0,KQ.m@CFFEX.IC,86400
569,2016-04-15 00:00:00+08:00,67.0,6221.0,6238.8,6147.0,6214.6,13187.0,6020.0,19414.0,KQ.m@CFFEX.IC,86400
570,2016-04-18 00:00:00+08:00,68.0,6152.0,6160.0,6026.0,6093.2,14073.0,19414.0,20573.0,KQ.m@CFFEX.IC,86400
571,2016-04-19 00:00:00+08:00,69.0,6164.8,6174.2,6056.2,6102.6,13211.0,20573.0,21188.0,KQ.m@CFFEX.IC,86400
572,2016-04-20 00:00:00+08:00,70.0,6145.0,6161.8,5721.2,5791.2,17516.0,21188.0,22380.0,KQ.m@CFFEX.IC,86400
573,2016-04-21 00:00:00+08:00,71.0,5806.0,5916.0,5767.0,5788.4,14947.0,22380.0,22584.0,KQ.m@CFFEX.IC,86400
574,2016-04-22 00:00:00+08:00,72.0,5741.0,5850.0,5727.8,5850.0,14142.0,22584.0,22702.0,KQ.m@CFFEX.IC,86400
575,2016-04-25 00:00:00+08:00,73.0,5810.0,5824.2,5686.6,5815.4,14091.0,22702.0,22620.0,KQ.m@CFFEX.IC,86400
576,2016-04-26 00:00:00+08:00,74.0,5828.8,5896.8,5765.6,5885.0,14340.0,22620.0,23019.0,KQ.m@CFFEX.IC,86400
577,2016-04-27 00:00:00+08:00,75.0,5898.6,5934.4,5834.0,5865.8,13355.0,23019.0,23047.0,KQ.m@CFFEX.IC,86400
578,2016-04-28 00:00:00+08:00,76.0,5883.0,5884.8,5725.4,5833.0,15156.0,23047.0,23920.0,KQ.m@CFFEX.IC,86400
579,2016-04-29 00:00:00+08:00,77.0,5809.0,5890.0,5798.0,5844.8,13060.0,23920.0,23272.0,KQ.m@CFFEX.IC,86400
580,2016-05-03 00:00:00+08:00,78.0,5866.2,6090.0,5800.6,6085.0,15722.0,23272.0,24047.0,KQ.m@CFFEX.IC,86400
581,2016-05-04 00:00:00+08:00,79.0,6060.0,6110.0,6040.0,6062.8,11968.0,24047.0,23406.0,KQ.m@CFFEX.IC,86400
582,2016-05-05 00:00:00+08:00,80.0,6053.6,6138.0,6042.0,6132.8,12362.0,23406.0,23672.0,KQ.m@CFFEX.IC,86400
583,2016-05-06 00:00:00+08:00,81.0,6120.0,6156.4,5883.0,5887.8,16908.0,23672.0,23189.0,KQ.m@CFFEX.IC,86400
584,2016-05-09 00:00:00+08:00,82.0,5826.6,5837.0,5633.2,5652.8,15386.0,23189.0,22198.0,KQ.m@CFFEX.IC,86400
585,2016-05-10 00:00:00+08:00,83.0,5660.0,5705.6,5636.6,5650.0,12254.0,22198.0,21172.0,KQ.m@CFFEX.IC,86400
586,2016-05-11 00:00:00+08:00,84.0,5711.0,5749.8,5613.6,5640.4,14334.0,21172.0,20300.0,KQ.m@CFFEX.IC,86400
587,2016-05-12 00:00:00+08:00,85.0,5595.8,5682.0,5505.6,5670.0,14964.0,20300.0,19664.0,KQ.m@CFFEX.IC,86400
588,2016-05-13 00:00:00+08:00,86.0,5644.0,5766.0,5620.0,5659.2,13460.0,19664.0,18410.0,KQ.m@CFFEX.IC,86400
589,2016-05-16 00:00:00+08:00,87.0,5644.0,5785.0,5621.0,5772.2,13276.0,18410.0,16188.0,KQ.m@CFFEX.IC,86400
590,2016-05-17 00:00:00+08:00,88.0,5785.0,5827.0,5715.2,5779.2,13270.0,16188.0,13455.0,KQ.m@CFFEX.IC,86400
591,2016-05-18 00:00:00+08:00,89.0,5717.2,5730.0,5561.8,5632.8,11637.0,13455.0,10121.0,KQ.m@CFFEX.IC,86400
592,2016-05-19 00:00:00+08:00,90.0,5628.0,5739.8,5625.4,5641.2,8468.0,10121.0,5095.0,KQ.m@CFFEX.IC,86400
593,2016-05-20 00:00:00+08:00,91.0,5432.4,5586.2,5422.6,5562.8,15262.0,5095.0,25881.0,KQ.m@CFFEX.IC,86400
594,2016-05-23 00:00:00+08:00,92.0,5586.6,5685.0,5586.6,5635.2,13848.0,25881.0,26225.0,KQ.m@CFFEX.IC,86400
595,2016-05-24 00:00:00+08:00,93.0,5628.0,5646.4,5541.8,5598.6,14551.0,26225.0,26768.0,KQ.m@CFFEX.IC,86400
596,2016-05-25 00:00:00+08:00,94.0,5661.0,5680.0,5550.0,5556.0,14251.0,26768.0,26991.0,KQ.m@CFFEX.IC,86400
597,2016-05-26 00:00:00+08:00,95.0,5556.0,5627.8,5462.4,5627.8,17065.0,26991.0,28030.0,KQ.m@CFFEX.IC,86400
598,2016-05-27 00:00:00+08:00,96.0,5615.2,5664.0,5574.0,5630.6,14549.0,28030.0,27494.0,KQ.m@CFFEX.IC,86400
599,2016-05-30 00:00:00+08:00,97.0,5583.4,5676.8,5520.0,5611.0,15755.0,27494.0,27527.0,KQ.m@CFFEX.IC,86400
600,2016-05-31 00:00:00+08:00,98.0,5635.0,5927.8,5630.0,5923.2,18925.0,27527.0,27245.0,KQ.m@CFFEX.IC,86400
601,2016-06-01 00:00:00+08:00,99.0,5923.0,5965.6,5892.0,5899.8,13944.0,27245.0,25970.0,KQ.m@CFFEX.IC,86400
602,2016-06-02 00:00:00+08:00,100.0,5908.0,5946.8,5896.2,5937.8,12429.0,25970.0,25030.0,KQ.m@CFFEX.IC,86400
603,2016-06-03 00:00:00+08:00,101.0,5954.6,6019.4,5908.4,6003.6,15181.0,25030.0,24545.0,KQ.m@CFFEX.IC,86400
604,2016-06-06 00:00:00+08:00,102.0,6021.4,6037.4,5956.2,5974.0,12536.0,24545.0,23226.0,KQ.m@CFFEX.IC,86400
605,2016-06-07 00:00:00+08:00,103.0,5987.0,6017.6,5947.4,6016.6,12039.0,23226.0,22547.0,KQ.m@CFFEX.IC,86400
606,2016-06-08 00:00:00+08:00,104.0,5999.8,6027.0,5931.6,5995.8,13144.0,22547.0,21343.0,KQ.m@CFFEX.IC,86400
607,2016-06-13 00:00:00+08:00,105.0,5910.0,5977.8,5721.0,5732.0,15848.0,21343.0,19235.0,KQ.m@CFFEX.IC,86400
608,2016-06-14 00:00:00+08:00,106.0,5740.0,5774.0,5689.0,5723.4,13728.0,19235.0,16373.0,KQ.m@CFFEX.IC,86400
609,2016-06-15 00:00:00+08:00,107.0,5688.0,5963.8,5678.8,5920.0,13782.0,16373.0,12836.0,KQ.m@CFFEX.IC,86400
610,2016-06-16 00:00:00+08:00,108.0,5920.0,5950.0,5883.2,5912.8,9201.0,12836.0,6582.0,KQ.m@CFFEX.IC,86400
611,2016-06-17 00:00:00+08:00,109.0,5829.8,5916.0,5780.0,5810.6,14796.0,6582.0,20528.0,KQ.m@CFFEX.IC,86400
612,2016-06-20 00:00:00+08:00,110.0,5833.0,5864.4,5725.2,5848.2,14283.0,20528.0,21028.0,KQ.m@CFFEX.IC,86400
613,2016-06-21 00:00:00+08:00,111.0,5905.0,5969.6,5735.4,5777.6,16109.0,21028.0,22023.0,KQ.m@CFFEX.IC,86400
614,2016-06-22 00:00:00+08:00,112.0,5765.0,5922.2,5756.6,5922.0,14943.0,22023.0,22533.0,KQ.m@CFFEX.IC,86400
615,2016-06-23 00:00:00+08:00,113.0,5911.8,5918.0,5822.2,5888.0,13737.0,22533.0,22547.0,KQ.m@CFFEX.IC,86400
616,2016-06-24 00:00:00+08:00,114.0,5868.0,5935.8,5653.6,5787.0,18967.0,22547.0,23945.0,KQ.m@CFFEX.IC,86400
617,2016-06-27 00:00:00+08:00,115.0,5818.0,5977.4,5806.0,5965.2,15312.0,23945.0,23986.0,KQ.m@CFFEX.IC,86400
618,2016-06-28 00:00:00+08:00,116.0,5941.2,6045.0,5924.4,6037.0,15062.0,23986.0,24342.0,KQ.m@CFFEX.IC,86400
619,2016-06-29 00:00:00+08:00,117.0,6066.4,6077.0,6010.0,6050.4,12972.0,24342.0,23962.0,KQ.m@CFFEX.IC,86400
620,2016-06-30 00:00:00+08:00,118.0,6048.0,6062.2,6021.2,6051.6,11598.0,23962.0,23528.0,KQ.m@CFFEX.IC,86400
621,2016-07-01 00:00:00+08:00,119.0,6057.0,6107.0,6013.6,6039.8,13186.0,23528.0,23994.0,KQ.m@CFFEX.IC,86400
622,2016-07-04 00:00:00+08:00,120.0,6013.0,6201.0,6011.0,6159.6,14960.0,23994.0,24454.0,KQ.m@CFFEX.IC,86400
623,2016-07-05 00:00:00+08:00,121.0,6162.2,6219.8,6162.2,6202.4,11624.0,24454.0,23608.0,KQ.m@CFFEX.IC,86400
624,2016-07-06 00:00:00+08:00,122.0,6192.8,6256.6,6165.8,6226.6,12366.0,23608.0,23183.0,KQ.m@CFFEX.IC,86400
625,2016-07-07 00:00:00+08:00,123.0,6239.0,6293.8,6178.4,6279.4,14216.0,23183.0,22145.0,KQ.m@CFFEX.IC,86400
626,2016-07-08 00:00:00+08:00,124.0,6261.0,6299.0,6226.0,6265.0,11802.0,22145.0,20801.0,KQ.m@CFFEX.IC,86400
627,2016-07-11 00:00:00+08:00,125.0,6289.6,6356.8,6245.0,6248.0,13589.0,20801.0,19426.0,KQ.m@CFFEX.IC,86400
628,2016-07-12 00:00:00+08:00,126.0,6268.0,6376.6,6220.2,6368.6,14918.0,19426.0,16150.0,KQ.m@CFFEX.IC,86400
629,2016-07-13 00:00:00+08:00,127.0,6399.2,6453.0,6363.2,6416.4,12722.0,16150.0,12400.0,KQ.m@CFFEX.IC,86400
630,2016-07-14 00:00:00+08:00,128.0,6410.0,6447.6,6405.6,6442.2,8080.0,12400.0,6874.0,KQ.m@CFFEX.IC,86400
631,2016-07-15 00:00:00+08:00,129.0,6457.8,6469.6,6412.0,6439.8,5511.0,6874.0,0.0,KQ.m@CFFEX.IC,86400
632,2016-07-18 00:00:00+08:00,130.0,6298.6,6338.0,6252.2,6266.0,11932.0,0.0,19523.0,KQ.m@CFFEX.IC,86400
633,2016-07-19 00:00:00+08:00,131.0,6286.8,6299.6,6218.2,6272.8,12937.0,19523.0,20346.0,KQ.m@CFFEX.IC,86400
634,2016-07-20 00:00:00+08:00,132.0,6294.2,6337.6,6263.8,6265.4,12788.0,20346.0,20580.0,KQ.m@CFFEX.IC,86400
635,2016-07-21 00:00:00+08:00,133.0,6277.0,6378.0,6272.2,6310.0,13796.0,20580.0,21788.0,KQ.m@CFFEX.IC,86400
636,2016-07-22 00:00:00+08:00,134.0,6300.0,6332.4,6259.0,6272.6,12238.0,21788.0,21621.0,KQ.m@CFFEX.IC,86400
637,2016-07-25 00:00:00+08:00,135.0,6256.6,6326.0,6248.0,6290.4,11452.0,21621.0,21776.0,KQ.m@CFFEX.IC,86400
638,2016-07-26 00:00:00+08:00,136.0,6286.4,6396.8,6286.2,6393.4,12105.0,21776.0,22511.0,KQ.m@CFFEX.IC,86400
639,2016-07-27 00:00:00+08:00,137.0,6399.0,6416.4,6042.2,6104.2,18101.0,22511.0,22307.0,KQ.m@CFFEX.IC,86400
640,2016-07-28 00:00:00+08:00,138.0,6125.4,6160.4,6060.2,6125.6,13897.0,22307.0,22046.0,KQ.m@CFFEX.IC,86400
641,2016-07-29 00:00:00+08:00,139.0,6142.0,6154.4,6081.0,6103.0,11027.0,22046.0,21812.0,KQ.m@CFFEX.IC,86400
642,2016-08-01 00:00:00+08:00,140.0,6088.0,6104.0,5960.2,6028.2,12872.0,21812.0,22339.0,KQ.m@CFFEX.IC,86400
643,2016-08-02 00:00:00+08:00,141.0,6054.4,6100.0,6029.4,6083.0,10792.0,22339.0,22184.0,KQ.m@CFFEX.IC,86400
644,2016-08-03 00:00:00+08:00,142.0,6074.6,6124.8,6063.0,6102.6,10729.0,22184.0,22089.0,KQ.m@CFFEX.IC,86400
645,2016-08-04 00:00:00+08:00,143.0,6108.8,6166.6,6086.4,6164.8,10270.0,22089.0,21736.0,KQ.m@CFFEX.IC,86400
646,2016-08-05 00:00:00+08:00,144.0,6160.0,6169.6,6128.8,6147.2,9936.0,21736.0,21337.0,KQ.m@CFFEX.IC,86400
647,2016-08-08 00:00:00+08:00,145.0,6145.0,6248.6,6088.4,6248.2,12776.0,21337.0,21782.0,KQ.m@CFFEX.IC,86400
648,2016-08-09 00:00:00+08:00,146.0,6246.0,6302.8,6237.4,6297.2,10365.0,21782.0,21318.0,KQ.m@CFFEX.IC,86400
649,2016-08-10 00:00:00+08:00,147.0,6296.0,6321.4,6274.4,6286.2,9411.0,21318.0,20816.0,KQ.m@CFFEX.IC,86400
650,2016-08-11 00:00:00+08:00,148.0,6279.6,6286.0,6193.0,6196.0,12373.0,20816.0,20277.0,KQ.m@CFFEX.IC,86400
651,2016-08-12 00:00:00+08:00,149.0,6199.0,6295.6,6177.0,6260.4,12572.0,20277.0,18868.0,KQ.m@CFFEX.IC,86400
652,2016-08-15 00:00:00+08:00,150.0,6289.0,6455.4,6263.0,6405.2,13954.0,18868.0,16057.0,KQ.m@CFFEX.IC,86400
653,2016-08-16 00:00:00+08:00,151.0,6425.0,6480.0,6425.0,6458.2,10161.0,16057.0,12880.0,KQ.m@CFFEX.IC,86400
654,2016-08-17 00:00:00+08:00,152.0,6455.0,6488.6,6431.0,6470.8,8868.0,12880.0,8917.0,KQ.m@CFFEX.IC,86400
655,2016-08-18 00:00:00+08:00,153.0,6475.6,6520.2,6457.0,6484.6,6678.0,8917.0,4418.0,KQ.m@CFFEX.IC,86400
656,2016-08-19 00:00:00+08:00,154.0,6375.0,6419.8,6345.0,6385.6,10250.0,4418.0,23846.0,KQ.m@CFFEX.IC,86400
657,2016-08-22 00:00:00+08:00,155.0,6391.2,6428.0,6306.2,6320.6,10581.0,23846.0,24766.0,KQ.m@CFFEX.IC,86400
658,2016-08-23 00:00:00+08:00,156.0,6339.0,6360.4,6234.2,6308.6,11066.0,24766.0,24779.0,KQ.m@CFFEX.IC,86400
659,2016-08-24 00:00:00+08:00,157.0,6331.0,6364.4,6295.6,6314.2,10619.0,24779.0,24703.0,KQ.m@CFFEX.IC,86400
660,2016-08-25 00:00:00+08:00,158.0,6276.0,6285.0,6188.0,6280.0,11643.0,24703.0,24910.0,KQ.m@CFFEX.IC,86400
661,2016-08-26 00:00:00+08:00,159.0,6306.8,6379.4,6262.0,6279.2,11926.0,24910.0,25190.0,KQ.m@CFFEX.IC,86400
662,2016-08-29 00:00:00+08:00,160.0,6279.2,6347.4,6279.0,6327.2,10281.0,25190.0,25084.0,KQ.m@CFFEX.IC,86400
663,2016-08-30 00:00:00+08:00,161.0,6336.0,6377.0,6300.0,6330.0,10811.0,25084.0,25325.0,KQ.m@CFFEX.IC,86400
664,2016-08-31 00:00:00+08:00,162.0,6326.0,6349.6,6272.0,6343.0,10943.0,25325.0,24952.0,KQ.m@CFFEX.IC,86400
665,2016-09-01 00:00:00+08:00,163.0,6343.0,6357.0,6265.8,6279.0,9918.0,24952.0,24715.0,KQ.m@CFFEX.IC,86400
666,2016-09-02 00:00:00+08:00,164.0,6279.0,6333.4,6251.0,6271.0,11016.0,24715.0,25085.0,KQ.m@CFFEX.IC,86400
667,2016-09-05 00:00:00+08:00,165.0,6306.4,6357.0,6296.8,6309.2,10397.0,25085.0,23952.0,KQ.m@CFFEX.IC,86400
668,2016-09-06 00:00:00+08:00,166.0,6312.8,6449.8,6251.0,6445.8,13791.0,23952.0,23814.0,KQ.m@CFFEX.IC,86400
669,2016-09-07 00:00:00+08:00,167.0,6452.0,6477.0,6423.0,6429.0,10452.0,23814.0,21676.0,KQ.m@CFFEX.IC,86400
670,2016-09-08 00:00:00+08:00,168.0,6430.0,6482.2,6430.0,6477.2,9125.0,21676.0,20658.0,KQ.m@CFFEX.IC,86400
671,2016-09-09 00:00:00+08:00,169.0,6475.0,6487.2,6440.4,6445.0,9821.0,20658.0,18857.0,KQ.m@CFFEX.IC,86400
672,2016-09-12 00:00:00+08:00,170.0,6340.0,6355.2,6252.6,6256.0,12212.0,18857.0,16207.0,KQ.m@CFFEX.IC,86400
673,2016-09-13 00:00:00+08:00,171.0,6298.8,6313.0,6277.0,6292.2,9278.0,16207.0,11375.0,KQ.m@CFFEX.IC,86400
674,2016-09-14 00:00:00+08:00,172.0,6271.4,6308.8,6260.0,6270.0,7367.0,11375.0,6057.0,KQ.m@CFFEX.IC,86400
675,2016-09-19 00:00:00+08:00,173.0,6186.0,6228.8,6180.2,6223.8,9338.0,6057.0,19243.0,KQ.m@CFFEX.IC,86400
676,2016-09-20 00:00:00+08:00,174.0,6223.8,6232.0,6200.4,6217.6,7581.0,19243.0,19903.0,KQ.m@CFFEX.IC,86400
677,2016-09-21 00:00:00+08:00,175.0,6228.8,6268.0,6218.0,6248.2,8710.0,19903.0,20178.0,KQ.m@CFFEX.IC,86400
678,2016-09-22 00:00:00+08:00,176.0,6281.4,6332.8,6280.0,6293.2,9687.0,20178.0,20397.0,KQ.m@CFFEX.IC,86400
679,2016-09-23 00:00:00+08:00,177.0,6315.2,6316.2,6286.0,6298.6,7098.0,20397.0,20297.0,KQ.m@CFFEX.IC,86400
680,2016-09-26 00:00:00+08:00,178.0,6289.0,6298.6,6185.2,6201.2,10152.0,20297.0,20838.0,KQ.m@CFFEX.IC,86400
681,2016-09-27 00:00:00+08:00,179.0,6232.6,6251.0,6172.0,6245.6,9823.0,20838.0,20957.0,KQ.m@CFFEX.IC,86400
682,2016-09-28 00:00:00+08:00,180.0,6249.0,6258.0,6222.2,6240.2,7648.0,20957.0,20352.0,KQ.m@CFFEX.IC,86400
683,2016-09-29 00:00:00+08:00,181.0,6257.0,6314.0,6247.6,6299.8,9244.0,20352.0,20178.0,KQ.m@CFFEX.IC,86400
684,2016-09-30 00:00:00+08:00,182.0,6287.6,6325.2,6283.2,6318.6,7227.0,20178.0,19246.0,KQ.m@CFFEX.IC,86400
685,2016-10-10 00:00:00+08:00,183.0,6351.0,6449.6,6168.0,6444.6,9917.0,19246.0,19295.0,KQ.m@CFFEX.IC,86400
686,2016-10-11 00:00:00+08:00,184.0,6446.2,6461.8,6435.0,6454.8,7340.0,19295.0,18581.0,KQ.m@CFFEX.IC,86400
687,2016-10-12 00:00:00+08:00,185.0,6442.0,6463.4,6435.8,6448.2,6550.0,18581.0,18203.0,KQ.m@CFFEX.IC,86400
688,2016-10-13 00:00:00+08:00,186.0,6458.6,6484.4,6442.2,6462.0,7093.0,18203.0,17656.0,KQ.m@CFFEX.IC,86400
689,2016-10-14 00:00:00+08:00,187.0,6461.6,6474.0,6410.0,6467.0,8630.0,17656.0,16596.0,KQ.m@CFFEX.IC,86400
690,2016-10-17 00:00:00+08:00,188.0,6485.0,6496.8,6376.2,6418.0,8847.0,16596.0,14511.0,KQ.m@CFFEX.IC,86400
691,2016-10-18 00:00:00+08:00,189.0,6423.0,6516.0,6415.4,6505.4,9688.0,14511.0,12278.0,KQ.m@CFFEX.IC,86400
692,2016-10-19 00:00:00+08:00,190.0,6514.8,6534.4,6479.0,6491.2,7588.0,12278.0,8872.0,KQ.m@CFFEX.IC,86400
693,2016-10-20 00:00:00+08:00,191.0,6504.0,6513.0,6482.6,6499.0,5547.0,8872.0,4783.0,KQ.m@CFFEX.IC,86400
694,2016-10-21 00:00:00+08:00,192.0,6412.4,6432.0,6342.6,6396.6,10157.0,4783.0,18727.0,KQ.m@CFFEX.IC,86400
695,2016-10-24 00:00:00+08:00,193.0,6415.8,6506.6,6401.2,6471.4,9400.0,18727.0,19546.0,KQ.m@CFFEX.IC,86400
696,2016-10-25 00:00:00+08:00,194.0,6486.0,6495.8,6475.4,6487.0,6243.0,19546.0,19160.0,KQ.m@CFFEX.IC,86400
697,2016-10-26 00:00:00+08:00,195.0,6486.2,6488.0,6438.8,6471.0,8054.0,19160.0,19406.0,KQ.m@CFFEX.IC,86400
698,2016-10-27 00:00:00+08:00,196.0,6471.0,6474.0,6423.4,6458.2,7592.0,19406.0,19231.0,KQ.m@CFFEX.IC,86400
699,2016-10-28 00:00:00+08:00,197.0,6460.0,6485.0,6395.4,6411.0,8917.0,19231.0,19562.0,KQ.m@CFFEX.IC,86400
700,2016-10-31 00:00:00+08:00,198.0,6405.0,6413.0,6360.4,6407.6,7567.0,19562.0,18971.0,KQ.m@CFFEX.IC,86400
701,2016-11-01 00:00:00+08:00,199.0,6410.0,6473.6,6403.8,6465.0,8223.0,18971.0,19130.0,KQ.m@CFFEX.IC,86400
702,2016-11-02 00:00:00+08:00,200.0,6455.0,6461.0,6397.4,6400.0,7714.0,19130.0,18492.0,KQ.m@CFFEX.IC,86400
703,2016-11-03 00:00:00+08:00,201.0,6396.6,6493.4,6392.4,6435.0,9540.0,18492.0,18783.0,KQ.m@CFFEX.IC,86400
704,2016-11-04 00:00:00+08:00,202.0,6435.4,6477.8,6406.4,6419.6,7402.0,18783.0,17934.0,KQ.m@CFFEX.IC,86400
705,2016-11-07 00:00:00+08:00,203.0,6439.0,6454.0,6398.0,6409.0,7276.0,17934.0,17408.0,KQ.m@CFFEX.IC,86400
706,2016-11-08 00:00:00+08:00,204.0,6438.0,6488.0,6425.0,6469.0,8041.0,17408.0,16619.0,KQ.m@CFFEX.IC,86400
707,2016-11-09 00:00:00+08:00,205.0,6469.0,6475.8,6307.2,6405.0,11217.0,16619.0,16148.0,KQ.m@CFFEX.IC,86400
708,2016-11-10 00:00:00+08:00,206.0,6473.6,6517.6,6472.0,6499.0,8109.0,16148.0,14854.0,KQ.m@CFFEX.IC,86400
709,2016-11-11 00:00:00+08:00,207.0,6499.0,6573.6,6485.0,6563.0,8360.0,14854.0,14274.0,KQ.m@CFFEX.IC,86400
710,2016-11-14 00:00:00+08:00,208.0,6551.0,6618.0,6547.2,6586.6,8049.0,14274.0,12627.0,KQ.m@CFFEX.IC,86400
711,2016-11-15 00:00:00+08:00,209.0,6580.0,6608.0,6575.0,6601.8,6781.0,12627.0,10425.0,KQ.m@CFFEX.IC,86400
712,2016-11-16 00:00:00+08:00,210.0,6627.0,6638.0,6607.2,6627.4,6203.0,10425.0,7573.0,KQ.m@CFFEX.IC,86400
713,2016-11-17 00:00:00+08:00,211.0,6618.4,6649.6,6580.2,6635.6,5107.0,7573.0,4150.0,KQ.m@CFFEX.IC,86400
714,2016-11-18 00:00:00+08:00,212.0,6549.8,6549.8,6492.0,6506.8,7552.0,4150.0,24078.0,KQ.m@CFFEX.IC,86400
715,2016-11-21 00:00:00+08:00,213.0,6511.2,6573.2,6502.0,6523.2,8422.0,24078.0,25108.0,KQ.m@CFFEX.IC,86400
716,2016-11-22 00:00:00+08:00,214.0,6538.8,6593.6,6531.0,6593.6,7467.0,25108.0,25218.0,KQ.m@CFFEX.IC,86400
717,2016-11-23 00:00:00+08:00,215.0,6610.2,6615.0,6550.2,6561.8,7611.0,25218.0,25466.0,KQ.m@CFFEX.IC,86400
718,2016-11-24 00:00:00+08:00,216.0,6566.4,6574.6,6531.8,6547.6,6412.0,25466.0,25176.0,KQ.m@CFFEX.IC,86400
719,2016-11-25 00:00:00+08:00,217.0,6538.8,6586.6,6449.0,6564.8,9326.0,25176.0,25200.0,KQ.m@CFFEX.IC,86400
720,2016-11-28 00:00:00+08:00,218.0,6598.0,6617.8,6553.2,6596.4,7392.0,25200.0,24667.0,KQ.m@CFFEX.IC,86400
721,2016-11-29 00:00:00+08:00,219.0,6585.0,6608.8,6530.2,6556.8,7785.0,24667.0,24336.0,KQ.m@CFFEX.IC,86400
722,2016-11-30 00:00:00+08:00,220.0,6541.2,6589.0,6506.4,6531.2,8352.0,24336.0,23756.0,KQ.m@CFFEX.IC,86400
723,2016-12-01 00:00:00+08:00,221.0,6540.0,6592.2,6533.0,6572.0,7066.0,23756.0,22892.0,KQ.m@CFFEX.IC,86400
724,2016-12-02 00:00:00+08:00,222.0,6555.0,6563.0,6430.2,6433.0,8206.0,22892.0,22482.0,KQ.m@CFFEX.IC,86400
725,2016-12-05 00:00:00+08:00,223.0,6393.8,6492.0,6388.0,6430.0,7184.0,22482.0,21728.0,KQ.m@CFFEX.IC,86400
726,2016-12-06 00:00:00+08:00,224.0,6452.0,6479.8,6421.6,6431.4,6802.0,21728.0,20646.0,KQ.m@CFFEX.IC,86400
727,2016-12-07 00:00:00+08:00,225.0,6443.0,6499.6,6417.6,6488.6,7362.0,20646.0,19153.0,KQ.m@CFFEX.IC,86400
728,2016-12-08 00:00:00+08:00,226.0,6494.4,6505.0,6475.0,6488.8,6546.0,19153.0,17489.0,KQ.m@CFFEX.IC,86400
729,2016-12-09 00:00:00+08:00,227.0,6470.0,6499.8,6456.0,6456.0,6655.0,17489.0,16411.0,KQ.m@CFFEX.IC,86400
730,2016-12-12 00:00:00+08:00,228.0,6459.2,6492.6,6156.6,6174.6,9657.0,16411.0,14249.0,KQ.m@CFFEX.IC,86400
731,2016-12-13 00:00:00+08:00,229.0,6188.4,6253.2,6161.6,6231.0,8125.0,14249.0,11735.0,KQ.m@CFFEX.IC,86400
732,2016-12-14 00:00:00+08:00,230.0,6231.0,6292.0,6197.0,6224.0,7622.0,11735.0,8307.0,KQ.m@CFFEX.IC,86400
733,2016-12-15 00:00:00+08:00,231.0,6212.0,6304.4,6200.0,6262.8,6052.0,8307.0,4508.0,KQ.m@CFFEX.IC,86400
734,2016-12-16 00:00:00+08:00,232.0,6148.6,6221.0,6148.4,6204.4,7394.0,4508.0,18521.0,KQ.m@CFFEX.IC,86400
735,2016-12-19 00:00:00+08:00,233.0,6203.0,6209.4,6153.2,6198.0,6142.0,18521.0,18963.0,KQ.m@CFFEX.IC,86400
736,2016-12-20 00:00:00+08:00,234.0,6190.4,6216.4,6164.2,6183.8,6587.0,18963.0,19276.0,KQ.m@CFFEX.IC,86400
737,2016-12-21 00:00:00+08:00,235.0,6214.6,6264.0,6200.4,6256.6,6920.0,19276.0,19406.0,KQ.m@CFFEX.IC,86400
738,2016-12-22 00:00:00+08:00,236.0,6250.0,6254.6,6187.8,6235.0,6495.0,19406.0,19581.0,KQ.m@CFFEX.IC,86400
739,2016-12-23 00:00:00+08:00,237.0,6230.2,6235.0,6170.2,6209.8,6058.0,19581.0,19596.0,KQ.m@CFFEX.IC,86400
740,2016-12-26 00:00:00+08:00,238.0,6181.6,6226.8,6114.6,6219.8,7211.0,19596.0,20025.0,KQ.m@CFFEX.IC,86400
741,2016-12-27 00:00:00+08:00,239.0,6214.4,6237.6,6212.0,6216.0,4972.0,20025.0,19728.0,KQ.m@CFFEX.IC,86400
742,2016-12-28 00:00:00+08:00,240.0,6224.8,6232.6,6186.4,6218.0,5091.0,19728.0,19652.0,KQ.m@CFFEX.IC,86400
743,2016-12-29 00:00:00+08:00,241.0,6211.0,6250.8,6184.4,6215.8,6280.0,19652.0,19887.0,KQ.m@CFFEX.IC,86400
744,2016-12-30 00:00:00+08:00,242.0,6228.8,6247.0,6191.2,6210.6,5919.0,19887.0,19468.0,KQ.m@CFFEX.IC,86400
745,2017-01-03 00:00:00+08:00,243.0,6242.0,6297.0,6225.2,6275.8,6343.0,19468.0,19447.0,KQ.m@CFFEX.IC,86400
746,2017-01-04 00:00:00+08:00,244.0,6276.0,6372.0,6267.0,6367.0,6933.0,19447.0,19127.0,KQ.m@CFFEX.IC,86400
747,2017-01-05 00:00:00+08:00,245.0,6362.0,6371.8,6347.0,6359.0,5089.0,19127.0,18623.0,KQ.m@CFFEX.IC,86400
748,2017-01-06 00:00:00+08:00,246.0,6358.0,6366.0,6321.2,6339.0,5434.0,18623.0,18299.0,KQ.m@CFFEX.IC,86400
749,2017-01-09 00:00:00+08:00,247.0,6336.2,6382.6,6328.0,6373.8,5638.0,18299.0,18272.0,KQ.m@CFFEX.IC,86400
750,2017-01-10 00:00:00+08:00,248.0,6375.0,6388.6,6343.2,6344.6,5327.0,18272.0,17768.0,KQ.m@CFFEX.IC,86400
751,2017-01-11 00:00:00+08:00,249.0,6342.0,6382.2,6295.0,6297.6,6579.0,17768.0,17681.0,KQ.m@CFFEX.IC,86400
752,2017-01-12 00:00:00+08:00,250.0,6302.4,6321.2,6233.0,6238.4,6221.0,17681.0,17079.0,KQ.m@CFFEX.IC,86400
753,2017-01-13 00:00:00+08:00,251.0,6249.6,6267.4,6170.8,6178.4,7654.0,17079.0,16379.0,KQ.m@CFFEX.IC,86400
754,2017-01-16 00:00:00+08:00,252.0,6172.0,6190.0,5874.8,6011.4,9088.0,16379.0,14649.0,KQ.m@CFFEX.IC,86400
755,2017-01-17 00:00:00+08:00,253.0,5995.0,6070.0,5956.8,6065.0,8087.0,14649.0,12296.0,KQ.m@CFFEX.IC,86400
756,2017-01-18 00:00:00+08:00,254.0,6059.0,6105.0,6038.0,6073.8,7472.0,12296.0,9022.0,KQ.m@CFFEX.IC,86400
757,2017-01-19 00:00:00+08:00,255.0,6063.6,6093.4,6026.6,6047.0,6053.0,9022.0,4965.0,KQ.m@CFFEX.IC,86400
758,2017-01-20 00:00:00+08:00,256.0,5990.2,6108.0,5983.0,6082.8,8844.0,4965.0,17050.0,KQ.m@CFFEX.IC,86400
759,2017-01-23 00:00:00+08:00,257.0,6097.0,6157.6,6095.0,6114.2,6444.0,17050.0,17137.0,KQ.m@CFFEX.IC,86400
760,2017-01-24 00:00:00+08:00,258.0,6109.8,6129.6,6090.4,6123.0,5648.0,17137.0,16783.0,KQ.m@CFFEX.IC,86400
761,2017-01-25 00:00:00+08:00,259.0,6104.6,6158.0,6091.6,6155.0,5634.0,16783.0,16893.0,KQ.m@CFFEX.IC,86400
762,2017-01-26 00:00:00+08:00,260.0,6160.8,6197.6,6152.6,6188.8,4638.0,16893.0,16655.0,KQ.m@CFFEX.IC,86400
763,2017-02-03 00:00:00+08:00,261.0,6190.0,6199.8,6079.6,6165.0,5183.0,16655.0,16991.0,KQ.m@CFFEX.IC,86400
764,2017-02-06 00:00:00+08:00,262.0,6176.8,6207.2,6147.8,6199.6,6191.0,16991.0,16534.0,KQ.m@CFFEX.IC,86400
765,2017-02-07 00:00:00+08:00,263.0,6201.0,6218.6,6163.0,6187.4,6258.0,16534.0,15817.0,KQ.m@CFFEX.IC,86400
766,2017-02-08 00:00:00+08:00,264.0,6180.0,6261.8,6166.0,6246.6,6954.0,15817.0,15080.0,KQ.m@CFFEX.IC,86400
767,2017-02-09 00:00:00+08:00,265.0,6248.4,6299.0,6244.6,6284.8,6392.0,15080.0,14217.0,KQ.m@CFFEX.IC,86400
768,2017-02-10 00:00:00+08:00,266.0,6288.6,6306.8,6269.0,6294.2,7018.0,14217.0,12676.0,KQ.m@CFFEX.IC,86400
769,2017-02-13 00:00:00+08:00,267.0,6297.0,6348.4,6284.2,6330.2,6313.0,12676.0,11263.0,KQ.m@CFFEX.IC,86400
770,2017-02-14 00:00:00+08:00,268.0,6339.0,6342.0,6306.8,6332.0,5295.0,11263.0,9568.0,KQ.m@CFFEX.IC,86400
771,2017-02-15 00:00:00+08:00,269.0,6335.6,6350.0,6285.0,6289.6,5833.0,9568.0,7294.0,KQ.m@CFFEX.IC,86400
772,2017-02-16 00:00:00+08:00,270.0,6289.6,6348.8,6289.6,6345.0,4994.0,7294.0,3919.0,KQ.m@CFFEX.IC,86400
773,2017-02-17 00:00:00+08:00,271.0,6288.4,6295.8,6200.0,6213.0,8960.0,3919.0,22146.0,KQ.m@CFFEX.IC,86400
774,2017-02-20 00:00:00+08:00,272.0,6220.0,6315.0,6218.4,6313.8,10098.0,22146.0,24030.0,KQ.m@CFFEX.IC,86400
775,2017-02-21 00:00:00+08:00,273.0,6311.0,6361.4,6302.4,6341.0,9310.0,24030.0,24288.0,KQ.m@CFFEX.IC,86400
776,2017-02-22 00:00:00+08:00,274.0,6348.0,6395.2,6338.0,6389.6,9035.0,24288.0,24194.0,KQ.m@CFFEX.IC,86400
777,2017-02-23 00:00:00+08:00,275.0,6386.0,6407.0,6348.4,6397.6,9983.0,24194.0,24815.0,KQ.m@CFFEX.IC,86400
778,2017-02-24 00:00:00+08:00,276.0,6390.4,6413.0,6375.4,6410.6,8443.0,24815.0,24494.0,KQ.m@CFFEX.IC,86400
779,2017-02-27 00:00:00+08:00,277.0,6405.2,6410.0,6332.2,6348.0,9370.0,24494.0,24567.0,KQ.m@CFFEX.IC,86400
780,2017-02-28 00:00:00+08:00,278.0,6352.0,6387.8,6347.2,6376.4,9387.0,24567.0,24091.0,KQ.m@CFFEX.IC,86400
781,2017-03-01 00:00:00+08:00,279.0,6375.4,6444.0,6363.6,6397.8,10832.0,24091.0,24130.0,KQ.m@CFFEX.IC,86400
782,2017-03-02 00:00:00+08:00,280.0,6417.0,6423.8,6362.2,6390.0,9945.0,24130.0,23850.0,KQ.m@CFFEX.IC,86400
783,2017-03-03 00:00:00+08:00,281.0,6378.0,6418.0,6346.2,6393.0,10414.0,23850.0,23929.0,KQ.m@CFFEX.IC,86400
784,2017-03-06 00:00:00+08:00,282.0,6403.4,6479.8,6403.4,6459.8,9589.0,23929.0,23295.0,KQ.m@CFFEX.IC,86400
785,2017-03-07 00:00:00+08:00,283.0,6463.0,6469.6,6433.6,6465.0,8213.0,23295.0,21900.0,KQ.m@CFFEX.IC,86400
786,2017-03-08 00:00:00+08:00,284.0,6466.0,6466.0,6427.4,6449.6,8016.0,21900.0,21150.0,KQ.m@CFFEX.IC,86400
787,2017-03-09 00:00:00+08:00,285.0,6436.0,6442.4,6361.2,6390.8,10675.0,21150.0,20473.0,KQ.m@CFFEX.IC,86400
788,2017-03-10 00:00:00+08:00,286.0,6394.0,6429.8,6392.4,6410.4,8480.0,20473.0,18588.0,KQ.m@CFFEX.IC,86400
789,2017-03-13 00:00:00+08:00,287.0,6405.0,6489.8,6365.4,6484.6,10438.0,18588.0,16764.0,KQ.m@CFFEX.IC,86400
790,2017-03-14 00:00:00+08:00,288.0,6489.0,6503.8,6461.0,6470.0,8196.0,16764.0,14200.0,KQ.m@CFFEX.IC,86400
791,2017-03-15 00:00:00+08:00,289.0,6464.2,6486.0,6455.4,6466.4,8862.0,14200.0,11018.0,KQ.m@CFFEX.IC,86400
792,2017-03-16 00:00:00+08:00,290.0,6489.6,6544.0,6489.6,6539.0,7810.0,11018.0,5484.0,KQ.m@CFFEX.IC,86400
793,2017-03-17 00:00:00+08:00,291.0,6528.0,6553.0,6393.0,6410.0,12413.0,5484.0,22976.0,KQ.m@CFFEX.IC,86400
794,2017-03-20 00:00:00+08:00,292.0,6423.4,6434.4,6385.0,6427.0,9473.0,22976.0,23207.0,KQ.m@CFFEX.IC,86400
795,2017-03-21 00:00:00+08:00,293.0,6425.4,6445.0,6403.4,6445.0,8546.0,23207.0,23397.0,KQ.m@CFFEX.IC,86400
796,2017-03-22 00:00:00+08:00,294.0,6415.8,6442.4,6372.8,6428.8,10292.0,23397.0,23942.0,KQ.m@CFFEX.IC,86400
797,2017-03-23 00:00:00+08:00,295.0,6441.0,6477.4,6382.0,6450.0,12578.0,23942.0,24170.0,KQ.m@CFFEX.IC,86400
798,2017-03-24 00:00:00+08:00,296.0,6452.2,6535.0,6445.8,6527.8,11786.0,24170.0,23524.0,KQ.m@CFFEX.IC,86400
799,2017-03-27 00:00:00+08:00,297.0,6534.0,6534.0,6466.4,6480.6,10213.0,23524.0,23151.0,KQ.m@CFFEX.IC,86400
800,2017-03-28 00:00:00+08:00,298.0,6483.8,6496.0,6453.2,6467.2,8921.0,23151.0,22859.0,KQ.m@CFFEX.IC,86400
801,2017-03-29 00:00:00+08:00,299.0,6477.0,6491.8,6406.4,6443.6,11307.0,22859.0,23230.0,KQ.m@CFFEX.IC,86400
802,2017-03-30 00:00:00+08:00,300.0,6438.0,6454.6,6354.0,6366.4,12536.0,23230.0,22612.0,KQ.m@CFFEX.IC,86400
803,2017-03-31 00:00:00+08:00,301.0,6379.0,6394.2,6352.6,6380.2,9206.0,22612.0,21670.0,KQ.m@CFFEX.IC,86400
804,2017-04-05 00:00:00+08:00,302.0,6418.4,6545.0,6418.0,6538.6,11851.0,21670.0,20948.0,KQ.m@CFFEX.IC,86400
805,2017-04-06 00:00:00+08:00,303.0,6545.0,6548.4,6514.0,6536.0,8650.0,20948.0,20231.0,KQ.m@CFFEX.IC,86400
806,2017-04-07 00:00:00+08:00,304.0,6528.8,6578.0,6510.2,6556.0,8807.0,20231.0,20074.0,KQ.m@CFFEX.IC,86400
807,2017-04-10 00:00:00+08:00,305.0,6553.2,6569.4,6537.4,6546.0,7268.0,20074.0,19710.0,KQ.m@CFFEX.IC,86400
808,2017-04-11 00:00:00+08:00,306.0,6549.6,6618.4,6509.0,6602.2,11275.0,19710.0,20222.0,KQ.m@CFFEX.IC,86400
809,2017-04-12 00:00:00+08:00,307.0,6609.0,6609.8,6547.8,6555.8,9866.0,20222.0,19170.0,KQ.m@CFFEX.IC,86400
810,2017-04-13 00:00:00+08:00,308.0,6550.2,6627.8,6550.2,6610.0,9324.0,19170.0,18790.0,KQ.m@CFFEX.IC,86400
811,2017-04-14 00:00:00+08:00,309.0,6605.0,6608.4,6503.2,6518.8,11205.0,18790.0,18249.0,KQ.m@CFFEX.IC,86400
812,2017-04-17 00:00:00+08:00,310.0,6505.0,6516.0,6425.4,6443.2,11107.0,18249.0,16512.0,KQ.m@CFFEX.IC,86400
813,2017-04-18 00:00:00+08:00,311.0,6455.0,6484.6,6418.0,6422.2,9838.0,16512.0,13950.0,KQ.m@CFFEX.IC,86400
814,2017-04-19 00:00:00+08:00,312.0,6400.0,6408.6,6284.0,6346.6,11663.0,13950.0,10694.0,KQ.m@CFFEX.IC,86400
815,2017-04-20 00:00:00+08:00,313.0,6354.8,6383.8,6312.6,6347.8,7678.0,10694.0,5141.0,KQ.m@CFFEX.IC,86400
816,2017-04-21 00:00:00+08:00,314.0,6318.8,6340.6,6252.0,6260.2,11332.0,5141.0,18425.0,KQ.m@CFFEX.IC,86400
817,2017-04-24 00:00:00+08:00,315.0,6245.0,6257.0,6106.0,6108.4,11588.0,18425.0,19903.0,KQ.m@CFFEX.IC,86400
818,2017-04-25 00:00:00+08:00,316.0,6130.0,6182.4,6115.6,6128.0,10751.0,19903.0,19441.0,KQ.m@CFFEX.IC,86400
819,2017-04-26 00:00:00+08:00,317.0,6129.0,6176.0,6128.0,6142.0,9484.0,19441.0,19013.0,KQ.m@CFFEX.IC,86400
820,2017-04-27 00:00:00+08:00,318.0,6130.0,6180.4,6026.0,6160.0,13148.0,19013.0,19930.0,KQ.m@CFFEX.IC,86400
821,2017-04-28 00:00:00+08:00,319.0,6164.8,6188.0,6148.4,6180.4,9521.0,19930.0,18526.0,KQ.m@CFFEX.IC,86400
822,2017-05-02 00:00:00+08:00,320.0,6179.0,6187.4,6153.0,6176.0,7378.0,18526.0,18059.0,KQ.m@CFFEX.IC,86400
823,2017-05-03 00:00:00+08:00,321.0,6174.8,6207.6,6136.0,6156.2,8925.0,18059.0,18310.0,KQ.m@CFFEX.IC,86400
824,2017-05-04 00:00:00+08:00,322.0,6149.0,6217.4,6121.0,6123.6,11114.0,18310.0,18626.0,KQ.m@CFFEX.IC,86400
825,2017-05-05 00:00:00+08:00,323.0,6112.8,6141.0,6047.0,6057.8,11746.0,18626.0,18682.0,KQ.m@CFFEX.IC,86400
826,2017-05-08 00:00:00+08:00,324.0,6050.0,6069.8,5945.2,5951.2,11810.0,18682.0,19009.0,KQ.m@CFFEX.IC,86400
827,2017-05-09 00:00:00+08:00,325.0,5950.0,5998.4,5907.8,5987.0,13017.0,19009.0,18201.0,KQ.m@CFFEX.IC,86400
828,2017-05-10 00:00:00+08:00,326.0,5995.0,6016.0,5839.6,5842.2,13186.0,18201.0,17895.0,KQ.m@CFFEX.IC,86400
829,2017-05-11 00:00:00+08:00,327.0,5826.0,5872.0,5706.0,5827.2,15025.0,17895.0,17570.0,KQ.m@CFFEX.IC,86400
830,2017-05-12 00:00:00+08:00,328.0,5835.0,5857.6,5786.8,5827.2,12302.0,17570.0,15892.0,KQ.m@CFFEX.IC,86400
831,2017-05-15 00:00:00+08:00,329.0,5852.6,5914.0,5852.6,5876.8,10723.0,15892.0,13953.0,KQ.m@CFFEX.IC,86400
832,2017-05-16 00:00:00+08:00,330.0,5865.0,6020.0,5822.2,6009.8,12510.0,13953.0,11481.0,KQ.m@CFFEX.IC,86400
833,2017-05-17 00:00:00+08:00,331.0,6006.4,6058.2,6006.2,6020.0,8392.0,11481.0,8095.0,KQ.m@CFFEX.IC,86400
834,2017-05-18 00:00:00+08:00,332.0,5980.4,6038.8,5953.0,5960.2,6604.0,8095.0,4519.0,KQ.m@CFFEX.IC,86400
835,2017-05-19 00:00:00+08:00,333.0,5936.2,5953.0,5884.0,5913.6,11508.0,4519.0,25906.0,KQ.m@CFFEX.IC,86400
836,2017-05-22 00:00:00+08:00,334.0,5919.6,5953.4,5804.0,5828.6,13770.0,25906.0,27115.0,KQ.m@CFFEX.IC,86400
837,2017-05-23 00:00:00+08:00,335.0,5828.6,5854.8,5710.0,5716.0,14652.0,27115.0,27249.0,KQ.m@CFFEX.IC,86400
838,2017-05-24 00:00:00+08:00,336.0,5698.8,5773.0,5641.2,5759.0,17961.0,27249.0,28221.0,KQ.m@CFFEX.IC,86400
839,2017-05-25 00:00:00+08:00,337.0,5757.2,5861.8,5691.0,5810.6,18142.0,28221.0,28059.0,KQ.m@CFFEX.IC,86400
840,2017-05-26 00:00:00+08:00,338.0,5814.0,5864.0,5797.2,5814.6,13410.0,28059.0,26709.0,KQ.m@CFFEX.IC,86400
841,2017-05-31 00:00:00+08:00,339.0,5898.8,5924.6,5762.6,5772.6,14585.0,26709.0,26325.0,KQ.m@CFFEX.IC,86400
842,2017-06-01 00:00:00+08:00,340.0,5758.8,5796.0,5658.2,5667.0,13960.0,26325.0,26160.0,KQ.m@CFFEX.IC,86400
843,2017-06-02 00:00:00+08:00,341.0,5663.0,5774.2,5613.6,5753.2,16216.0,26160.0,26523.0,KQ.m@CFFEX.IC,86400
844,2017-06-05 00:00:00+08:00,342.0,5782.0,5824.8,5761.8,5775.0,13961.0,26523.0,25454.0,KQ.m@CFFEX.IC,86400
845,2017-06-06 00:00:00+08:00,343.0,5774.0,5834.8,5767.2,5807.2,13789.0,25454.0,25042.0,KQ.m@CFFEX.IC,86400
846,2017-06-07 00:00:00+08:00,344.0,5818.8,5956.4,5810.2,5952.0,17251.0,25042.0,23475.0,KQ.m@CFFEX.IC,86400
847,2017-06-08 00:00:00+08:00,345.0,5951.0,5958.2,5914.8,5940.0,12267.0,23475.0,21822.0,KQ.m@CFFEX.IC,86400
848,2017-06-09 00:00:00+08:00,346.0,5930.8,5974.4,5900.2,5964.4,13901.0,21822.0,20987.0,KQ.m@CFFEX.IC,86400
849,2017-06-12 00:00:00+08:00,347.0,5938.0,5938.0,5876.6,5882.2,13912.0,20987.0,18212.0,KQ.m@CFFEX.IC,86400
850,2017-06-13 00:00:00+08:00,348.0,5880.4,5992.0,5880.4,5955.4,14417.0,18212.0,15866.0,KQ.m@CFFEX.IC,86400
851,2017-06-14 00:00:00+08:00,349.0,5964.4,5987.8,5948.2,5956.6,11214.0,15866.0,11624.0,KQ.m@CFFEX.IC,86400
852,2017-06-15 00:00:00+08:00,350.0,5959.0,6029.8,5955.8,6008.4,9639.0,11624.0,5772.0,KQ.m@CFFEX.IC,86400
853,2017-06-16 00:00:00+08:00,351.0,5970.0,5980.0,5945.4,5957.6,10300.0,5772.0,21593.0,KQ.m@CFFEX.IC,86400
854,2017-06-19 00:00:00+08:00,352.0,5958.4,6023.2,5951.0,6006.0,13114.0,21593.0,23196.0,KQ.m@CFFEX.IC,86400
855,2017-06-20 00:00:00+08:00,353.0,6021.0,6063.4,6007.6,6029.4,11596.0,23196.0,23033.0,KQ.m@CFFEX.IC,86400
856,2017-06-21 00:00:00+08:00,354.0,6035.0,6038.2,5977.0,6034.0,12909.0,23033.0,22850.0,KQ.m@CFFEX.IC,86400
857,2017-06-22 00:00:00+08:00,355.0,6031.2,6067.0,5936.0,5944.8,13635.0,22850.0,22556.0,KQ.m@CFFEX.IC,86400
858,2017-06-23 00:00:00+08:00,356.0,5952.8,5975.8,5861.2,5953.2,15863.0,22556.0,22956.0,KQ.m@CFFEX.IC,86400
859,2017-06-26 00:00:00+08:00,357.0,5975.8,6093.0,5957.4,6085.8,15279.0,22956.0,22701.0,KQ.m@CFFEX.IC,86400
860,2017-06-27 00:00:00+08:00,358.0,6089.0,6099.6,6043.2,6061.0,11615.0,22701.0,22219.0,KQ.m@CFFEX.IC,86400
861,2017-06-28 00:00:00+08:00,359.0,6056.4,6078.6,6026.4,6048.0,10632.0,22219.0,21961.0,KQ.m@CFFEX.IC,86400
862,2017-06-29 00:00:00+08:00,360.0,6065.0,6113.4,6056.0,6074.4,12074.0,21961.0,22200.0,KQ.m@CFFEX.IC,86400
863,2017-06-30 00:00:00+08:00,361.0,6061.8,6115.8,6043.2,6097.2,10787.0,22200.0,21126.0,KQ.m@CFFEX.IC,86400
864,2017-07-03 00:00:00+08:00,362.0,6105.4,6152.4,6086.0,6146.0,10519.0,21126.0,20976.0,KQ.m@CFFEX.IC,86400
865,2017-07-04 00:00:00+08:00,363.0,6147.2,6147.6,6090.8,6119.0,10580.0,20976.0,20658.0,KQ.m@CFFEX.IC,86400
866,2017-07-05 00:00:00+08:00,364.0,6114.0,6170.8,6100.8,6161.4,10359.0,20658.0,20700.0,KQ.m@CFFEX.IC,86400
867,2017-07-06 00:00:00+08:00,365.0,6162.2,6187.2,6106.6,6146.4,11767.0,20700.0,20489.0,KQ.m@CFFEX.IC,86400
868,2017-07-07 00:00:00+08:00,366.0,6143.0,6208.2,6133.6,6183.2,9324.0,20489.0,20019.0,KQ.m@CFFEX.IC,86400
869,2017-07-10 00:00:00+08:00,367.0,6176.0,6209.6,6144.2,6165.0,10530.0,20019.0,19791.0,KQ.m@CFFEX.IC,86400
870,2017-07-11 00:00:00+08:00,368.0,6173.0,6173.0,6092.2,6108.4,11885.0,19791.0,19294.0,KQ.m@CFFEX.IC,86400
871,2017-07-12 00:00:00+08:00,369.0,6117.4,6123.8,6013.8,6085.4,14774.0,19294.0,19690.0,KQ.m@CFFEX.IC,86400
872,2017-07-13 00:00:00+08:00,370.0,6103.6,6152.6,6080.4,6108.2,13115.0,19690.0,18118.0,KQ.m@CFFEX.IC,86400
873,2017-07-14 00:00:00+08:00,371.0,6105.8,6125.0,6065.4,6093.4,10337.0,18118.0,17244.0,KQ.m@CFFEX.IC,86400
874,2017-07-17 00:00:00+08:00,372.0,6080.8,6090.0,5821.2,5825.6,14069.0,17244.0,16617.0,KQ.m@CFFEX.IC,86400
875,2017-07-18 00:00:00+08:00,373.0,5825.6,5903.6,5818.0,5899.0,13280.0,16617.0,13912.0,KQ.m@CFFEX.IC,86400
876,2017-07-19 00:00:00+08:00,374.0,5898.8,6045.0,5883.0,6033.2,12040.0,13912.0,10429.0,KQ.m@CFFEX.IC,86400
877,2017-07-20 00:00:00+08:00,375.0,6033.4,6099.2,6033.4,6074.0,7763.0,10429.0,5224.0,KQ.m@CFFEX.IC,86400
878,2017-07-21 00:00:00+08:00,376.0,6017.0,6061.8,6001.0,6041.2,10257.0,5224.0,16405.0,KQ.m@CFFEX.IC,86400
879,2017-07-24 00:00:00+08:00,377.0,6044.8,6117.2,6031.0,6083.8,12208.0,16405.0,18295.0,KQ.m@CFFEX.IC,86400
880,2017-07-25 00:00:00+08:00,378.0,6085.4,6097.4,6023.8,6081.2,12117.0,18295.0,18202.0,KQ.m@CFFEX.IC,86400
881,2017-07-26 00:00:00+08:00,379.0,6091.0,6099.8,6033.4,6070.0,11368.0,18202.0,18417.0,KQ.m@CFFEX.IC,86400
882,2017-07-27 00:00:00+08:00,380.0,6066.6,6148.8,6014.8,6129.4,13550.0,18417.0,19140.0,KQ.m@CFFEX.IC,86400
883,2017-07-28 00:00:00+08:00,381.0,6119.0,6195.0,6115.2,6185.2,11414.0,19140.0,18718.0,KQ.m@CFFEX.IC,86400
884,2017-07-31 00:00:00+08:00,382.0,6181.0,6277.2,6155.6,6265.6,10639.0,18718.0,18873.0,KQ.m@CFFEX.IC,86400
885,2017-08-01 00:00:00+08:00,383.0,6266.0,6272.0,6223.4,6247.6,9877.0,18873.0,18489.0,KQ.m@CFFEX.IC,86400
886,2017-08-02 00:00:00+08:00,384.0,6257.0,6288.8,6205.0,6225.4,11432.0,18489.0,19012.0,KQ.m@CFFEX.IC,86400
887,2017-08-03 00:00:00+08:00,385.0,6215.8,6280.0,6208.0,6233.8,11448.0,19012.0,18643.0,KQ.m@CFFEX.IC,86400
888,2017-08-04 00:00:00+08:00,386.0,6235.4,6279.6,6180.2,6185.2,11656.0,18643.0,18578.0,KQ.m@CFFEX.IC,86400
889,2017-08-07 00:00:00+08:00,387.0,6205.0,6284.0,6191.8,6280.0,10457.0,18578.0,17867.0,KQ.m@CFFEX.IC,86400
890,2017-08-08 00:00:00+08:00,388.0,6280.0,6306.6,6253.6,6272.2,10318.0,17867.0,17757.0,KQ.m@CFFEX.IC,86400
891,2017-08-09 00:00:00+08:00,389.0,6265.2,6333.0,6265.0,6317.4,9116.0,17757.0,17147.0,KQ.m@CFFEX.IC,86400
892,2017-08-10 00:00:00+08:00,390.0,6295.2,6323.2,6213.6,6251.0,11676.0,17147.0,17145.0,KQ.m@CFFEX.IC,86400
893,2017-08-11 00:00:00+08:00,391.0,6229.6,6268.2,6118.2,6139.2,13899.0,17145.0,17142.0,KQ.m@CFFEX.IC,86400
894,2017-08-14 00:00:00+08:00,392.0,6159.6,6288.2,6155.0,6286.4,11498.0,17142.0,14644.0,KQ.m@CFFEX.IC,86400
895,2017-08-15 00:00:00+08:00,393.0,6283.2,6311.8,6265.8,6292.8,9847.0,14644.0,12594.0,KQ.m@CFFEX.IC,86400
896,2017-08-16 00:00:00+08:00,394.0,6289.2,6321.6,6254.6,6309.6,9824.0,12594.0,9604.0,KQ.m@CFFEX.IC,86400
897,2017-08-17 00:00:00+08:00,395.0,6325.0,6375.0,6296.6,6365.8,8103.0,9604.0,4764.0,KQ.m@CFFEX.IC,86400
898,2017-08-18 00:00:00+08:00,396.0,6291.0,6317.4,6272.2,6286.6,11687.0,4764.0,24954.0,KQ.m@CFFEX.IC,86400
899,2017-08-21 00:00:00+08:00,397.0,6304.8,6369.8,6300.2,6358.8,9814.0,24954.0,25433.0,KQ.m@CFFEX.IC,86400
900,2017-08-22 00:00:00+08:00,398.0,6361.2,6361.4,6311.2,6336.0,9826.0,25433.0,25462.0,KQ.m@CFFEX.IC,86400
901,2017-08-23 00:00:00+08:00,399.0,6330.6,6343.0,6245.8,6285.2,11679.0,25462.0,26144.0,KQ.m@CFFEX.IC,86400
902,2017-08-24 00:00:00+08:00,400.0,6295.0,6306.0,6238.0,6248.6,10851.0,26144.0,25991.0,KQ.m@CFFEX.IC,86400
903,2017-08-25 00:00:00+08:00,401.0,6254.6,6354.2,6254.4,6327.2,12426.0,25991.0,25732.0,KQ.m@CFFEX.IC,86400
904,2017-08-28 00:00:00+08:00,402.0,6342.6,6455.2,6331.4,6417.8,12706.0,25732.0,26082.0,KQ.m@CFFEX.IC,86400
905,2017-08-29 00:00:00+08:00,403.0,6417.8,6436.0,6368.4,6389.8,9490.0,26082.0,24580.0,KQ.m@CFFEX.IC,86400
906,2017-08-30 00:00:00+08:00,404.0,6391.4,6459.8,6386.0,6433.6,9523.0,24580.0,24556.0,KQ.m@CFFEX.IC,86400
907,2017-08-31 00:00:00+08:00,405.0,6443.0,6474.6,6423.0,6464.2,9403.0,24556.0,24031.0,KQ.m@CFFEX.IC,86400
908,2017-09-01 00:00:00+08:00,406.0,6468.0,6548.0,6444.8,6528.6,11171.0,24031.0,24156.0,KQ.m@CFFEX.IC,86400
909,2017-09-04 00:00:00+08:00,407.0,6537.2,6561.0,6510.8,6548.6,9401.0,24156.0,22959.0,KQ.m@CFFEX.IC,86400
910,2017-09-05 00:00:00+08:00,408.0,6548.8,6576.0,6516.4,6569.2,9619.0,22959.0,22710.0,KQ.m@CFFEX.IC,86400
911,2017-09-06 00:00:00+08:00,409.0,6552.2,6612.0,6544.0,6593.6,9571.0,22710.0,22020.0,KQ.m@CFFEX.IC,86400
912,2017-09-07 00:00:00+08:00,410.0,6595.0,6616.0,6535.8,6549.4,9524.0,22020.0,21708.0,KQ.m@CFFEX.IC,86400
913,2017-09-08 00:00:00+08:00,411.0,6556.6,6613.2,6522.0,6553.2,10936.0,21708.0,20747.0,KQ.m@CFFEX.IC,86400
914,2017-09-11 00:00:00+08:00,412.0,6561.0,6662.2,6556.2,6661.8,11705.0,20747.0,18520.0,KQ.m@CFFEX.IC,86400
915,2017-09-12 00:00:00+08:00,413.0,6671.0,6727.8,6616.8,6646.6,12628.0,18520.0,15515.0,KQ.m@CFFEX.IC,86400
916,2017-09-13 00:00:00+08:00,414.0,6641.0,6690.6,6622.4,6681.6,10725.0,15515.0,11482.0,KQ.m@CFFEX.IC,86400
917,2017-09-14 00:00:00+08:00,415.0,6685.2,6714.0,6652.4,6681.4,8593.0,11482.0,6345.0,KQ.m@CFFEX.IC,86400
918,2017-09-15 00:00:00+08:00,416.0,6676.0,6676.0,6605.6,6629.2,5483.0,6345.0,0.0,KQ.m@CFFEX.IC,86400
919,2017-09-18 00:00:00+08:00,417.0,6577.8,6678.6,6577.0,6678.4,11344.0,0.0,20556.0,KQ.m@CFFEX.IC,86400
920,2017-09-19 00:00:00+08:00,418.0,6686.0,6695.6,6579.2,6600.6,11034.0,20556.0,20572.0,KQ.m@CFFEX.IC,86400
921,2017-09-20 00:00:00+08:00,419.0,6606.0,6687.0,6589.6,6668.6,10902.0,20572.0,20749.0,KQ.m@CFFEX.IC,86400
922,2017-09-21 00:00:00+08:00,420.0,6673.6,6678.0,6574.0,6594.6,11326.0,20749.0,20548.0,KQ.m@CFFEX.IC,86400
923,2017-09-22 00:00:00+08:00,421.0,6580.0,6585.4,6492.6,6532.2,11104.0,20548.0,20655.0,KQ.m@CFFEX.IC,86400
924,2017-09-25 00:00:00+08:00,422.0,6536.0,6555.2,6433.6,6440.8,10909.0,20655.0,20679.0,KQ.m@CFFEX.IC,86400
925,2017-09-26 00:00:00+08:00,423.0,6451.2,6499.8,6450.0,6485.0,9697.0,20679.0,20018.0,KQ.m@CFFEX.IC,86400
926,2017-09-27 00:00:00+08:00,424.0,6495.8,6583.8,6495.0,6560.0,9570.0,20018.0,20085.0,KQ.m@CFFEX.IC,86400
927,2017-09-28 00:00:00+08:00,425.0,6560.0,6598.0,6515.6,6552.0,8530.0,20085.0,19448.0,KQ.m@CFFEX.IC,86400
928,2017-09-29 00:00:00+08:00,426.0,6563.0,6620.0,6546.6,6598.2,9176.0,19448.0,19512.0,KQ.m@CFFEX.IC,86400
929,2017-10-09 00:00:00+08:00,427.0,6700.0,6715.0,6644.4,6684.2,9761.0,19512.0,19455.0,KQ.m@CFFEX.IC,86400
930,2017-10-10 00:00:00+08:00,428.0,6691.0,6718.4,6656.0,6717.0,9048.0,19455.0,18930.0,KQ.m@CFFEX.IC,86400
931,2017-10-11 00:00:00+08:00,429.0,6727.0,6729.0,6646.2,6660.8,9397.0,18930.0,18424.0,KQ.m@CFFEX.IC,86400
932,2017-10-12 00:00:00+08:00,430.0,6655.0,6674.6,6603.4,6650.2,9198.0,18424.0,18128.0,KQ.m@CFFEX.IC,86400
933,2017-10-13 00:00:00+08:00,431.0,6663.0,6722.6,6655.4,6722.0,9541.0,18128.0,17400.0,KQ.m@CFFEX.IC,86400
934,2017-10-16 00:00:00+08:00,432.0,6721.2,6728.0,6600.0,6606.6,11680.0,17400.0,15880.0,KQ.m@CFFEX.IC,86400
935,2017-10-17 00:00:00+08:00,433.0,6603.0,6652.6,6584.4,6591.8,10644.0,15880.0,13681.0,KQ.m@CFFEX.IC,86400
936,2017-10-18 00:00:00+08:00,434.0,6604.0,6627.8,6531.2,6542.8,10362.0,13681.0,10700.0,KQ.m@CFFEX.IC,86400
937,2017-10-19 00:00:00+08:00,435.0,6543.8,6566.0,6487.0,6497.0,8358.0,10700.0,5446.0,KQ.m@CFFEX.IC,86400
938,2017-10-20 00:00:00+08:00,436.0,6499.0,6559.0,6499.0,6548.0,4910.0,5446.0,0.0,KQ.m@CFFEX.IC,86400
939,2017-10-23 00:00:00+08:00,437.0,6538.0,6584.6,6520.2,6576.2,8413.0,0.0,17738.0,KQ.m@CFFEX.IC,86400
940,2017-10-24 00:00:00+08:00,438.0,6570.0,6574.2,6495.8,6560.8,10951.0,17738.0,18301.0,KQ.m@CFFEX.IC,86400
941,2017-10-25 00:00:00+08:00,439.0,6568.0,6618.2,6526.0,6599.8,12020.0,18301.0,18635.0,KQ.m@CFFEX.IC,86400
942,2017-10-26 00:00:00+08:00,440.0,6598.4,6671.4,6570.2,6622.6,11669.0,18635.0,18351.0,KQ.m@CFFEX.IC,86400
943,2017-10-27 00:00:00+08:00,441.0,6625.2,6638.8,6566.0,6601.4,9710.0,18351.0,17809.0,KQ.m@CFFEX.IC,86400
944,2017-10-30 00:00:00+08:00,442.0,6600.0,6607.0,6409.0,6468.2,12708.0,17809.0,18411.0,KQ.m@CFFEX.IC,86400
945,2017-10-31 00:00:00+08:00,443.0,6468.8,6524.8,6446.6,6507.6,9877.0,18411.0,17511.0,KQ.m@CFFEX.IC,86400
946,2017-11-01 00:00:00+08:00,444.0,6520.0,6563.6,6476.4,6481.0,10581.0,17511.0,17793.0,KQ.m@CFFEX.IC,86400
947,2017-11-02 00:00:00+08:00,445.0,6489.0,6490.4,6403.0,6440.0,10208.0,17793.0,17612.0,KQ.m@CFFEX.IC,86400
948,2017-11-03 00:00:00+08:00,446.0,6444.0,6463.0,6320.0,6362.0,11202.0,17612.0,18125.0,KQ.m@CFFEX.IC,86400
949,2017-11-06 00:00:00+08:00,447.0,6383.0,6481.2,6357.2,6475.0,10490.0,18125.0,17055.0,KQ.m@CFFEX.IC,86400
950,2017-11-07 00:00:00+08:00,448.0,6480.0,6519.6,6452.4,6514.4,10105.0,17055.0,16881.0,KQ.m@CFFEX.IC,86400
951,2017-11-08 00:00:00+08:00,449.0,6516.8,6588.0,6504.6,6541.0,10231.0,16881.0,16758.0,KQ.m@CFFEX.IC,86400
952,2017-11-09 00:00:00+08:00,450.0,6540.6,6602.0,6536.0,6600.4,8469.0,16758.0,15954.0,KQ.m@CFFEX.IC,86400
953,2017-11-10 00:00:00+08:00,451.0,6592.2,6643.8,6571.6,6619.6,9186.0,15954.0,15226.0,KQ.m@CFFEX.IC,86400
954,2017-11-13 00:00:00+08:00,452.0,6626.0,6666.4,6601.0,6654.0,8177.0,15226.0,13646.0,KQ.m@CFFEX.IC,86400
955,2017-11-14 00:00:00+08:00,453.0,6638.2,6658.6,6575.8,6591.2,9516.0,13646.0,11870.0,KQ.m@CFFEX.IC,86400
956,2017-11-15 00:00:00+08:00,454.0,6575.4,6592.0,6496.0,6527.0,9863.0,11870.0,8324.0,KQ.m@CFFEX.IC,86400
957,2017-11-16 00:00:00+08:00,455.0,6531.0,6574.8,6513.6,6556.0,6801.0,8324.0,4054.0,KQ.m@CFFEX.IC,86400
958,2017-11-17 00:00:00+08:00,456.0,6518.0,6519.8,6305.0,6323.6,12036.0,4054.0,23928.0,KQ.m@CFFEX.IC,86400
959,2017-11-20 00:00:00+08:00,457.0,6330.0,6404.8,6220.0,6389.6,12786.0,23928.0,24732.0,KQ.m@CFFEX.IC,86400
960,2017-11-21 00:00:00+08:00,458.0,6389.2,6444.6,6348.0,6418.0,11744.0,24732.0,24505.0,KQ.m@CFFEX.IC,86400
961,2017-11-22 00:00:00+08:00,459.0,6430.4,6478.4,6342.4,6375.2,11872.0,24505.0,24910.0,KQ.m@CFFEX.IC,86400
962,2017-11-23 00:00:00+08:00,460.0,6385.2,6398.8,6206.6,6208.2,12836.0,24910.0,24955.0,KQ.m@CFFEX.IC,86400
963,2017-11-24 00:00:00+08:00,461.0,6208.6,6289.2,6200.0,6227.0,11166.0,24955.0,24270.0,KQ.m@CFFEX.IC,86400
964,2017-11-27 00:00:00+08:00,462.0,6242.4,6263.2,6131.4,6136.0,11442.0,24270.0,24612.0,KQ.m@CFFEX.IC,86400
965,2017-11-28 00:00:00+08:00,463.0,6148.8,6276.8,6147.4,6262.4,11769.0,24612.0,24393.0,KQ.m@CFFEX.IC,86400
966,2017-11-29 00:00:00+08:00,464.0,6255.2,6320.0,6176.8,6273.2,11922.0,24393.0,24267.0,KQ.m@CFFEX.IC,86400
967,2017-11-30 00:00:00+08:00,465.0,6269.4,6290.8,6190.8,6200.0,10720.0,24267.0,23386.0,KQ.m@CFFEX.IC,86400
968,2017-12-01 00:00:00+08:00,466.0,6215.6,6324.2,6215.0,6279.0,10660.0,23386.0,23391.0,KQ.m@CFFEX.IC,86400
969,2017-12-04 00:00:00+08:00,467.0,6279.0,6329.0,6217.6,6233.8,10948.0,23391.0,22880.0,KQ.m@CFFEX.IC,86400
970,2017-12-05 00:00:00+08:00,468.0,6230.8,6247.8,6061.4,6098.0,11557.0,22880.0,22980.0,KQ.m@CFFEX.IC,86400
971,2017-12-06 00:00:00+08:00,469.0,6108.0,6140.4,6026.0,6132.0,13550.0,22980.0,22733.0,KQ.m@CFFEX.IC,86400
972,2017-12-07 00:00:00+08:00,470.0,6128.0,6169.8,6082.4,6085.6,11733.0,22733.0,21110.0,KQ.m@CFFEX.IC,86400
973,2017-12-08 00:00:00+08:00,471.0,6095.0,6214.8,6088.6,6174.0,11866.0,21110.0,19800.0,KQ.m@CFFEX.IC,86400
974,2017-12-11 00:00:00+08:00,472.0,6198.8,6273.0,6198.2,6270.6,10107.0,19800.0,17109.0,KQ.m@CFFEX.IC,86400
975,2017-12-12 00:00:00+08:00,473.0,6263.0,6281.8,6217.2,6226.8,10533.0,17109.0,14433.0,KQ.m@CFFEX.IC,86400
976,2017-12-13 00:00:00+08:00,474.0,6230.0,6274.6,6201.6,6273.8,10388.0,14433.0,10703.0,KQ.m@CFFEX.IC,86400
977,2017-12-14 00:00:00+08:00,475.0,6278.0,6295.8,6236.0,6284.0,8162.0,10703.0,5326.0,KQ.m@CFFEX.IC,86400
978,2017-12-15 00:00:00+08:00,476.0,6276.6,6294.8,6207.2,6233.6,4442.0,5326.0,0.0,KQ.m@CFFEX.IC,86400
979,2017-12-18 00:00:00+08:00,477.0,6216.0,6227.6,6135.2,6161.8,9672.0,0.0,19486.0,KQ.m@CFFEX.IC,86400
980,2017-12-19 00:00:00+08:00,478.0,6177.6,6246.6,6170.6,6234.0,9895.0,19486.0,19860.0,KQ.m@CFFEX.IC,86400
981,2017-12-20 00:00:00+08:00,479.0,6233.8,6238.6,6150.0,6158.4,9779.0,19860.0,19815.0,KQ.m@CFFEX.IC,86400
982,2017-12-21 00:00:00+08:00,480.0,6162.8,6269.0,6107.2,6227.0,12255.0,19815.0,20457.0,KQ.m@CFFEX.IC,86400
983,2017-12-22 00:00:00+08:00,481.0,6242.0,6276.6,6223.2,6243.2,7802.0,20457.0,19358.0,KQ.m@CFFEX.IC,86400
984,2017-12-25 00:00:00+08:00,482.0,6251.0,6265.6,6142.6,6162.0,9515.0,19358.0,19496.0,KQ.m@CFFEX.IC,86400
985,2017-12-26 00:00:00+08:00,483.0,6163.0,6234.6,6132.2,6219.4,9924.0,19496.0,19747.0,KQ.m@CFFEX.IC,86400
986,2017-12-27 00:00:00+08:00,484.0,6225.2,6233.8,6147.8,6156.2,9052.0,19747.0,19243.0,KQ.m@CFFEX.IC,86400
987,2017-12-28 00:00:00+08:00,485.0,6160.0,6242.8,6145.0,6206.0,9604.0,19243.0,19531.0,KQ.m@CFFEX.IC,86400
988,2017-12-29 00:00:00+08:00,486.0,6212.0,6305.0,6205.2,6280.8,8330.0,19531.0,18882.0,KQ.m@CFFEX.IC,86400
989,2018-01-02 00:00:00+08:00,487.0,6292.0,6355.0,6266.6,6345.0,8880.0,18882.0,18840.0,KQ.m@CFFEX.IC,86400
990,2018-01-03 00:00:00+08:00,488.0,6353.6,6411.4,6336.4,6388.2,8896.0,18840.0,18664.0,KQ.m@CFFEX.IC,86400
991,2018-01-04 00:00:00+08:00,489.0,6375.0,6414.8,6375.0,6406.8,7374.0,18664.0,18100.0,KQ.m@CFFEX.IC,86400
992,2018-01-05 00:00:00+08:00,490.0,6408.0,6429.2,6383.6,6400.8,7585.0,18100.0,17964.0,KQ.m@CFFEX.IC,86400
993,2018-01-08 00:00:00+08:00,491.0,6400.8,6443.6,6378.6,6433.0,7945.0,17964.0,17838.0,KQ.m@CFFEX.IC,86400
994,2018-01-09 00:00:00+08:00,492.0,6433.0,6437.6,6402.2,6435.0,7365.0,17838.0,17130.0,KQ.m@CFFEX.IC,86400
995,2018-01-10 00:00:00+08:00,493.0,6432.8,6436.2,6360.0,6406.6,8377.0,17130.0,17019.0,KQ.m@CFFEX.IC,86400
996,2018-01-11 00:00:00+08:00,494.0,6385.0,6443.0,6372.2,6423.2,8463.0,17019.0,16480.0,KQ.m@CFFEX.IC,86400
997,2018-01-12 00:00:00+08:00,495.0,6419.8,6428.2,6372.8,6401.2,8205.0,16480.0,15211.0,KQ.m@CFFEX.IC,86400
998,2018-01-15 00:00:00+08:00,496.0,6395.0,6396.0,6242.2,6273.0,9382.0,15211.0,14451.0,KQ.m@CFFEX.IC,86400
999,2018-01-16 00:00:00+08:00,497.0,6265.6,6317.8,6261.2,6285.6,9437.0,14451.0,11651.0,KQ.m@CFFEX.IC,86400
1000,2018-01-17 00:00:00+08:00,498.0,6280.0,6299.2,6193.2,6250.0,10326.0,11651.0,8817.0,KQ.m@CFFEX.IC,86400
1001,2018-01-18 00:00:00+08:00,499.0,6255.0,6316.8,6246.2,6285.6,6976.0,8817.0,4475.0,KQ.m@CFFEX.IC,86400
1002,2018-01-19 00:00:00+08:00,500.0,6284.0,6333.8,6268.8,6281.0,3931.0,4475.0,0.0,KQ.m@CFFEX.IC,86400
1003,2018-01-22 00:00:00+08:00,501.0,6236.0,6359.8,6200.8,6348.6,10788.0,0.0,16348.0,KQ.m@CFFEX.IC,86400
1004,2018-01-23 00:00:00+08:00,502.0,6347.0,6377.0,6323.6,6345.8,8050.0,16348.0,16189.0,KQ.m@CFFEX.IC,86400
1005,2018-01-24 00:00:00+08:00,503.0,6352.6,6430.0,6326.6,6409.6,10524.0,16189.0,17308.0,KQ.m@CFFEX.IC,86400
1006,2018-01-25 00:00:00+08:00,504.0,6397.0,6449.6,6382.0,6387.0,9106.0,17308.0,16545.0,KQ.m@CFFEX.IC,86400
1007,2018-01-26 00:00:00+08:00,505.0,6384.4,6413.8,6377.0,6397.0,7311.0,16545.0,16182.0,KQ.m@CFFEX.IC,86400
1008,2018-01-29 00:00:00+08:00,506.0,6390.0,6430.4,6287.2,6312.2,9592.0,16182.0,16111.0,KQ.m@CFFEX.IC,86400
1009,2018-01-30 00:00:00+08:00,507.0,6310.0,6346.0,6291.4,6302.8,7853.0,16111.0,15163.0,KQ.m@CFFEX.IC,86400
1010,2018-01-31 00:00:00+08:00,508.0,6280.0,6285.0,6156.6,6186.6,9923.0,15163.0,15486.0,KQ.m@CFFEX.IC,86400
1011,2018-02-01 00:00:00+08:00,509.0,6192.0,6212.0,5961.4,5970.0,11166.0,15486.0,16135.0,KQ.m@CFFEX.IC,86400
1012,2018-02-02 00:00:00+08:00,510.0,5958.0,6018.6,5832.6,5986.2,11551.0,16135.0,15578.0,KQ.m@CFFEX.IC,86400
1013,2018-02-05 00:00:00+08:00,511.0,5928.0,6015.8,5916.4,5979.8,8507.0,15578.0,14444.0,KQ.m@CFFEX.IC,86400
1014,2018-02-06 00:00:00+08:00,512.0,5913.0,5933.2,5651.8,5686.8,12013.0,14444.0,15116.0,KQ.m@CFFEX.IC,86400
1015,2018-02-07 00:00:00+08:00,513.0,5807.8,5837.0,5606.8,5663.0,12850.0,15116.0,14954.0,KQ.m@CFFEX.IC,86400
1016,2018-02-08 00:00:00+08:00,514.0,5687.0,5804.8,5680.0,5747.0,10648.0,14954.0,13568.0,KQ.m@CFFEX.IC,86400
1017,2018-02-09 00:00:00+08:00,515.0,5645.0,5678.0,5453.2,5504.0,11985.0,13568.0,12730.0,KQ.m@CFFEX.IC,86400
1018,2018-02-12 00:00:00+08:00,516.0,5590.0,5723.2,5565.2,5661.0,9667.0,12730.0,10033.0,KQ.m@CFFEX.IC,86400
1019,2018-02-13 00:00:00+08:00,517.0,5712.6,5784.0,5698.0,5713.8,7821.0,10033.0,6749.0,KQ.m@CFFEX.IC,86400
1020,2018-02-14 00:00:00+08:00,518.0,5719.2,5748.4,5692.4,5730.0,4952.0,6749.0,3613.0,KQ.m@CFFEX.IC,86400
1021,2018-02-22 00:00:00+08:00,519.0,5778.6,5836.0,5738.8,5825.0,9041.0,3613.0,22767.0,KQ.m@CFFEX.IC,86400
1022,2018-02-23 00:00:00+08:00,520.0,5830.0,5853.4,5777.0,5833.4,9405.0,22767.0,23047.0,KQ.m@CFFEX.IC,86400
1023,2018-02-26 00:00:00+08:00,521.0,5877.0,6013.8,5865.0,6004.6,11347.0,23047.0,23228.0,KQ.m@CFFEX.IC,86400
1024,2018-02-27 00:00:00+08:00,522.0,5998.0,6022.6,5965.0,5979.6,9180.0,23228.0,22605.0,KQ.m@CFFEX.IC,86400
1025,2018-02-28 00:00:00+08:00,523.0,5952.6,6026.0,5918.2,5983.4,10025.0,22605.0,22847.0,KQ.m@CFFEX.IC,86400
1026,2018-03-01 00:00:00+08:00,524.0,5958.0,6074.4,5941.2,6057.8,10536.0,22847.0,22704.0,KQ.m@CFFEX.IC,86400
1027,2018-03-02 00:00:00+08:00,525.0,6020.0,6068.0,6005.0,6035.2,10214.0,22704.0,22155.0,KQ.m@CFFEX.IC,86400
1028,2018-03-05 00:00:00+08:00,526.0,6054.8,6066.4,5970.2,6019.2,9630.0,22155.0,21382.0,KQ.m@CFFEX.IC,86400
1029,2018-03-06 00:00:00+08:00,527.0,6038.6,6116.0,6025.2,6111.8,10569.0,21382.0,21289.0,KQ.m@CFFEX.IC,86400
1030,2018-03-07 00:00:00+08:00,528.0,6095.0,6106.0,6023.6,6031.0,10792.0,21289.0,20297.0,KQ.m@CFFEX.IC,86400
1031,2018-03-08 00:00:00+08:00,529.0,6046.2,6107.6,6039.0,6095.4,9471.0,20297.0,19642.0,KQ.m@CFFEX.IC,86400
1032,2018-03-09 00:00:00+08:00,530.0,6108.8,6207.8,6096.4,6198.8,10397.0,19642.0,18511.0,KQ.m@CFFEX.IC,86400
1033,2018-03-12 00:00:00+08:00,531.0,6233.4,6295.8,6225.6,6275.4,10294.0,18511.0,16248.0,KQ.m@CFFEX.IC,86400
1034,2018-03-13 00:00:00+08:00,532.0,6270.2,6284.6,6233.2,6241.0,9979.0,16248.0,14193.0,KQ.m@CFFEX.IC,86400
1035,2018-03-14 00:00:00+08:00,533.0,6234.4,6253.8,6157.4,6177.0,10245.0,14193.0,10959.0,KQ.m@CFFEX.IC,86400
1036,2018-03-15 00:00:00+08:00,534.0,6162.6,6214.0,6101.0,6172.0,9762.0,10959.0,5879.0,KQ.m@CFFEX.IC,86400
1037,2018-03-16 00:00:00+08:00,535.0,6192.0,6207.2,6165.8,6174.2,5062.0,5879.0,0.0,KQ.m@CFFEX.IC,86400
1038,2018-03-19 00:00:00+08:00,536.0,6088.0,6158.6,6044.2,6080.4,10304.0,0.0,16741.0,KQ.m@CFFEX.IC,86400
1039,2018-03-20 00:00:00+08:00,537.0,6050.0,6138.4,6022.6,6103.2,9947.0,16741.0,16953.0,KQ.m@CFFEX.IC,86400
1040,2018-03-21 00:00:00+08:00,538.0,6128.4,6185.2,6028.0,6040.0,11123.0,16953.0,17742.0,KQ.m@CFFEX.IC,86400
1041,2018-03-22 00:00:00+08:00,539.0,6070.0,6097.0,6000.2,6037.4,11465.0,17742.0,18300.0,KQ.m@CFFEX.IC,86400
1042,2018-03-23 00:00:00+08:00,540.0,5865.4,5930.0,5630.2,5665.6,14660.0,18300.0,18999.0,KQ.m@CFFEX.IC,86400
1043,2018-03-26 00:00:00+08:00,541.0,5681.0,5855.8,5632.0,5846.0,12595.0,18999.0,18669.0,KQ.m@CFFEX.IC,86400
1044,2018-03-27 00:00:00+08:00,542.0,5908.8,6013.4,5899.6,6005.6,12593.0,18669.0,19086.0,KQ.m@CFFEX.IC,86400
1045,2018-03-28 00:00:00+08:00,543.0,5935.0,5977.4,5891.4,5915.2,12729.0,19086.0,20060.0,KQ.m@CFFEX.IC,86400
1046,2018-03-29 00:00:00+08:00,544.0,5954.8,6018.8,5890.2,6012.0,12209.0,20060.0,20250.0,KQ.m@CFFEX.IC,86400
1047,2018-03-30 00:00:00+08:00,545.0,6019.2,6105.0,6017.4,6101.0,10296.0,20250.0,20118.0,KQ.m@CFFEX.IC,86400
1048,2018-04-02 00:00:00+08:00,546.0,6129.0,6157.8,6060.6,6075.0,10232.0,20118.0,20453.0,KQ.m@CFFEX.IC,86400
1049,2018-04-03 00:00:00+08:00,547.0,6001.0,6048.8,5953.0,6023.4,10982.0,20453.0,20526.0,KQ.m@CFFEX.IC,86400
1050,2018-04-04 00:00:00+08:00,548.0,6058.6,6081.8,5950.2,5976.0,10466.0,20526.0,20449.0,KQ.m@CFFEX.IC,86400
1051,2018-04-09 00:00:00+08:00,549.0,5992.8,6049.0,5919.2,5981.8,10941.0,20449.0,20545.0,KQ.m@CFFEX.IC,86400
1052,2018-04-10 00:00:00+08:00,550.0,6000.0,6050.0,5950.6,6048.0,12088.0,20545.0,20238.0,KQ.m@CFFEX.IC,86400
1053,2018-04-11 00:00:00+08:00,551.0,6072.2,6098.4,6047.4,6055.0,9679.0,20238.0,19112.0,KQ.m@CFFEX.IC,86400
1054,2018-04-12 00:00:00+08:00,552.0,6048.8,6083.8,6003.2,6022.8,9205.0,19112.0,18608.0,KQ.m@CFFEX.IC,86400
1055,2018-04-13 00:00:00+08:00,553.0,6063.0,6080.0,5982.6,6010.0,10134.0,18608.0,17716.0,KQ.m@CFFEX.IC,86400
1056,2018-04-16 00:00:00+08:00,554.0,6024.8,6052.2,5934.0,5989.0,10370.0,17716.0,16453.0,KQ.m@CFFEX.IC,86400
1057,2018-04-17 00:00:00+08:00,555.0,6008.8,6028.8,5856.4,5888.0,12000.0,16453.0,14204.0,KQ.m@CFFEX.IC,86400
1058,2018-04-18 00:00:00+08:00,556.0,5930.8,5996.2,5812.2,5951.0,13007.0,14204.0,10946.0,KQ.m@CFFEX.IC,86400
1059,2018-04-19 00:00:00+08:00,557.0,5965.0,6064.2,5960.8,6000.0,9371.0,10946.0,5038.0,KQ.m@CFFEX.IC,86400
1060,2018-04-20 00:00:00+08:00,558.0,5987.0,6000.0,5892.4,5908.0,4497.0,5038.0,0.0,KQ.m@CFFEX.IC,86400
1061,2018-04-23 00:00:00+08:00,559.0,5852.0,5881.6,5692.0,5779.2,11262.0,0.0,18516.0,KQ.m@CFFEX.IC,86400
1062,2018-04-24 00:00:00+08:00,560.0,5786.8,5935.8,5781.4,5913.2,11338.0,18516.0,18284.0,KQ.m@CFFEX.IC,86400
1063,2018-04-25 00:00:00+08:00,561.0,5897.0,5933.0,5882.2,5913.0,8883.0,18284.0,18301.0,KQ.m@CFFEX.IC,86400
1064,2018-04-26 00:00:00+08:00,562.0,5909.0,5928.4,5796.0,5806.4,10446.0,18301.0,18748.0,KQ.m@CFFEX.IC,86400
1065,2018-04-27 00:00:00+08:00,563.0,5836.0,5855.6,5769.2,5852.2,10844.0,18748.0,18887.0,KQ.m@CFFEX.IC,86400
1066,2018-05-02 00:00:00+08:00,564.0,5860.0,5887.4,5781.0,5827.8,9384.0,18887.0,18711.0,KQ.m@CFFEX.IC,86400
1067,2018-05-03 00:00:00+08:00,565.0,5815.0,5919.4,5744.0,5892.4,11627.0,18711.0,19696.0,KQ.m@CFFEX.IC,86400
1068,2018-05-04 00:00:00+08:00,566.0,5887.2,5921.8,5861.4,5881.0,9115.0,19696.0,19121.0,KQ.m@CFFEX.IC,86400
1069,2018-05-07 00:00:00+08:00,567.0,5917.0,6024.6,5891.2,6001.0,9567.0,19121.0,19352.0,KQ.m@CFFEX.IC,86400
1070,2018-05-08 00:00:00+08:00,568.0,6016.8,6033.8,5992.4,6028.6,8181.0,19352.0,18475.0,KQ.m@CFFEX.IC,86400
1071,2018-05-09 00:00:00+08:00,569.0,6025.0,6041.8,5983.0,6011.0,7028.0,18475.0,18061.0,KQ.m@CFFEX.IC,86400
1072,2018-05-10 00:00:00+08:00,570.0,6019.0,6054.0,5973.8,6036.4,8003.0,18061.0,17880.0,KQ.m@CFFEX.IC,86400
1073,2018-05-11 00:00:00+08:00,571.0,6039.6,6047.4,5980.6,5993.0,8459.0,17880.0,17176.0,KQ.m@CFFEX.IC,86400
1074,2018-05-14 00:00:00+08:00,572.0,6001.0,6020.2,5939.8,5964.0,8415.0,17176.0,15674.0,KQ.m@CFFEX.IC,86400
1075,2018-05-15 00:00:00+08:00,573.0,5973.8,6026.2,5948.8,6020.0,9470.0,15674.0,13764.0,KQ.m@CFFEX.IC,86400
1076,2018-05-16 00:00:00+08:00,574.0,6018.6,6046.8,5993.8,6012.6,9047.0,13764.0,10055.0,KQ.m@CFFEX.IC,86400
1077,2018-05-17 00:00:00+08:00,575.0,6010.0,6020.4,5960.0,5975.0,8136.0,10055.0,4818.0,KQ.m@CFFEX.IC,86400
1078,2018-05-18 00:00:00+08:00,576.0,5926.4,5980.0,5884.6,5975.2,11485.0,4818.0,28363.0,KQ.m@CFFEX.IC,86400
1079,2018-05-21 00:00:00+08:00,577.0,6015.0,6069.0,6013.6,6027.4,10421.0,28363.0,28084.0,KQ.m@CFFEX.IC,86400
1080,2018-05-22 00:00:00+08:00,578.0,6027.0,6072.8,6020.2,6066.0,8316.0,28084.0,27452.0,KQ.m@CFFEX.IC,86400
1081,2018-05-23 00:00:00+08:00,579.0,6051.4,6060.0,5975.2,5992.4,10502.0,27452.0,26912.0,KQ.m@CFFEX.IC,86400
1082,2018-05-24 00:00:00+08:00,580.0,5995.2,6008.0,5950.2,5966.8,8614.0,26912.0,26758.0,KQ.m@CFFEX.IC,86400
1083,2018-05-25 00:00:00+08:00,581.0,5961.2,5966.6,5863.4,5874.8,9843.0,26758.0,27485.0,KQ.m@CFFEX.IC,86400
1084,2018-05-28 00:00:00+08:00,582.0,5883.8,5928.4,5836.4,5878.4,9884.0,27485.0,27651.0,KQ.m@CFFEX.IC,86400
1085,2018-05-29 00:00:00+08:00,583.0,5873.0,5908.8,5791.0,5794.4,10724.0,27651.0,27506.0,KQ.m@CFFEX.IC,86400
1086,2018-05-30 00:00:00+08:00,584.0,5740.8,5748.8,5645.0,5653.2,12024.0,27506.0,27905.0,KQ.m@CFFEX.IC,86400
1087,2018-05-31 00:00:00+08:00,585.0,5700.0,5749.6,5652.0,5738.0,10843.0,27905.0,27174.0,KQ.m@CFFEX.IC,86400
1088,2018-06-01 00:00:00+08:00,586.0,5717.4,5729.6,5621.2,5664.0,9966.0,27174.0,26961.0,KQ.m@CFFEX.IC,86400
1089,2018-06-04 00:00:00+08:00,587.0,5685.0,5693.8,5628.8,5671.0,9799.0,26961.0,26351.0,KQ.m@CFFEX.IC,86400
1090,2018-06-05 00:00:00+08:00,588.0,5675.0,5774.6,5672.4,5770.2,10344.0,26351.0,25772.0,KQ.m@CFFEX.IC,86400
1091,2018-06-06 00:00:00+08:00,589.0,5773.2,5773.2,5725.8,5765.6,8861.0,25772.0,24469.0,KQ.m@CFFEX.IC,86400
1092,2018-06-07 00:00:00+08:00,590.0,5779.8,5799.0,5707.0,5732.0,9629.0,24469.0,24032.0,KQ.m@CFFEX.IC,86400
1093,2018-06-08 00:00:00+08:00,591.0,5720.0,5726.8,5608.4,5658.6,10768.0,24032.0,22063.0,KQ.m@CFFEX.IC,86400
1094,2018-06-11 00:00:00+08:00,592.0,5645.0,5678.8,5588.0,5639.2,11261.0,22063.0,19630.0,KQ.m@CFFEX.IC,86400
1095,2018-06-12 00:00:00+08:00,593.0,5645.0,5704.8,5592.6,5686.8,12016.0,19630.0,16180.0,KQ.m@CFFEX.IC,86400
1096,2018-06-13 00:00:00+08:00,594.0,5674.8,5684.8,5598.8,5603.0,10973.0,16180.0,11813.0,KQ.m@CFFEX.IC,86400
1097,2018-06-14 00:00:00+08:00,595.0,5579.2,5657.4,5570.2,5594.0,9388.0,11813.0,6354.0,KQ.m@CFFEX.IC,86400
1098,2018-06-15 00:00:00+08:00,596.0,5590.4,5614.6,5434.6,5482.6,5740.0,6354.0,0.0,KQ.m@CFFEX.IC,86400
1099,2018-06-19 00:00:00+08:00,597.0,5358.0,5359.8,4952.2,5057.8,13418.0,0.0,23557.0,KQ.m@CFFEX.IC,86400
1100,2018-06-20 00:00:00+08:00,598.0,5055.0,5188.0,5028.0,5142.2,12454.0,23557.0,23514.0,KQ.m@CFFEX.IC,86400
1101,2018-06-21 00:00:00+08:00,599.0,5158.0,5199.0,4995.6,5010.0,13828.0,23514.0,24334.0,KQ.m@CFFEX.IC,86400
1102,2018-06-22 00:00:00+08:00,600.0,4984.0,5127.0,4964.2,5110.8,13724.0,24334.0,24775.0,KQ.m@CFFEX.IC,86400
1103,2018-06-25 00:00:00+08:00,601.0,5140.0,5158.8,5028.8,5028.8,11600.0,24775.0,24183.0,KQ.m@CFFEX.IC,86400
1104,2018-06-26 00:00:00+08:00,602.0,5010.0,5138.2,5001.8,5095.0,13682.0,24183.0,25369.0,KQ.m@CFFEX.IC,86400
1105,2018-06-27 00:00:00+08:00,603.0,5104.0,5154.2,4996.2,5001.0,14010.0,25369.0,24921.0,KQ.m@CFFEX.IC,86400
1106,2018-06-28 00:00:00+08:00,604.0,5016.0,5119.6,4982.4,5007.2,13275.0,24921.0,25346.0,KQ.m@CFFEX.IC,86400
1107,2018-06-29 00:00:00+08:00,605.0,5027.0,5205.2,5002.2,5185.4,14201.0,25346.0,25577.0,KQ.m@CFFEX.IC,86400
1108,2018-07-02 00:00:00+08:00,606.0,5176.8,5225.0,5037.0,5100.0,14354.0,25577.0,25037.0,KQ.m@CFFEX.IC,86400
1109,2018-07-03 00:00:00+08:00,607.0,5120.0,5180.6,4992.0,5144.0,15603.0,25037.0,26187.0,KQ.m@CFFEX.IC,86400
1110,2018-07-04 00:00:00+08:00,608.0,5135.0,5150.0,5043.0,5085.4,13396.0,26187.0,25266.0,KQ.m@CFFEX.IC,86400
1111,2018-07-05 00:00:00+08:00,609.0,5066.0,5091.4,4919.6,4920.2,15688.0,25266.0,25525.0,KQ.m@CFFEX.IC,86400
1112,2018-07-06 00:00:00+08:00,610.0,4941.6,5047.6,4852.0,4948.0,17594.0,25525.0,25642.0,KQ.m@CFFEX.IC,86400
1113,2018-07-09 00:00:00+08:00,611.0,4991.6,5091.0,4988.0,5088.0,12790.0,25642.0,23804.0,KQ.m@CFFEX.IC,86400
1114,2018-07-10 00:00:00+08:00,612.0,5093.2,5124.8,5051.2,5115.0,12007.0,23804.0,23247.0,KQ.m@CFFEX.IC,86400
1115,2018-07-11 00:00:00+08:00,613.0,5004.0,5048.8,4919.0,5008.8,15491.0,23247.0,22894.0,KQ.m@CFFEX.IC,86400
1116,2018-07-12 00:00:00+08:00,614.0,5017.8,5190.8,5017.8,5178.4,15754.0,22894.0,21678.0,KQ.m@CFFEX.IC,86400
1117,2018-07-13 00:00:00+08:00,615.0,5178.4,5209.4,5152.0,5191.0,10698.0,21678.0,19889.0,KQ.m@CFFEX.IC,86400
1118,2018-07-16 00:00:00+08:00,616.0,5198.0,5220.8,5152.0,5199.2,11888.0,19889.0,17985.0,KQ.m@CFFEX.IC,86400
1119,2018-07-17 00:00:00+08:00,617.0,5196.0,5203.0,5116.4,5184.4,13293.0,17985.0,15264.0,KQ.m@CFFEX.IC,86400
1120,2018-07-18 00:00:00+08:00,618.0,5207.4,5232.0,5150.0,5159.2,12391.0,15264.0,10633.0,KQ.m@CFFEX.IC,86400
1121,2018-07-19 00:00:00+08:00,619.0,5171.2,5187.0,5081.2,5119.4,9317.0,10633.0,5070.0,KQ.m@CFFEX.IC,86400
1122,2018-07-20 00:00:00+08:00,620.0,5054.6,5165.4,5031.4,5145.2,14232.0,5070.0,21097.0,KQ.m@CFFEX.IC,86400
1123,2018-07-23 00:00:00+08:00,621.0,5117.6,5208.4,5114.0,5191.0,12866.0,21097.0,21489.0,KQ.m@CFFEX.IC,86400
1124,2018-07-24 00:00:00+08:00,622.0,5200.0,5328.0,5195.0,5299.0,13444.0,21489.0,21805.0,KQ.m@CFFEX.IC,86400
1125,2018-07-25 00:00:00+08:00,623.0,5306.2,5332.8,5281.0,5297.8,9731.0,21805.0,20350.0,KQ.m@CFFEX.IC,86400
1126,2018-07-26 00:00:00+08:00,624.0,5302.4,5308.0,5241.6,5261.6,10676.0,20350.0,20952.0,KQ.m@CFFEX.IC,86400
1127,2018-07-27 00:00:00+08:00,625.0,5273.0,5279.8,5205.0,5230.0,11181.0,20952.0,20882.0,KQ.m@CFFEX.IC,86400
1128,2018-07-30 00:00:00+08:00,626.0,5225.0,5245.2,5138.0,5140.4,12004.0,20882.0,21166.0,KQ.m@CFFEX.IC,86400
1129,2018-07-31 00:00:00+08:00,627.0,5145.0,5205.8,5130.0,5157.4,10809.0,21166.0,21047.0,KQ.m@CFFEX.IC,86400
1130,2018-08-01 00:00:00+08:00,628.0,5188.0,5239.8,5056.0,5074.8,14046.0,21047.0,21340.0,KQ.m@CFFEX.IC,86400
1131,2018-08-02 00:00:00+08:00,629.0,5066.4,5075.8,4832.4,4946.4,16415.0,21340.0,21352.0,KQ.m@CFFEX.IC,86400
1132,2018-08-03 00:00:00+08:00,630.0,4950.0,4991.0,4870.0,4878.2,13124.0,21352.0,20323.0,KQ.m@CFFEX.IC,86400
1133,2018-08-06 00:00:00+08:00,631.0,4883.6,4908.8,4755.2,4806.0,14422.0,20323.0,20211.0,KQ.m@CFFEX.IC,86400
1134,2018-08-07 00:00:00+08:00,632.0,4820.2,4944.4,4767.8,4929.0,14565.0,20211.0,19810.0,KQ.m@CFFEX.IC,86400
1135,2018-08-08 00:00:00+08:00,633.0,4919.4,4922.2,4827.2,4855.4,13709.0,19810.0,19518.0,KQ.m@CFFEX.IC,86400
1136,2018-08-09 00:00:00+08:00,634.0,4846.6,5031.4,4833.2,4977.0,15715.0,19518.0,19035.0,KQ.m@CFFEX.IC,86400
1137,2018-08-10 00:00:00+08:00,635.0,4985.0,5027.6,4967.0,5012.8,11164.0,19035.0,17726.0,KQ.m@CFFEX.IC,86400
1138,2018-08-13 00:00:00+08:00,636.0,4971.6,5080.0,4931.4,5046.4,14081.0,17726.0,16648.0,KQ.m@CFFEX.IC,86400
1139,2018-08-14 00:00:00+08:00,637.0,5046.4,5052.2,4997.2,5036.8,12435.0,16648.0,13563.0,KQ.m@CFFEX.IC,86400
1140,2018-08-15 00:00:00+08:00,638.0,5037.0,5037.0,4897.2,4926.0,12757.0,13563.0,10569.0,KQ.m@CFFEX.IC,86400
1141,2018-08-16 00:00:00+08:00,639.0,4867.8,4951.8,4830.2,4871.0,10442.0,10569.0,5008.0,KQ.m@CFFEX.IC,86400
1142,2018-08-17 00:00:00+08:00,640.0,4879.0,4896.6,4701.0,4738.0,14459.0,5008.0,34093.0,KQ.m@CFFEX.IC,86400
1143,2018-08-20 00:00:00+08:00,641.0,4748.6,4797.0,4684.6,4783.6,15399.0,34093.0,34943.0,KQ.m@CFFEX.IC,86400
1144,2018-08-21 00:00:00+08:00,642.0,4787.8,4876.0,4760.2,4825.0,14917.0,34943.0,34890.0,KQ.m@CFFEX.IC,86400
1145,2018-08-22 00:00:00+08:00,643.0,4820.4,4829.0,4772.8,4806.0,12547.0,34890.0,33676.0,KQ.m@CFFEX.IC,86400
1146,2018-08-23 00:00:00+08:00,644.0,4800.0,4859.2,4745.8,4826.2,17385.0,33676.0,34455.0,KQ.m@CFFEX.IC,86400
1147,2018-08-24 00:00:00+08:00,645.0,4810.0,4847.0,4775.2,4809.4,13512.0,34455.0,32879.0,KQ.m@CFFEX.IC,86400
1148,2018-08-27 00:00:00+08:00,646.0,4835.8,4947.0,4820.2,4931.4,14100.0,32879.0,32847.0,KQ.m@CFFEX.IC,86400
1149,2018-08-28 00:00:00+08:00,647.0,4942.8,4957.4,4910.0,4936.8,10748.0,32847.0,31335.0,KQ.m@CFFEX.IC,86400
1150,2018-08-29 00:00:00+08:00,648.0,4934.2,4937.6,4883.0,4918.2,11076.0,31335.0,31702.0,KQ.m@CFFEX.IC,86400
1151,2018-08-30 00:00:00+08:00,649.0,4918.0,4923.2,4826.4,4846.0,12858.0,31702.0,31959.0,KQ.m@CFFEX.IC,86400
1152,2018-08-31 00:00:00+08:00,650.0,4820.2,4836.6,4757.0,4783.4,13960.0,31959.0,32094.0,KQ.m@CFFEX.IC,86400
1153,2018-09-03 00:00:00+08:00,651.0,4778.8,4822.8,4715.4,4819.6,13878.0,32094.0,31994.0,KQ.m@CFFEX.IC,86400
1154,2018-09-04 00:00:00+08:00,652.0,4814.8,4895.2,4798.2,4857.6,13815.0,31994.0,31831.0,KQ.m@CFFEX.IC,86400
1155,2018-09-05 00:00:00+08:00,653.0,4850.0,4867.2,4781.2,4785.0,12599.0,31831.0,30704.0,KQ.m@CFFEX.IC,86400
1156,2018-09-06 00:00:00+08:00,654.0,4775.2,4837.6,4740.0,4767.8,13886.0,30704.0,30913.0,KQ.m@CFFEX.IC,86400
1157,2018-09-07 00:00:00+08:00,655.0,4794.2,4865.0,4720.2,4765.0,16556.0,30913.0,31055.0,KQ.m@CFFEX.IC,86400
1158,2018-09-10 00:00:00+08:00,656.0,4765.8,4770.8,4673.0,4684.2,13075.0,31055.0,29571.0,KQ.m@CFFEX.IC,86400
1159,2018-09-11 00:00:00+08:00,657.0,4687.0,4735.0,4653.8,4694.4,13708.0,29571.0,28492.0,KQ.m@CFFEX.IC,86400
1160,2018-09-12 00:00:00+08:00,658.0,4694.4,4728.4,4656.2,4675.0,14078.0,28492.0,27069.0,KQ.m@CFFEX.IC,86400
1161,2018-09-13 00:00:00+08:00,659.0,4731.0,4769.0,4636.8,4718.0,16472.0,27069.0,26360.0,KQ.m@CFFEX.IC,86400
1162,2018-09-14 00:00:00+08:00,660.0,4722.6,4726.4,4653.4,4654.4,13491.0,26360.0,24437.0,KQ.m@CFFEX.IC,86400
1163,2018-09-17 00:00:00+08:00,661.0,4633.2,4634.2,4574.2,4602.8,13249.0,24437.0,21585.0,KQ.m@CFFEX.IC,86400
1164,2018-09-18 00:00:00+08:00,662.0,4588.6,4698.4,4581.6,4679.4,17179.0,21585.0,17957.0,KQ.m@CFFEX.IC,86400
1165,2018-09-19 00:00:00+08:00,663.0,4679.0,4783.2,4667.0,4734.4,15449.0,17957.0,12395.0,KQ.m@CFFEX.IC,86400
1166,2018-09-20 00:00:00+08:00,664.0,4737.0,4774.8,4730.8,4743.6,9068.0,12395.0,6016.0,KQ.m@CFFEX.IC,86400
1167,2018-09-21 00:00:00+08:00,665.0,4729.8,4829.2,4700.2,4827.8,15878.0,6016.0,24752.0,KQ.m@CFFEX.IC,86400
1168,2018-09-25 00:00:00+08:00,666.0,4782.0,4813.0,4753.2,4793.2,11759.0,24752.0,23884.0,KQ.m@CFFEX.IC,86400
1169,2018-09-26 00:00:00+08:00,667.0,4805.0,4851.6,4767.6,4800.0,14400.0,23884.0,24478.0,KQ.m@CFFEX.IC,86400
1170,2018-09-27 00:00:00+08:00,668.0,4793.0,4818.0,4746.2,4764.6,11455.0,24478.0,24103.0,KQ.m@CFFEX.IC,86400
1171,2018-09-28 00:00:00+08:00,669.0,4772.2,4827.0,4733.6,4820.4,13211.0,24103.0,24300.0,KQ.m@CFFEX.IC,86400
1172,2018-10-08 00:00:00+08:00,670.0,4718.8,4741.6,4640.4,4654.8,12383.0,24300.0,23267.0,KQ.m@CFFEX.IC,86400
1173,2018-10-09 00:00:00+08:00,671.0,4664.0,4690.0,4606.2,4624.8,12130.0,23267.0,23091.0,KQ.m@CFFEX.IC,86400
1174,2018-10-10 00:00:00+08:00,672.0,4632.0,4670.0,4578.2,4639.2,13905.0,23091.0,23088.0,KQ.m@CFFEX.IC,86400
1175,2018-10-11 00:00:00+08:00,673.0,4497.0,4506.0,4243.0,4258.2,17959.0,23088.0,23611.0,KQ.m@CFFEX.IC,86400
1176,2018-10-12 00:00:00+08:00,674.0,4281.6,4303.8,4135.0,4267.2,18588.0,23611.0,22694.0,KQ.m@CFFEX.IC,86400
1177,2018-10-15 00:00:00+08:00,675.0,4276.0,4324.8,4171.0,4178.4,16255.0,22694.0,19232.0,KQ.m@CFFEX.IC,86400
1178,2018-10-16 00:00:00+08:00,676.0,4185.0,4219.8,4067.2,4100.4,16173.0,19232.0,16800.0,KQ.m@CFFEX.IC,86400
1179,2018-10-17 00:00:00+08:00,677.0,4152.6,4165.2,4026.8,4120.6,17563.0,16800.0,12393.0,KQ.m@CFFEX.IC,86400
1180,2018-10-18 00:00:00+08:00,678.0,4106.0,4111.4,4018.4,4033.2,11869.0,12393.0,5669.0,KQ.m@CFFEX.IC,86400
1181,2018-10-19 00:00:00+08:00,679.0,3949.0,4118.2,3937.8,4080.4,17297.0,5669.0,20087.0,KQ.m@CFFEX.IC,86400
1182,2018-10-22 00:00:00+08:00,680.0,4152.0,4373.2,4140.0,4317.6,19186.0,20087.0,21506.0,KQ.m@CFFEX.IC,86400
1183,2018-10-23 00:00:00+08:00,681.0,4318.0,4342.6,4182.0,4219.6,16897.0,21506.0,20805.0,KQ.m@CFFEX.IC,86400
1184,2018-10-24 00:00:00+08:00,682.0,4218.6,4288.8,4173.4,4209.8,16874.0,20805.0,21197.0,KQ.m@CFFEX.IC,86400
1185,2018-10-25 00:00:00+08:00,683.0,4096.0,4230.4,4072.4,4226.0,18457.0,21197.0,21932.0,KQ.m@CFFEX.IC,86400
1186,2018-10-26 00:00:00+08:00,684.0,4249.8,4283.4,4172.4,4199.8,16170.0,21932.0,21250.0,KQ.m@CFFEX.IC,86400
1187,2018-10-29 00:00:00+08:00,685.0,4205.2,4227.2,4104.0,4156.0,14534.0,21250.0,21323.0,KQ.m@CFFEX.IC,86400
1188,2018-10-30 00:00:00+08:00,686.0,4145.6,4232.4,4060.0,4189.6,18897.0,21323.0,22709.0,KQ.m@CFFEX.IC,86400
1189,2018-10-31 00:00:00+08:00,687.0,4203.6,4305.0,4185.2,4252.0,17378.0,22709.0,22286.0,KQ.m@CFFEX.IC,86400
1190,2018-11-01 00:00:00+08:00,688.0,4305.0,4375.0,4273.8,4280.0,17894.0,22286.0,23239.0,KQ.m@CFFEX.IC,86400
1191,2018-11-02 00:00:00+08:00,689.0,4425.6,4447.6,4341.6,4436.0,20299.0,23239.0,23157.0,KQ.m@CFFEX.IC,86400
1192,2018-11-05 00:00:00+08:00,690.0,4421.2,4463.0,4350.6,4430.2,17885.0,23157.0,21738.0,KQ.m@CFFEX.IC,86400
1193,2018-11-06 00:00:00+08:00,691.0,4416.0,4445.0,4365.6,4439.2,14661.0,21738.0,20944.0,KQ.m@CFFEX.IC,86400
1194,2018-11-07 00:00:00+08:00,692.0,4443.6,4488.0,4388.0,4388.4,18236.0,20944.0,21493.0,KQ.m@CFFEX.IC,86400
1195,2018-11-08 00:00:00+08:00,693.0,4447.6,4448.0,4366.2,4370.8,15305.0,21493.0,20684.0,KQ.m@CFFEX.IC,86400
1196,2018-11-09 00:00:00+08:00,694.0,4348.0,4401.6,4338.4,4368.8,13550.0,20684.0,19864.0,KQ.m@CFFEX.IC,86400
1197,2018-11-12 00:00:00+08:00,695.0,4368.6,4496.2,4354.4,4487.2,14855.0,19864.0,19091.0,KQ.m@CFFEX.IC,86400
1198,2018-11-13 00:00:00+08:00,696.0,4440.0,4606.8,4439.8,4571.0,17653.0,19091.0,17592.0,KQ.m@CFFEX.IC,86400
1199,2018-11-14 00:00:00+08:00,697.0,4576.8,4612.4,4533.0,4552.6,15405.0,17592.0,13033.0,KQ.m@CFFEX.IC,86400
1200,2018-11-15 00:00:00+08:00,698.0,4546.0,4628.8,4543.6,4620.0,11467.0,13033.0,6536.0,KQ.m@CFFEX.IC,86400
1201,2018-11-16 00:00:00+08:00,699.0,4620.0,4710.6,4602.8,4647.8,19604.0,6536.0,43675.0,KQ.m@CFFEX.IC,86400
1202,2018-11-19 00:00:00+08:00,700.0,4656.2,4683.6,4594.6,4659.4,17760.0,43675.0,43767.0,KQ.m@CFFEX.IC,86400
1203,2018-11-20 00:00:00+08:00,701.0,4626.8,4635.0,4512.4,4520.0,21435.0,43767.0,41766.0,KQ.m@CFFEX.IC,86400
1204,2018-11-21 00:00:00+08:00,702.0,4474.0,4557.0,4449.2,4536.2,19133.0,41766.0,42022.0,KQ.m@CFFEX.IC,86400
1205,2018-11-22 00:00:00+08:00,703.0,4549.0,4574.8,4484.4,4523.0,17226.0,42022.0,41276.0,KQ.m@CFFEX.IC,86400
1206,2018-11-23 00:00:00+08:00,704.0,4512.2,4521.0,4327.6,4328.2,19515.0,41276.0,40988.0,KQ.m@CFFEX.IC,86400
1207,2018-11-26 00:00:00+08:00,705.0,4340.0,4371.6,4283.6,4315.8,17973.0,40988.0,40148.0,KQ.m@CFFEX.IC,86400
1208,2018-11-27 00:00:00+08:00,706.0,4348.2,4378.6,4307.0,4344.2,16618.0,40148.0,40293.0,KQ.m@CFFEX.IC,86400
1209,2018-11-28 00:00:00+08:00,707.0,4343.0,4419.0,4272.4,4398.0,20530.0,40293.0,39803.0,KQ.m@CFFEX.IC,86400
1210,2018-11-29 00:00:00+08:00,708.0,4445.0,4447.0,4296.6,4312.2,18424.0,39803.0,38922.0,KQ.m@CFFEX.IC,86400
1211,2018-11-30 00:00:00+08:00,709.0,4302.2,4360.0,4238.0,4328.2,19625.0,38922.0,39513.0,KQ.m@CFFEX.IC,86400
1212,2018-12-03 00:00:00+08:00,710.0,4488.6,4524.0,4419.0,4472.0,23921.0,39513.0,39697.0,KQ.m@CFFEX.IC,86400
1213,2018-12-04 00:00:00+08:00,711.0,4459.8,4528.0,4452.2,4514.6,24564.0,39697.0,42318.0,KQ.m@CFFEX.IC,86400
1214,2018-12-05 00:00:00+08:00,712.0,4430.0,4526.0,4429.0,4470.0,30742.0,42318.0,43776.0,KQ.m@CFFEX.IC,86400
1215,2018-12-06 00:00:00+08:00,713.0,4418.0,4460.0,4372.0,4388.2,30017.0,43776.0,41688.0,KQ.m@CFFEX.IC,86400
1216,2018-12-07 00:00:00+08:00,714.0,4408.0,4419.8,4381.8,4386.0,21037.0,41688.0,39049.0,KQ.m@CFFEX.IC,86400
1217,2018-12-10 00:00:00+08:00,715.0,4364.2,4384.6,4325.0,4336.6,22266.0,39049.0,39142.0,KQ.m@CFFEX.IC,86400
1218,2018-12-11 00:00:00+08:00,716.0,4355.6,4389.0,4338.0,4387.2,23570.0,39142.0,38299.0,KQ.m@CFFEX.IC,86400
1219,2018-12-12 00:00:00+08:00,717.0,4405.0,4407.6,4359.8,4371.8,24639.0,38299.0,37182.0,KQ.m@CFFEX.IC,86400
1220,2018-12-13 00:00:00+08:00,718.0,4385.0,4472.8,4354.4,4430.2,30522.0,37182.0,36636.0,KQ.m@CFFEX.IC,86400
1221,2018-12-14 00:00:00+08:00,719.0,4423.0,4431.0,4315.6,4329.6,26842.0,36636.0,33996.0,KQ.m@CFFEX.IC,86400
1222,2018-12-17 00:00:00+08:00,720.0,4321.6,4342.6,4273.0,4321.2,27345.0,33996.0,30818.0,KQ.m@CFFEX.IC,86400
1223,2018-12-18 00:00:00+08:00,721.0,4308.0,4344.4,4241.6,4295.2,32004.0,30818.0,27889.0,KQ.m@CFFEX.IC,86400
1224,2018-12-19 00:00:00+08:00,722.0,4300.4,4305.0,4233.6,4236.2,25171.0,27889.0,20677.0,KQ.m@CFFEX.IC,86400
1225,2018-12-20 00:00:00+08:00,723.0,4231.0,4276.8,4217.8,4264.0,20814.0,20677.0,10152.0,KQ.m@CFFEX.IC,86400
1226,2018-12-21 00:00:00+08:00,724.0,4223.4,4236.0,4157.6,4206.0,30552.0,10152.0,38542.0,KQ.m@CFFEX.IC,86400
1227,2018-12-24 00:00:00+08:00,725.0,4194.4,4266.4,4183.2,4255.0,28278.0,38542.0,38153.0,KQ.m@CFFEX.IC,86400
1228,2018-12-25 00:00:00+08:00,726.0,4210.0,4234.4,4085.0,4195.2,37636.0,38153.0,42377.0,KQ.m@CFFEX.IC,86400
1229,2018-12-26 00:00:00+08:00,727.0,4197.0,4229.0,4158.0,4189.0,26253.0,42377.0,39188.0,KQ.m@CFFEX.IC,86400
1230,2018-12-27 00:00:00+08:00,728.0,4258.0,4258.2,4125.8,4131.0,28285.0,39188.0,40334.0,KQ.m@CFFEX.IC,86400
1231,2018-12-28 00:00:00+08:00,729.0,4141.4,4181.4,4119.2,4120.4,28777.0,40334.0,40036.0,KQ.m@CFFEX.IC,86400
1232,2019-01-02 00:00:00+08:00,730.0,4135.0,4147.0,4086.0,4096.8,24735.0,40036.0,39721.0,KQ.m@CFFEX.IC,86400
1233,2019-01-03 00:00:00+08:00,731.0,4100.0,4169.0,4077.6,4086.6,28810.0,39721.0,40862.0,KQ.m@CFFEX.IC,86400
1234,2019-01-04 00:00:00+08:00,732.0,4062.2,4208.8,4058.0,4207.8,33671.0,40862.0,40767.0,KQ.m@CFFEX.IC,86400
1235,2019-01-07 00:00:00+08:00,733.0,4210.2,4293.8,4196.6,4268.6,30648.0,40767.0,39034.0,KQ.m@CFFEX.IC,86400
1236,2019-01-08 00:00:00+08:00,734.0,4260.2,4286.0,4248.8,4270.8,23085.0,39034.0,38271.0,KQ.m@CFFEX.IC,86400
1237,2019-01-09 00:00:00+08:00,735.0,4290.8,4363.6,4265.0,4273.8,33159.0,38271.0,39275.0,KQ.m@CFFEX.IC,86400
1238,2019-01-10 00:00:00+08:00,736.0,4271.4,4327.0,4262.6,4277.4,27192.0,39275.0,36835.0,KQ.m@CFFEX.IC,86400
1239,2019-01-11 00:00:00+08:00,737.0,4290.2,4320.0,4252.8,4312.0,29081.0,36835.0,35885.0,KQ.m@CFFEX.IC,86400
1240,2019-01-14 00:00:00+08:00,738.0,4309.8,4332.0,4274.6,4290.2,23373.0,35885.0,31047.0,KQ.m@CFFEX.IC,86400
1241,2019-01-15 00:00:00+08:00,739.0,4291.4,4363.6,4266.4,4351.4,31618.0,31047.0,29918.0,KQ.m@CFFEX.IC,86400
1242,2019-01-16 00:00:00+08:00,740.0,4347.6,4373.0,4328.0,4341.0,23920.0,29918.0,21645.0,KQ.m@CFFEX.IC,86400
1243,2019-01-17 00:00:00+08:00,741.0,4338.4,4356.0,4297.6,4307.4,21840.0,21645.0,10593.0,KQ.m@CFFEX.IC,86400
1244,2019-01-18 00:00:00+08:00,742.0,4308.4,4352.0,4279.8,4341.0,28956.0,10593.0,30006.0,KQ.m@CFFEX.IC,86400
1245,2019-01-21 00:00:00+08:00,743.0,4347.6,4404.4,4340.0,4360.0,25465.0,30006.0,29447.0,KQ.m@CFFEX.IC,86400
1246,2019-01-22 00:00:00+08:00,744.0,4352.2,4358.8,4275.6,4294.2,22851.0,29447.0,28088.0,KQ.m@CFFEX.IC,86400
1247,2019-01-23 00:00:00+08:00,745.0,4292.0,4318.2,4276.2,4302.6,21956.0,28088.0,27496.0,KQ.m@CFFEX.IC,86400
1248,2019-01-24 00:00:00+08:00,746.0,4306.2,4368.4,4274.0,4330.8,27224.0,27496.0,30595.0,KQ.m@CFFEX.IC,86400
1249,2019-01-25 00:00:00+08:00,747.0,4336.6,4362.0,4305.2,4310.0,25670.0,30595.0,29114.0,KQ.m@CFFEX.IC,86400
1250,2019-01-28 00:00:00+08:00,748.0,4339.0,4378.8,4286.0,4291.6,24321.0,29114.0,29109.0,KQ.m@CFFEX.IC,86400
1251,2019-01-29 00:00:00+08:00,749.0,4290.0,4291.6,4177.0,4242.4,29386.0,29109.0,29366.0,KQ.m@CFFEX.IC,86400
1252,2019-01-30 00:00:00+08:00,750.0,4215.0,4268.2,4200.6,4201.8,23662.0,29366.0,27284.0,KQ.m@CFFEX.IC,86400
1253,2019-01-31 00:00:00+08:00,751.0,4209.0,4246.6,4137.2,4183.6,26675.0,27284.0,27935.0,KQ.m@CFFEX.IC,86400
1254,2019-02-01 00:00:00+08:00,752.0,4202.6,4315.8,4200.0,4313.2,28819.0,27935.0,25952.0,KQ.m@CFFEX.IC,86400
1255,2019-02-11 00:00:00+08:00,753.0,4317.6,4413.4,4314.8,4406.8,22228.0,25952.0,23034.0,KQ.m@CFFEX.IC,86400
1256,2019-02-12 00:00:00+08:00,754.0,4398.6,4462.8,4398.6,4433.4,22654.0,23034.0,20635.0,KQ.m@CFFEX.IC,86400
1257,2019-02-13 00:00:00+08:00,755.0,4437.8,4537.2,4426.0,4512.0,24426.0,20635.0,16631.0,KQ.m@CFFEX.IC,86400
1258,2019-02-14 00:00:00+08:00,756.0,4501.4,4561.4,4496.0,4533.8,15894.0,16631.0,7696.0,KQ.m@CFFEX.IC,86400
1259,2019-02-15 00:00:00+08:00,757.0,4536.0,4556.0,4491.4,4502.6,30372.0,7696.0,59080.0,KQ.m@CFFEX.IC,86400
1260,2019-02-18 00:00:00+08:00,758.0,4540.4,4687.4,4539.6,4677.0,34027.0,59080.0,60738.0,KQ.m@CFFEX.IC,86400
1261,2019-02-19 00:00:00+08:00,759.0,4693.0,4718.4,4614.4,4659.0,42944.0,60738.0,61844.0,KQ.m@CFFEX.IC,86400
1262,2019-02-20 00:00:00+08:00,760.0,4679.0,4682.8,4618.0,4652.0,35271.0,61844.0,60064.0,KQ.m@CFFEX.IC,86400
1263,2019-02-21 00:00:00+08:00,761.0,4650.0,4762.4,4636.2,4662.0,45667.0,60064.0,62841.0,KQ.m@CFFEX.IC,86400
1264,2019-02-22 00:00:00+08:00,762.0,4651.2,4807.0,4650.2,4804.8,43822.0,62841.0,60769.0,KQ.m@CFFEX.IC,86400
1265,2019-02-25 00:00:00+08:00,763.0,4870.0,5140.0,4840.0,5123.0,57459.0,60769.0,61013.0,KQ.m@CFFEX.IC,86400
1266,2019-02-26 00:00:00+08:00,764.0,5100.2,5174.8,5027.8,5063.2,56554.0,61013.0,60175.0,KQ.m@CFFEX.IC,86400
1267,2019-02-27 00:00:00+08:00,765.0,5080.0,5107.2,4970.0,5017.4,49763.0,60175.0,59379.0,KQ.m@CFFEX.IC,86400
1268,2019-02-28 00:00:00+08:00,766.0,5021.0,5085.0,5002.2,5034.6,43118.0,59379.0,55860.0,KQ.m@CFFEX.IC,86400
1269,2019-03-01 00:00:00+08:00,767.0,5070.6,5086.8,4980.0,5081.2,50122.0,55860.0,55455.0,KQ.m@CFFEX.IC,86400
1270,2019-03-04 00:00:00+08:00,768.0,5124.0,5259.8,5098.2,5144.4,56909.0,55455.0,55292.0,KQ.m@CFFEX.IC,86400
1271,2019-03-05 00:00:00+08:00,769.0,5146.4,5314.0,5141.2,5298.8,52240.0,55292.0,52568.0,KQ.m@CFFEX.IC,86400
1272,2019-03-06 00:00:00+08:00,770.0,5318.0,5414.0,5241.2,5400.0,61347.0,52568.0,54274.0,KQ.m@CFFEX.IC,86400
1273,2019-03-07 00:00:00+08:00,771.0,5383.2,5533.4,5353.0,5442.4,63021.0,54274.0,53936.0,KQ.m@CFFEX.IC,86400
1274,2019-03-08 00:00:00+08:00,772.0,5320.0,5471.6,5258.0,5296.4,76037.0,53936.0,53454.0,KQ.m@CFFEX.IC,86400
1275,2019-03-11 00:00:00+08:00,773.0,5337.0,5463.6,5291.4,5448.8,59247.0,53454.0,50157.0,KQ.m@CFFEX.IC,86400
1276,2019-03-12 00:00:00+08:00,774.0,5495.0,5598.6,5461.2,5546.2,61910.0,50157.0,44171.0,KQ.m@CFFEX.IC,86400
1277,2019-03-13 00:00:00+08:00,775.0,5545.8,5546.0,5362.0,5403.6,62861.0,44171.0,33833.0,KQ.m@CFFEX.IC,86400
1278,2019-03-14 00:00:00+08:00,776.0,5390.0,5416.0,5250.6,5289.6,40109.0,33833.0,16994.0,KQ.m@CFFEX.IC,86400
1279,2019-03-15 00:00:00+08:00,777.0,5315.2,5425.6,5273.0,5330.6,64106.0,16994.0,57865.0,KQ.m@CFFEX.IC,86400
1280,2019-03-18 00:00:00+08:00,778.0,5361.6,5515.2,5303.8,5513.8,59618.0,57865.0,57551.0,KQ.m@CFFEX.IC,86400
1281,2019-03-19 00:00:00+08:00,779.0,5499.0,5537.0,5455.0,5487.4,52490.0,57551.0,56481.0,KQ.m@CFFEX.IC,86400
1282,2019-03-20 00:00:00+08:00,780.0,5483.0,5503.4,5352.2,5470.0,60872.0,56481.0,58694.0,KQ.m@CFFEX.IC,86400
1283,2019-03-21 00:00:00+08:00,781.0,5487.8,5628.0,5485.0,5541.4,68987.0,58694.0,61043.0,KQ.m@CFFEX.IC,86400
1284,2019-03-22 00:00:00+08:00,782.0,5561.4,5614.0,5470.0,5611.2,61671.0,61043.0,59422.0,KQ.m@CFFEX.IC,86400
1285,2019-03-25 00:00:00+08:00,783.0,5522.0,5597.0,5506.6,5518.6,60231.0,59422.0,61383.0,KQ.m@CFFEX.IC,86400
1286,2019-03-26 00:00:00+08:00,784.0,5555.8,5559.4,5345.0,5358.0,61628.0,61383.0,60802.0,KQ.m@CFFEX.IC,86400
1287,2019-03-27 00:00:00+08:00,785.0,5389.0,5415.0,5313.2,5391.6,57409.0,60802.0,60831.0,KQ.m@CFFEX.IC,86400
1288,2019-03-28 00:00:00+08:00,786.0,5371.0,5447.6,5311.2,5318.6,59915.0,60831.0,60719.0,KQ.m@CFFEX.IC,86400
1289,2019-03-29 00:00:00+08:00,787.0,5332.4,5555.2,5322.4,5534.4,65790.0,60719.0,58851.0,KQ.m@CFFEX.IC,86400
1290,2019-04-01 00:00:00+08:00,788.0,5576.8,5767.4,5574.8,5766.0,61104.0,58851.0,58725.0,KQ.m@CFFEX.IC,86400
1291,2019-04-02 00:00:00+08:00,789.0,5798.0,5825.6,5722.6,5746.6,52935.0,58725.0,58000.0,KQ.m@CFFEX.IC,86400
1292,2019-04-03 00:00:00+08:00,790.0,5716.0,5852.2,5712.6,5828.6,52822.0,58000.0,57481.0,KQ.m@CFFEX.IC,86400
1293,2019-04-04 00:00:00+08:00,791.0,5860.2,5898.0,5792.4,5882.6,55547.0,57481.0,57698.0,KQ.m@CFFEX.IC,86400
1294,2019-04-08 00:00:00+08:00,792.0,5931.6,5935.0,5737.4,5800.8,59401.0,57698.0,56165.0,KQ.m@CFFEX.IC,86400
1295,2019-04-09 00:00:00+08:00,793.0,5795.0,5863.0,5774.2,5836.8,52852.0,56165.0,55072.0,KQ.m@CFFEX.IC,86400
1296,2019-04-10 00:00:00+08:00,794.0,5809.0,5901.0,5747.0,5818.8,60633.0,55072.0,55362.0,KQ.m@CFFEX.IC,86400
1297,2019-04-11 00:00:00+08:00,795.0,5826.6,5837.0,5702.0,5721.2,54574.0,55362.0,51596.0,KQ.m@CFFEX.IC,86400
1298,2019-04-12 00:00:00+08:00,796.0,5721.0,5740.0,5656.6,5701.2,47813.0,51596.0,49998.0,KQ.m@CFFEX.IC,86400
1299,2019-04-15 00:00:00+08:00,797.0,5787.4,5806.2,5589.0,5609.0,58113.0,49998.0,44655.0,KQ.m@CFFEX.IC,86400
1300,2019-04-16 00:00:00+08:00,798.0,5595.6,5765.2,5555.8,5759.2,54778.0,44655.0,39608.0,KQ.m@CFFEX.IC,86400
1301,2019-04-17 00:00:00+08:00,799.0,5761.0,5831.8,5733.4,5772.4,46711.0,39608.0,30611.0,KQ.m@CFFEX.IC,86400
1302,2019-04-18 00:00:00+08:00,800.0,5777.6,5802.0,5736.4,5765.2,29376.0,30611.0,16196.0,KQ.m@CFFEX.IC,86400
1303,2019-04-19 00:00:00+08:00,801.0,5720.6,5779.0,5618.0,5775.8,50284.0,16196.0,47789.0,KQ.m@CFFEX.IC,86400
1304,2019-04-22 00:00:00+08:00,802.0,5782.6,5785.8,5628.6,5677.0,58295.0,47789.0,49248.0,KQ.m@CFFEX.IC,86400
1305,2019-04-23 00:00:00+08:00,803.0,5668.0,5671.8,5544.4,5552.8,64899.0,49248.0,56473.0,KQ.m@CFFEX.IC,86400
1306,2019-04-24 00:00:00+08:00,804.0,5574.6,5660.6,5511.8,5627.0,70935.0,56473.0,55885.0,KQ.m@CFFEX.IC,86400
1307,2019-04-25 00:00:00+08:00,805.0,5615.0,5624.0,5397.4,5411.2,71753.0,55885.0,59592.0,KQ.m@CFFEX.IC,86400
1308,2019-04-26 00:00:00+08:00,806.0,5398.8,5476.0,5371.8,5375.2,76777.0,59592.0,60782.0,KQ.m@CFFEX.IC,86400
1309,2019-04-29 00:00:00+08:00,807.0,5392.8,5395.0,5226.2,5258.8,86229.0,60782.0,66393.0,KQ.m@CFFEX.IC,86400
1310,2019-04-30 00:00:00+08:00,808.0,5254.0,5342.2,5222.6,5267.2,80212.0,66393.0,61840.0,KQ.m@CFFEX.IC,86400
1311,2019-05-06 00:00:00+08:00,809.0,5115.0,5120.0,4749.2,4810.0,93045.0,61840.0,64729.0,KQ.m@CFFEX.IC,86400
1312,2019-05-07 00:00:00+08:00,810.0,4891.0,4964.4,4839.2,4906.0,93047.0,64729.0,63812.0,KQ.m@CFFEX.IC,86400
1313,2019-05-08 00:00:00+08:00,811.0,4827.0,5007.8,4815.0,4873.2,85185.0,63812.0,60730.0,KQ.m@CFFEX.IC,86400
1314,2019-05-09 00:00:00+08:00,812.0,4830.6,4927.2,4810.6,4842.8,83219.0,60730.0,62509.0,KQ.m@CFFEX.IC,86400
1315,2019-05-10 00:00:00+08:00,813.0,4922.0,5051.0,4775.4,5018.0,107096.0,62509.0,65145.0,KQ.m@CFFEX.IC,86400
1316,2019-05-13 00:00:00+08:00,814.0,4964.4,5008.8,4914.0,4938.4,61212.0,65145.0,53188.0,KQ.m@CFFEX.IC,86400
1317,2019-05-14 00:00:00+08:00,815.0,4934.6,4992.0,4896.0,4938.8,77496.0,53188.0,55019.0,KQ.m@CFFEX.IC,86400
1318,2019-05-15 00:00:00+08:00,816.0,4980.0,5076.6,4962.0,5046.2,61283.0,55019.0,39178.0,KQ.m@CFFEX.IC,86400
1319,2019-05-16 00:00:00+08:00,817.0,4948.8,5003.6,4941.4,4993.0,48770.0,39178.0,66593.0,KQ.m@CFFEX.IC,86400
1320,2019-05-17 00:00:00+08:00,818.0,5005.2,5020.0,4793.6,4824.8,85721.0,66593.0,86856.0,KQ.m@CFFEX.IC,86400
1321,2019-05-20 00:00:00+08:00,819.0,4852.0,4855.6,4730.0,4825.0,85614.0,86856.0,84172.0,KQ.m@CFFEX.IC,86400
1322,2019-05-21 00:00:00+08:00,820.0,4848.6,4966.6,4826.0,4903.6,88042.0,84172.0,84304.0,KQ.m@CFFEX.IC,86400
1323,2019-05-22 00:00:00+08:00,821.0,4902.2,4924.8,4828.0,4889.8,77555.0,84304.0,83504.0,KQ.m@CFFEX.IC,86400
1324,2019-05-23 00:00:00+08:00,822.0,4873.0,4878.2,4765.0,4788.2,79269.0,83504.0,85943.0,KQ.m@CFFEX.IC,86400
1325,2019-05-24 00:00:00+08:00,823.0,4799.8,4819.2,4753.0,4772.6,77105.0,85943.0,86392.0,KQ.m@CFFEX.IC,86400
1326,2019-05-27 00:00:00+08:00,824.0,4780.0,4935.0,4749.6,4903.0,86404.0,86392.0,86359.0,KQ.m@CFFEX.IC,86400
1327,2019-05-28 00:00:00+08:00,825.0,4909.0,4944.0,4871.0,4888.8,70165.0,86359.0,82479.0,KQ.m@CFFEX.IC,86400
1328,2019-05-29 00:00:00+08:00,826.0,4875.0,4929.6,4855.0,4866.0,72066.0,82479.0,84161.0,KQ.m@CFFEX.IC,86400
1329,2019-05-30 00:00:00+08:00,827.0,4866.0,4868.8,4763.0,4868.6,84965.0,84161.0,86381.0,KQ.m@CFFEX.IC,86400
1330,2019-05-31 00:00:00+08:00,828.0,4858.0,4921.0,4792.6,4808.8,83216.0,86381.0,82306.0,KQ.m@CFFEX.IC,86400
1331,2019-06-03 00:00:00+08:00,829.0,4861.2,4886.8,4739.0,4788.0,87354.0,82306.0,87716.0,KQ.m@CFFEX.IC,86400
1332,2019-06-04 00:00:00+08:00,830.0,4780.0,4795.6,4713.2,4746.8,71056.0,87716.0,83515.0,KQ.m@CFFEX.IC,86400
1333,2019-06-05 00:00:00+08:00,831.0,4789.0,4796.0,4720.2,4721.8,73115.0,83515.0,83530.0,KQ.m@CFFEX.IC,86400
1334,2019-06-06 00:00:00+08:00,832.0,4715.0,4726.8,4608.8,4611.8,83465.0,83530.0,85560.0,KQ.m@CFFEX.IC,86400
1335,2019-06-10 00:00:00+08:00,833.0,4640.0,4717.2,4601.2,4658.0,84469.0,85560.0,81056.0,KQ.m@CFFEX.IC,86400
1336,2019-06-11 00:00:00+08:00,834.0,4673.0,4886.4,4670.6,4876.6,97428.0,81056.0,81170.0,KQ.m@CFFEX.IC,86400
1337,2019-06-12 00:00:00+08:00,835.0,4863.0,4879.8,4801.2,4816.4,74938.0,81170.0,72730.0,KQ.m@CFFEX.IC,86400
1338,2019-06-13 00:00:00+08:00,836.0,4814.0,4862.6,4781.0,4838.6,78663.0,72730.0,73032.0,KQ.m@CFFEX.IC,86400
1339,2019-06-14 00:00:00+08:00,837.0,4848.0,4860.8,4741.0,4769.2,70177.0,73032.0,68815.0,KQ.m@CFFEX.IC,86400
1340,2019-06-17 00:00:00+08:00,838.0,4766.6,4816.4,4752.2,4792.8,66740.0,68815.0,62548.0,KQ.m@CFFEX.IC,86400
1341,2019-06-18 00:00:00+08:00,839.0,4793.0,4822.0,4751.2,4790.8,67986.0,62548.0,56421.0,KQ.m@CFFEX.IC,86400
1342,2019-06-19 00:00:00+08:00,840.0,4919.0,4967.0,4850.2,4855.0,68263.0,56421.0,42957.0,KQ.m@CFFEX.IC,86400
1343,2019-06-20 00:00:00+08:00,841.0,4780.8,4973.6,4769.0,4901.8,71248.0,42957.0,64751.0,KQ.m@CFFEX.IC,86400
1344,2019-06-21 00:00:00+08:00,842.0,4990.0,5034.4,4953.6,4975.0,83949.0,64751.0,77065.0,KQ.m@CFFEX.IC,86400
1345,2019-06-24 00:00:00+08:00,843.0,4986.0,4994.0,4939.6,4974.6,56601.0,77065.0,71748.0,KQ.m@CFFEX.IC,86400
1346,2019-06-25 00:00:00+08:00,844.0,4965.0,4968.0,4841.6,4920.8,78196.0,71748.0,75681.0,KQ.m@CFFEX.IC,86400
1347,2019-06-26 00:00:00+08:00,845.0,4889.8,4953.2,4887.0,4916.2,58065.0,75681.0,68854.0,KQ.m@CFFEX.IC,86400
1348,2019-06-27 00:00:00+08:00,846.0,4940.0,5004.0,4923.0,4957.2,77888.0,68854.0,76644.0,KQ.m@CFFEX.IC,86400
1349,2019-06-28 00:00:00+08:00,847.0,4952.0,4954.4,4865.2,4920.0,70531.0,76644.0,73139.0,KQ.m@CFFEX.IC,86400
1350,2019-07-01 00:00:00+08:00,848.0,5039.0,5081.6,4971.2,5050.0,79679.0,73139.0,75819.0,KQ.m@CFFEX.IC,86400
1351,2019-07-02 00:00:00+08:00,849.0,5039.0,5056.0,5012.4,5033.4,54108.0,75819.0,71522.0,KQ.m@CFFEX.IC,86400
1352,2019-07-03 00:00:00+08:00,850.0,5005.2,5017.0,4980.0,5004.6,55798.0,71522.0,71472.0,KQ.m@CFFEX.IC,86400
1353,2019-07-04 00:00:00+08:00,851.0,5007.2,5038.8,4950.0,4984.0,61859.0,71472.0,72341.0,KQ.m@CFFEX.IC,86400
1354,2019-07-05 00:00:00+08:00,852.0,4985.0,5029.8,4964.4,5017.0,55873.0,72341.0,69874.0,KQ.m@CFFEX.IC,86400
1355,2019-07-08 00:00:00+08:00,853.0,4995.0,4996.0,4806.0,4821.6,75411.0,69874.0,75132.0,KQ.m@CFFEX.IC,86400
1356,2019-07-09 00:00:00+08:00,854.0,4831.2,4853.6,4803.8,4829.4,52896.0,75132.0,66316.0,KQ.m@CFFEX.IC,86400
1357,2019-07-10 00:00:00+08:00,855.0,4850.4,4864.4,4793.4,4809.8,49192.0,66316.0,67541.0,KQ.m@CFFEX.IC,86400
1358,2019-07-11 00:00:00+08:00,856.0,4828.0,4880.0,4771.2,4800.6,69402.0,67541.0,71437.0,KQ.m@CFFEX.IC,86400
1359,2019-07-12 00:00:00+08:00,857.0,4801.0,4855.4,4788.0,4843.0,64621.0,71437.0,64746.0,KQ.m@CFFEX.IC,86400
1360,2019-07-15 00:00:00+08:00,858.0,4813.0,4949.2,4745.2,4906.0,86145.0,64746.0,69727.0,KQ.m@CFFEX.IC,86400
1361,2019-07-16 00:00:00+08:00,859.0,4898.0,4933.0,4894.2,4921.2,52679.0,69727.0,54782.0,KQ.m@CFFEX.IC,86400
1362,2019-07-17 00:00:00+08:00,860.0,4918.4,4949.4,4903.8,4911.4,54806.0,54782.0,42246.0,KQ.m@CFFEX.IC,86400
1363,2019-07-18 00:00:00+08:00,861.0,4890.4,4895.0,4844.4,4848.2,41908.0,42246.0,19430.0,KQ.m@CFFEX.IC,86400
1364,2019-07-19 00:00:00+08:00,862.0,4805.0,4885.6,4802.2,4823.4,61589.0,19430.0,64317.0,KQ.m@CFFEX.IC,86400
1365,2019-07-22 00:00:00+08:00,863.0,4835.0,4853.4,4704.2,4733.2,69023.0,64317.0,68779.0,KQ.m@CFFEX.IC,86400
1366,2019-07-23 00:00:00+08:00,864.0,4745.0,4789.4,4732.0,4776.4,51423.0,68779.0,63545.0,KQ.m@CFFEX.IC,86400
1367,2019-07-24 00:00:00+08:00,865.0,4801.4,4872.6,4800.0,4820.4,62766.0,63545.0,67224.0,KQ.m@CFFEX.IC,86400
1368,2019-07-25 00:00:00+08:00,866.0,4827.0,4864.0,4813.6,4846.4,53484.0,67224.0,65596.0,KQ.m@CFFEX.IC,86400
1369,2019-07-26 00:00:00+08:00,867.0,4835.4,4867.4,4812.0,4859.2,53533.0,65596.0,66370.0,KQ.m@CFFEX.IC,86400
1370,2019-07-29 00:00:00+08:00,868.0,4856.0,4878.8,4813.0,4844.0,48147.0,66370.0,62225.0,KQ.m@CFFEX.IC,86400
1371,2019-07-30 00:00:00+08:00,869.0,4857.8,4933.0,4846.2,4877.6,62879.0,62225.0,68949.0,KQ.m@CFFEX.IC,86400
1372,2019-07-31 00:00:00+08:00,870.0,4869.0,4891.6,4853.0,4874.0,49306.0,68949.0,64814.0,KQ.m@CFFEX.IC,86400
1373,2019-08-01 00:00:00+08:00,871.0,4850.8,4872.8,4814.8,4841.0,50967.0,64814.0,66524.0,KQ.m@CFFEX.IC,86400
1374,2019-08-02 00:00:00+08:00,872.0,4736.0,4784.4,4721.0,4779.2,56553.0,66524.0,65572.0,KQ.m@CFFEX.IC,86400
1375,2019-08-05 00:00:00+08:00,873.0,4755.0,4804.4,4717.6,4725.0,58108.0,65572.0,64796.0,KQ.m@CFFEX.IC,86400
1376,2019-08-06 00:00:00+08:00,874.0,4647.0,4673.0,4536.2,4626.8,80351.0,64796.0,74063.0,KQ.m@CFFEX.IC,86400
1377,2019-08-07 00:00:00+08:00,875.0,4650.0,4655.0,4591.0,4591.6,51895.0,74063.0,65361.0,KQ.m@CFFEX.IC,86400
1378,2019-08-08 00:00:00+08:00,876.0,4625.2,4638.0,4604.0,4616.6,49123.0,65361.0,62442.0,KQ.m@CFFEX.IC,86400
1379,2019-08-09 00:00:00+08:00,877.0,4641.2,4658.6,4557.2,4570.6,58172.0,62442.0,61382.0,KQ.m@CFFEX.IC,86400
1380,2019-08-12 00:00:00+08:00,878.0,4584.0,4672.6,4568.6,4665.8,60225.0,61382.0,55131.0,KQ.m@CFFEX.IC,86400
1381,2019-08-13 00:00:00+08:00,879.0,4650.8,4652.0,4612.2,4646.8,46131.0,55131.0,46824.0,KQ.m@CFFEX.IC,86400
1382,2019-08-14 00:00:00+08:00,880.0,4694.0,4732.0,4668.4,4672.0,45884.0,46824.0,37792.0,KQ.m@CFFEX.IC,86400
1383,2019-08-15 00:00:00+08:00,881.0,4539.4,4667.4,4532.6,4652.6,57978.0,37792.0,89186.0,KQ.m@CFFEX.IC,86400
1384,2019-08-16 00:00:00+08:00,882.0,4653.0,4708.8,4649.0,4664.8,66005.0,89186.0,96524.0,KQ.m@CFFEX.IC,86400
1385,2019-08-19 00:00:00+08:00,883.0,4726.0,4856.6,4717.2,4853.8,83306.0,96524.0,105002.0,KQ.m@CFFEX.IC,86400
1386,2019-08-20 00:00:00+08:00,884.0,4847.2,4891.0,4826.6,4831.8,64058.0,105002.0,96907.0,KQ.m@CFFEX.IC,86400
1387,2019-08-21 00:00:00+08:00,885.0,4828.0,4861.0,4818.8,4842.8,50454.0,96907.0,97155.0,KQ.m@CFFEX.IC,86400
1388,2019-08-22 00:00:00+08:00,886.0,4853.6,4856.8,4803.0,4837.2,59246.0,97155.0,97359.0,KQ.m@CFFEX.IC,86400
1389,2019-08-23 00:00:00+08:00,887.0,4845.0,4869.6,4812.2,4841.8,66503.0,97359.0,98076.0,KQ.m@CFFEX.IC,86400
1390,2019-08-26 00:00:00+08:00,888.0,4762.8,4828.8,4760.0,4815.0,69646.0,98076.0,98014.0,KQ.m@CFFEX.IC,86400
1391,2019-08-27 00:00:00+08:00,889.0,4842.0,4965.0,4835.0,4874.4,86348.0,98014.0,102549.0,KQ.m@CFFEX.IC,86400
1392,2019-08-28 00:00:00+08:00,890.0,4886.0,4911.4,4871.0,4885.8,51616.0,102549.0,96884.0,KQ.m@CFFEX.IC,86400
1393,2019-08-29 00:00:00+08:00,891.0,4898.8,4919.4,4866.2,4891.2,60207.0,96884.0,95271.0,KQ.m@CFFEX.IC,86400
1394,2019-08-30 00:00:00+08:00,892.0,4923.0,4947.0,4814.0,4859.0,75293.0,95271.0,98180.0,KQ.m@CFFEX.IC,86400
1395,2019-09-02 00:00:00+08:00,893.0,4862.0,5006.8,4851.0,4977.4,82519.0,98180.0,100570.0,KQ.m@CFFEX.IC,86400
1396,2019-09-03 00:00:00+08:00,894.0,4993.0,5008.4,4965.4,5004.0,57834.0,100570.0,93613.0,KQ.m@CFFEX.IC,86400
1397,2019-09-04 00:00:00+08:00,895.0,5001.6,5098.0,4991.2,5098.0,80398.0,93613.0,99540.0,KQ.m@CFFEX.IC,86400
1398,2019-09-05 00:00:00+08:00,896.0,5130.6,5213.0,5113.0,5125.8,96635.0,99540.0,100494.0,KQ.m@CFFEX.IC,86400
1399,2019-09-06 00:00:00+08:00,897.0,5152.0,5168.8,5107.8,5151.4,65819.0,100494.0,90315.0,KQ.m@CFFEX.IC,86400
1400,2019-09-09 00:00:00+08:00,898.0,5181.2,5249.8,5151.0,5248.6,73792.0,90315.0,91095.0,KQ.m@CFFEX.IC,86400
1401,2019-09-10 00:00:00+08:00,899.0,5244.6,5255.8,5192.8,5236.4,67014.0,91095.0,82817.0,KQ.m@CFFEX.IC,86400
1402,2019-09-11 00:00:00+08:00,900.0,5250.2,5275.8,5191.6,5218.0,77217.0,82817.0,82768.0,KQ.m@CFFEX.IC,86400
1403,2019-09-12 00:00:00+08:00,901.0,5239.0,5269.6,5189.4,5240.2,65354.0,82768.0,71281.0,KQ.m@CFFEX.IC,86400
1404,2019-09-16 00:00:00+08:00,902.0,5254.0,5279.4,5214.0,5237.4,68394.0,71281.0,69713.0,KQ.m@CFFEX.IC,86400
1405,2019-09-17 00:00:00+08:00,903.0,5222.4,5227.0,5117.0,5130.0,67842.0,69713.0,57992.0,KQ.m@CFFEX.IC,86400
1406,2019-09-18 00:00:00+08:00,904.0,5142.8,5161.8,5124.4,5130.8,49748.0,57992.0,44459.0,KQ.m@CFFEX.IC,86400
1407,2019-09-19 00:00:00+08:00,905.0,5112.0,5153.6,5087.2,5150.6,46038.0,44459.0,62042.0,KQ.m@CFFEX.IC,86400
1408,2019-09-20 00:00:00+08:00,906.0,5164.0,5186.6,5135.2,5147.4,62810.0,62042.0,75027.0,KQ.m@CFFEX.IC,86400
1409,2019-09-23 00:00:00+08:00,907.0,5140.0,5148.0,5073.6,5139.4,68644.0,75027.0,79485.0,KQ.m@CFFEX.IC,86400
1410,2019-09-24 00:00:00+08:00,908.0,5141.8,5224.4,5120.4,5127.2,79129.0,79485.0,81436.0,KQ.m@CFFEX.IC,86400
1411,2019-09-25 00:00:00+08:00,909.0,5112.2,5117.0,5044.6,5047.6,71744.0,81436.0,78697.0,KQ.m@CFFEX.IC,86400
1412,2019-09-26 00:00:00+08:00,910.0,5067.2,5073.4,4949.2,4953.2,74898.0,78697.0,80323.0,KQ.m@CFFEX.IC,86400
1413,2019-09-27 00:00:00+08:00,911.0,4965.6,5014.4,4960.0,4978.6,59774.0,80323.0,75257.0,KQ.m@CFFEX.IC,86400
1414,2019-09-30 00:00:00+08:00,912.0,4978.0,5003.6,4890.0,4894.0,63138.0,75257.0,76255.0,KQ.m@CFFEX.IC,86400
1415,2019-10-08 00:00:00+08:00,913.0,4930.4,4979.0,4912.6,4916.6,58764.0,76255.0,73924.0,KQ.m@CFFEX.IC,86400
1416,2019-10-09 00:00:00+08:00,914.0,4905.8,4974.6,4883.6,4959.8,64668.0,73924.0,76838.0,KQ.m@CFFEX.IC,86400
1417,2019-10-10 00:00:00+08:00,915.0,4962.0,5032.0,4951.0,5023.2,65907.0,76838.0,72777.0,KQ.m@CFFEX.IC,86400
1418,2019-10-11 00:00:00+08:00,916.0,5035.0,5065.0,4988.0,5055.6,68703.0,72777.0,72199.0,KQ.m@CFFEX.IC,86400
1419,2019-10-14 00:00:00+08:00,917.0,5086.0,5150.0,5075.0,5103.0,73688.0,72199.0,64317.0,KQ.m@CFFEX.IC,86400
1420,2019-10-15 00:00:00+08:00,918.0,5094.0,5096.6,5043.0,5051.8,55043.0,64317.0,54563.0,KQ.m@CFFEX.IC,86400
1421,2019-10-16 00:00:00+08:00,919.0,5061.6,5090.2,5020.2,5021.0,56840.0,54563.0,44524.0,KQ.m@CFFEX.IC,86400
1422,2019-10-17 00:00:00+08:00,920.0,5031.2,5052.6,5008.8,5028.2,40079.0,44524.0,20745.0,KQ.m@CFFEX.IC,86400
1423,2019-10-18 00:00:00+08:00,921.0,4983.2,5014.0,4864.0,4893.2,63313.0,20745.0,69828.0,KQ.m@CFFEX.IC,86400
1424,2019-10-21 00:00:00+08:00,922.0,4890.0,4909.8,4842.8,4902.6,53773.0,69828.0,66629.0,KQ.m@CFFEX.IC,86400
1425,2019-10-22 00:00:00+08:00,923.0,4916.0,4976.2,4901.2,4954.8,68213.0,66629.0,72455.0,KQ.m@CFFEX.IC,86400
1426,2019-10-23 00:00:00+08:00,924.0,4950.6,4966.6,4892.2,4923.0,56421.0,72455.0,67698.0,KQ.m@CFFEX.IC,86400
1427,2019-10-24 00:00:00+08:00,925.0,4920.0,4934.0,4850.0,4924.0,62914.0,67698.0,72176.0,KQ.m@CFFEX.IC,86400
1428,2019-10-25 00:00:00+08:00,926.0,4915.0,4979.0,4871.4,4974.2,69292.0,72176.0,72664.0,KQ.m@CFFEX.IC,86400
1429,2019-10-28 00:00:00+08:00,927.0,5032.8,5051.2,5000.0,5046.4,66222.0,72664.0,71937.0,KQ.m@CFFEX.IC,86400
1430,2019-10-29 00:00:00+08:00,928.0,5040.4,5044.0,4979.0,4979.6,52337.0,71937.0,67259.0,KQ.m@CFFEX.IC,86400
1431,2019-10-30 00:00:00+08:00,929.0,4963.0,4964.8,4908.0,4916.0,58550.0,67259.0,71163.0,KQ.m@CFFEX.IC,86400
1432,2019-10-31 00:00:00+08:00,930.0,4928.6,4942.8,4880.2,4892.8,55112.0,71163.0,68963.0,KQ.m@CFFEX.IC,86400
1433,2019-11-01 00:00:00+08:00,931.0,4883.0,4954.0,4867.2,4948.2,62471.0,68963.0,69820.0,KQ.m@CFFEX.IC,86400
1434,2019-11-04 00:00:00+08:00,932.0,4965.8,4998.0,4949.2,4957.8,55524.0,69820.0,66730.0,KQ.m@CFFEX.IC,86400
1435,2019-11-05 00:00:00+08:00,933.0,4970.0,5033.6,4944.4,4998.2,65170.0,66730.0,68640.0,KQ.m@CFFEX.IC,86400
1436,2019-11-06 00:00:00+08:00,934.0,4996.0,5009.4,4922.0,4955.4,58265.0,68640.0,64362.0,KQ.m@CFFEX.IC,86400
1437,2019-11-07 00:00:00+08:00,935.0,4947.6,5014.0,4943.2,4990.4,70374.0,64362.0,68348.0,KQ.m@CFFEX.IC,86400
1438,2019-11-08 00:00:00+08:00,936.0,5030.0,5048.6,4966.6,4970.8,68193.0,68348.0,62836.0,KQ.m@CFFEX.IC,86400
1439,2019-11-11 00:00:00+08:00,937.0,4940.0,4941.4,4855.0,4862.0,56246.0,62836.0,58052.0,KQ.m@CFFEX.IC,86400
1440,2019-11-12 00:00:00+08:00,938.0,4870.0,4882.0,4812.4,4867.4,59410.0,58052.0,54562.0,KQ.m@CFFEX.IC,86400
1441,2019-11-13 00:00:00+08:00,939.0,4860.0,4878.8,4842.2,4872.2,46979.0,54562.0,41480.0,KQ.m@CFFEX.IC,86400
1442,2019-11-14 00:00:00+08:00,940.0,4815.6,4860.6,4805.2,4839.2,49849.0,41480.0,99784.0,KQ.m@CFFEX.IC,86400
1443,2019-11-15 00:00:00+08:00,941.0,4841.6,4885.0,4800.8,4820.4,73086.0,99784.0,113365.0,KQ.m@CFFEX.IC,86400
1444,2019-11-18 00:00:00+08:00,942.0,4818.0,4868.0,4805.0,4855.0,67501.0,113365.0,111626.0,KQ.m@CFFEX.IC,86400
1445,2019-11-19 00:00:00+08:00,943.0,4849.4,4948.4,4849.0,4943.6,69117.0,111626.0,112218.0,KQ.m@CFFEX.IC,86400
1446,2019-11-20 00:00:00+08:00,944.0,4938.0,4954.6,4897.8,4900.4,59080.0,112218.0,109010.0,KQ.m@CFFEX.IC,86400
1447,2019-11-21 00:00:00+08:00,945.0,4882.4,4933.2,4874.0,4917.0,63783.0,109010.0,111907.0,KQ.m@CFFEX.IC,86400
1448,2019-11-22 00:00:00+08:00,946.0,4926.0,5002.6,4832.8,4853.0,99645.0,111907.0,121602.0,KQ.m@CFFEX.IC,86400
1449,2019-11-25 00:00:00+08:00,947.0,4863.0,4885.8,4820.0,4874.4,67951.0,121602.0,110459.0,KQ.m@CFFEX.IC,86400
1450,2019-11-26 00:00:00+08:00,948.0,4892.2,4899.6,4843.6,4853.2,67573.0,110459.0,110580.0,KQ.m@CFFEX.IC,86400
1451,2019-11-27 00:00:00+08:00,949.0,4850.2,4919.6,4837.8,4880.2,78409.0,110580.0,110514.0,KQ.m@CFFEX.IC,86400
1452,2019-11-28 00:00:00+08:00,950.0,4874.6,4899.0,4857.6,4875.8,62153.0,110514.0,106645.0,KQ.m@CFFEX.IC,86400
1453,2019-11-29 00:00:00+08:00,951.0,4868.0,4896.8,4824.0,4881.0,74132.0,106645.0,108742.0,KQ.m@CFFEX.IC,86400
1454,2019-12-02 00:00:00+08:00,952.0,4894.0,4925.0,4870.8,4896.0,62113.0,108742.0,101938.0,KQ.m@CFFEX.IC,86400
1455,2019-12-03 00:00:00+08:00,953.0,4884.6,4925.8,4851.6,4924.8,68556.0,101938.0,105222.0,KQ.m@CFFEX.IC,86400
1456,2019-12-04 00:00:00+08:00,954.0,4906.0,4932.6,4887.6,4911.8,64089.0,105222.0,98240.0,KQ.m@CFFEX.IC,86400
1457,2019-12-05 00:00:00+08:00,955.0,4926.0,4980.0,4914.4,4960.2,69665.0,98240.0,101078.0,KQ.m@CFFEX.IC,86400
1458,2019-12-06 00:00:00+08:00,956.0,4965.0,5018.8,4951.0,5015.6,64135.0,101078.0,95822.0,KQ.m@CFFEX.IC,86400
1459,2019-12-09 00:00:00+08:00,957.0,5026.8,5046.2,5003.6,5025.6,61202.0,95822.0,92645.0,KQ.m@CFFEX.IC,86400
1460,2019-12-10 00:00:00+08:00,958.0,5009.0,5066.0,4998.2,5050.2,61798.0,92645.0,88012.0,KQ.m@CFFEX.IC,86400
1461,2019-12-11 00:00:00+08:00,959.0,5043.0,5053.0,5006.0,5031.6,59973.0,88012.0,81878.0,KQ.m@CFFEX.IC,86400
1462,2019-12-12 00:00:00+08:00,960.0,5031.6,5055.0,5014.6,5017.8,55644.0,81878.0,78790.0,KQ.m@CFFEX.IC,86400
1463,2019-12-13 00:00:00+08:00,961.0,5068.8,5107.2,5040.2,5093.0,68463.0,78790.0,77997.0,KQ.m@CFFEX.IC,86400
1464,2019-12-16 00:00:00+08:00,962.0,5086.2,5175.8,5081.0,5164.4,64011.0,77997.0,71439.0,KQ.m@CFFEX.IC,86400
1465,2019-12-17 00:00:00+08:00,963.0,5167.0,5279.8,5160.0,5245.0,67609.0,71439.0,61469.0,KQ.m@CFFEX.IC,86400
1466,2019-12-18 00:00:00+08:00,964.0,5243.4,5282.0,5230.4,5244.4,54655.0,61469.0,45076.0,KQ.m@CFFEX.IC,86400
1467,2019-12-19 00:00:00+08:00,965.0,5245.0,5264.4,5221.4,5251.0,41734.0,45076.0,64002.0,KQ.m@CFFEX.IC,86400
1468,2019-12-20 00:00:00+08:00,966.0,5257.0,5272.0,5193.8,5204.6,63298.0,64002.0,78685.0,KQ.m@CFFEX.IC,86400
1469,2019-12-23 00:00:00+08:00,967.0,5175.2,5203.0,5068.8,5074.2,72603.0,78685.0,81170.0,KQ.m@CFFEX.IC,86400
1470,2019-12-24 00:00:00+08:00,968.0,5094.0,5161.6,5084.4,5143.2,56636.0,81170.0,75644.0,KQ.m@CFFEX.IC,86400
1471,2019-12-25 00:00:00+08:00,969.0,5141.4,5186.8,5128.4,5167.8,65731.0,75644.0,77925.0,KQ.m@CFFEX.IC,86400
1472,2019-12-26 00:00:00+08:00,970.0,5165.0,5204.0,5144.0,5202.8,64679.0,77925.0,75830.0,KQ.m@CFFEX.IC,86400
1473,2019-12-27 00:00:00+08:00,971.0,5209.8,5247.6,5162.8,5163.6,73748.0,75830.0,78849.0,KQ.m@CFFEX.IC,86400
1474,2019-12-30 00:00:00+08:00,972.0,5145.8,5258.0,5113.8,5245.0,76383.0,78849.0,77018.0,KQ.m@CFFEX.IC,86400
1475,2019-12-31 00:00:00+08:00,973.0,5249.0,5279.0,5221.2,5269.8,58295.0,77018.0,73075.0,KQ.m@CFFEX.IC,86400
1476,2020-01-02 00:00:00+08:00,974.0,5300.0,5392.4,5281.0,5361.8,68331.0,73075.0,75083.0,KQ.m@CFFEX.IC,86400
1477,2020-01-03 00:00:00+08:00,975.0,5373.8,5402.0,5358.0,5378.0,56333.0,75083.0,70973.0,KQ.m@CFFEX.IC,86400
1478,2020-01-06 00:00:00+08:00,976.0,5359.2,5497.8,5357.6,5433.0,78955.0,70973.0,78765.0,KQ.m@CFFEX.IC,86400
1479,2020-01-07 00:00:00+08:00,977.0,5444.0,5506.8,5438.6,5501.0,68365.0,78765.0,70861.0,KQ.m@CFFEX.IC,86400
1480,2020-01-08 00:00:00+08:00,978.0,5480.4,5507.8,5405.2,5433.6,79715.0,70861.0,73487.0,KQ.m@CFFEX.IC,86400
1481,2020-01-09 00:00:00+08:00,979.0,5478.2,5501.0,5449.2,5498.0,68051.0,73487.0,65788.0,KQ.m@CFFEX.IC,86400
1482,2020-01-10 00:00:00+08:00,980.0,5517.6,5526.0,5446.0,5468.0,65874.0,65788.0,65628.0,KQ.m@CFFEX.IC,86400
1483,2020-01-13 00:00:00+08:00,981.0,5471.4,5573.6,5436.0,5571.2,73020.0,65628.0,62437.0,KQ.m@CFFEX.IC,86400
1484,2020-01-14 00:00:00+08:00,982.0,5589.8,5594.6,5537.0,5543.6,55225.0,62437.0,50736.0,KQ.m@CFFEX.IC,86400
1485,2020-01-15 00:00:00+08:00,983.0,5532.8,5548.8,5489.4,5523.6,54143.0,50736.0,41144.0,KQ.m@CFFEX.IC,86400
1486,2020-01-16 00:00:00+08:00,984.0,5532.0,5558.0,5514.8,5538.4,39505.0,41144.0,19555.0,KQ.m@CFFEX.IC,86400
1487,2020-01-17 00:00:00+08:00,985.0,5548.0,5561.0,5486.4,5501.2,63767.0,19555.0,64853.0,KQ.m@CFFEX.IC,86400
1488,2020-01-20 00:00:00+08:00,986.0,5516.6,5600.0,5493.0,5598.8,60036.0,64853.0,61593.0,KQ.m@CFFEX.IC,86400
1489,2020-01-21 00:00:00+08:00,987.0,5574.2,5582.4,5495.4,5516.6,68137.0,61593.0,65434.0,KQ.m@CFFEX.IC,86400
1490,2020-01-22 00:00:00+08:00,988.0,5494.4,5608.0,5421.0,5580.8,77377.0,65434.0,67685.0,KQ.m@CFFEX.IC,86400
1491,2020-01-23 00:00:00+08:00,989.0,5518.0,5546.4,5299.8,5346.4,91119.0,67685.0,69629.0,KQ.m@CFFEX.IC,86400
1492,2020-02-03 00:00:00+08:00,990.0,4806.0,4922.0,4805.4,4805.4,49162.0,69629.0,57416.0,KQ.m@CFFEX.IC,86400
1493,2020-02-04 00:00:00+08:00,991.0,4870.8,4999.0,4820.0,4953.0,79308.0,57416.0,68523.0,KQ.m@CFFEX.IC,86400
1494,2020-02-05 00:00:00+08:00,992.0,4987.0,5139.0,4986.0,5064.4,83573.0,68523.0,63709.0,KQ.m@CFFEX.IC,86400
1495,2020-02-06 00:00:00+08:00,993.0,5075.0,5279.2,5048.6,5250.4,89274.0,63709.0,69925.0,KQ.m@CFFEX.IC,86400
1496,2020-02-07 00:00:00+08:00,994.0,5228.0,5303.6,5200.0,5300.4,83767.0,69925.0,66379.0,KQ.m@CFFEX.IC,86400
1497,2020-02-10 00:00:00+08:00,995.0,5272.6,5337.8,5256.0,5326.4,74190.0,66379.0,66762.0,KQ.m@CFFEX.IC,86400
1498,2020-02-11 00:00:00+08:00,996.0,5343.0,5359.8,5282.0,5316.4,71249.0,66762.0,65877.0,KQ.m@CFFEX.IC,86400
1499,2020-02-12 00:00:00+08:00,997.0,5302.0,5437.0,5300.6,5437.0,72807.0,65877.0,65715.0,KQ.m@CFFEX.IC,86400
1500,2020-02-13 00:00:00+08:00,998.0,5431.0,5451.8,5371.4,5392.0,75407.0,65715.0,66661.0,KQ.m@CFFEX.IC,86400
1501,2020-02-14 00:00:00+08:00,999.0,5389.6,5462.6,5363.0,5405.6,73256.0,66661.0,63113.0,KQ.m@CFFEX.IC,86400
1502,2020-02-17 00:00:00+08:00,1000.0,5440.6,5603.2,5435.0,5595.6,70390.0,63113.0,56996.0,KQ.m@CFFEX.IC,86400
1503,2020-02-18 00:00:00+08:00,1001.0,5590.4,5646.6,5565.2,5628.6,70661.0,56996.0,50930.0,KQ.m@CFFEX.IC,86400
1504,2020-02-19 00:00:00+08:00,1002.0,5588.0,5626.0,5558.2,5570.2,53206.0,50930.0,88617.0,KQ.m@CFFEX.IC,86400
1505,2020-02-20 00:00:00+08:00,1003.0,5591.6,5698.8,5545.0,5667.8,90551.0,88617.0,113491.0,KQ.m@CFFEX.IC,86400
1506,2020-02-21 00:00:00+08:00,1004.0,5666.6,5796.8,5664.0,5775.0,113592.0,113491.0,121546.0,KQ.m@CFFEX.IC,86400
1507,2020-02-24 00:00:00+08:00,1005.0,5763.8,5849.6,5705.6,5806.0,114820.0,121546.0,122035.0,KQ.m@CFFEX.IC,86400
1508,2020-02-25 00:00:00+08:00,1006.0,5768.0,5868.0,5618.0,5852.6,159033.0,122035.0,133747.0,KQ.m@CFFEX.IC,86400
1509,2020-02-26 00:00:00+08:00,1007.0,5803.8,5818.4,5684.8,5715.4,157332.0,133747.0,126355.0,KQ.m@CFFEX.IC,86400
1510,2020-02-27 00:00:00+08:00,1008.0,5738.0,5769.8,5670.0,5710.0,130695.0,126355.0,127108.0,KQ.m@CFFEX.IC,86400
1511,2020-02-28 00:00:00+08:00,1009.0,5549.0,5606.2,5368.0,5383.0,168648.0,127108.0,126883.0,KQ.m@CFFEX.IC,86400
1512,2020-03-02 00:00:00+08:00,1010.0,5469.0,5658.8,5463.0,5598.6,138443.0,126883.0,119924.0,KQ.m@CFFEX.IC,86400
1513,2020-03-03 00:00:00+08:00,1011.0,5712.0,5788.0,5599.4,5620.4,137258.0,119924.0,116829.0,KQ.m@CFFEX.IC,86400
1514,2020-03-04 00:00:00+08:00,1012.0,5626.2,5677.0,5542.0,5658.4,120774.0,116829.0,115131.0,KQ.m@CFFEX.IC,86400
1515,2020-03-05 00:00:00+08:00,1013.0,5740.0,5765.8,5654.8,5728.6,127585.0,115131.0,113536.0,KQ.m@CFFEX.IC,86400
1516,2020-03-06 00:00:00+08:00,1014.0,5690.6,5728.8,5660.4,5681.0,109111.0,113536.0,111369.0,KQ.m@CFFEX.IC,86400
1517,2020-03-09 00:00:00+08:00,1015.0,5583.0,5605.0,5438.6,5468.4,130204.0,111369.0,111299.0,KQ.m@CFFEX.IC,86400
1518,2020-03-10 00:00:00+08:00,1016.0,5515.0,5645.0,5400.0,5635.2,152951.0,111299.0,110917.0,KQ.m@CFFEX.IC,86400
1519,2020-03-11 00:00:00+08:00,1017.0,5640.4,5662.0,5525.0,5525.0,116536.0,110917.0,101311.0,KQ.m@CFFEX.IC,86400
1520,2020-03-12 00:00:00+08:00,1018.0,5469.0,5508.0,5385.2,5477.0,119474.0,101311.0,105274.0,KQ.m@CFFEX.IC,86400
1521,2020-03-13 00:00:00+08:00,1019.0,5198.0,5494.4,5180.0,5447.0,151902.0,105274.0,104696.0,KQ.m@CFFEX.IC,86400
1522,2020-03-16 00:00:00+08:00,1020.0,5419.2,5443.0,5133.4,5148.8,123728.0,104696.0,87807.0,KQ.m@CFFEX.IC,86400
1523,2020-03-17 00:00:00+08:00,1021.0,5290.0,5300.8,5052.0,5165.4,133148.0,87807.0,84908.0,KQ.m@CFFEX.IC,86400
1524,2020-03-18 00:00:00+08:00,1022.0,5199.4,5324.4,5073.2,5087.4,121078.0,84908.0,66412.0,KQ.m@CFFEX.IC,86400
1525,2020-03-19 00:00:00+08:00,1023.0,5045.8,5132.0,4943.8,5099.6,103131.0,66412.0,87457.0,KQ.m@CFFEX.IC,86400
1526,2020-03-20 00:00:00+08:00,1024.0,5168.0,5180.0,5062.4,5166.8,120449.0,87457.0,98494.0,KQ.m@CFFEX.IC,86400
1527,2020-03-23 00:00:00+08:00,1025.0,5007.0,5079.8,4928.8,4964.2,128182.0,98494.0,100527.0,KQ.m@CFFEX.IC,86400
1528,2020-03-24 00:00:00+08:00,1026.0,5061.0,5088.0,4924.6,5030.0,138452.0,100527.0,106990.0,KQ.m@CFFEX.IC,86400
1529,2020-03-25 00:00:00+08:00,1027.0,5125.6,5181.8,5097.0,5141.6,116380.0,106990.0,97201.0,KQ.m@CFFEX.IC,86400
1530,2020-03-26 00:00:00+08:00,1028.0,5113.0,5155.2,5077.4,5089.0,104375.0,97201.0,96567.0,KQ.m@CFFEX.IC,86400
1531,2020-03-27 00:00:00+08:00,1029.0,5147.0,5178.8,5053.6,5053.6,121557.0,96567.0,102434.0,KQ.m@CFFEX.IC,86400
1532,2020-03-30 00:00:00+08:00,1030.0,5002.0,5032.8,4909.0,4975.2,116131.0,102434.0,102611.0,KQ.m@CFFEX.IC,86400
1533,2020-03-31 00:00:00+08:00,1031.0,5020.6,5044.0,4950.0,4958.8,103206.0,102611.0,100782.0,KQ.m@CFFEX.IC,86400
1534,2020-04-01 00:00:00+08:00,1032.0,4966.0,5067.0,4937.4,4950.4,117080.0,100782.0,104486.0,KQ.m@CFFEX.IC,86400
1535,2020-04-02 00:00:00+08:00,1033.0,4957.2,5133.6,4953.0,5130.4,123118.0,104486.0,105324.0,KQ.m@CFFEX.IC,86400
1536,2020-04-03 00:00:00+08:00,1034.0,5104.0,5113.0,5029.4,5061.6,100375.0,105324.0,96374.0,KQ.m@CFFEX.IC,86400
1537,2020-04-07 00:00:00+08:00,1035.0,5160.4,5241.6,5156.2,5213.0,96575.0,96374.0,95692.0,KQ.m@CFFEX.IC,86400
1538,2020-04-08 00:00:00+08:00,1036.0,5196.0,5252.0,5189.0,5229.2,84867.0,95692.0,90930.0,KQ.m@CFFEX.IC,86400
1539,2020-04-09 00:00:00+08:00,1037.0,5258.6,5299.0,5250.4,5273.2,85891.0,90930.0,91997.0,KQ.m@CFFEX.IC,86400
1540,2020-04-10 00:00:00+08:00,1038.0,5269.6,5274.6,5164.4,5195.8,97767.0,91997.0,92119.0,KQ.m@CFFEX.IC,86400
1541,2020-04-13 00:00:00+08:00,1039.0,5158.0,5178.4,5117.8,5139.8,79025.0,92119.0,82469.0,KQ.m@CFFEX.IC,86400
1542,2020-04-14 00:00:00+08:00,1040.0,5179.0,5271.0,5175.2,5262.0,87282.0,82469.0,76197.0,KQ.m@CFFEX.IC,86400
1543,2020-04-15 00:00:00+08:00,1041.0,5265.2,5303.0,5250.0,5251.4,71159.0,76197.0,58271.0,KQ.m@CFFEX.IC,86400
1544,2020-04-16 00:00:00+08:00,1042.0,5235.0,5332.0,5231.4,5308.4,61961.0,58271.0,29370.0,KQ.m@CFFEX.IC,86400
1545,2020-04-17 00:00:00+08:00,1043.0,5307.0,5335.0,5228.4,5251.8,94599.0,29370.0,85073.0,KQ.m@CFFEX.IC,86400
1546,2020-04-20 00:00:00+08:00,1044.0,5275.2,5307.0,5250.8,5295.2,70358.0,85073.0,80042.0,KQ.m@CFFEX.IC,86400
1547,2020-04-21 00:00:00+08:00,1045.0,5277.6,5282.8,5176.4,5255.8,90792.0,80042.0,87531.0,KQ.m@CFFEX.IC,86400
1548,2020-04-22 00:00:00+08:00,1046.0,5219.4,5322.0,5212.8,5319.0,89027.0,87531.0,85958.0,KQ.m@CFFEX.IC,86400
1549,2020-04-23 00:00:00+08:00,1047.0,5319.0,5332.8,5263.2,5282.6,83304.0,85958.0,85305.0,KQ.m@CFFEX.IC,86400
1550,2020-04-24 00:00:00+08:00,1048.0,5267.0,5279.8,5188.2,5216.2,83713.0,85305.0,85546.0,KQ.m@CFFEX.IC,86400
1551,2020-04-27 00:00:00+08:00,1049.0,5230.6,5265.0,5189.6,5202.8,77761.0,85546.0,85643.0,KQ.m@CFFEX.IC,86400
1552,2020-04-28 00:00:00+08:00,1050.0,5203.8,5213.0,5055.0,5162.2,104737.0,85643.0,95696.0,KQ.m@CFFEX.IC,86400
1553,2020-04-29 00:00:00+08:00,1051.0,5158.0,5217.6,5154.0,5188.2,77729.0,95696.0,84678.0,KQ.m@CFFEX.IC,86400
1554,2020-04-30 00:00:00+08:00,1052.0,5231.4,5349.2,5227.0,5332.0,89562.0,84678.0,84353.0,KQ.m@CFFEX.IC,86400
1555,2020-05-06 00:00:00+08:00,1053.0,5305.0,5432.6,5303.8,5413.6,80459.0,84353.0,80413.0,KQ.m@CFFEX.IC,86400
1556,2020-05-07 00:00:00+08:00,1054.0,5421.2,5433.0,5377.0,5402.6,74941.0,80413.0,78242.0,KQ.m@CFFEX.IC,86400
1557,2020-05-08 00:00:00+08:00,1055.0,5444.8,5510.0,5428.0,5479.8,84093.0,78242.0,77944.0,KQ.m@CFFEX.IC,86400
1558,2020-05-11 00:00:00+08:00,1056.0,5506.6,5538.0,5448.4,5468.2,76023.0,77944.0,69686.0,KQ.m@CFFEX.IC,86400
1559,2020-05-12 00:00:00+08:00,1057.0,5466.8,5502.8,5430.2,5486.0,78694.0,69686.0,66975.0,KQ.m@CFFEX.IC,86400
1560,2020-05-13 00:00:00+08:00,1058.0,5471.8,5531.4,5461.6,5519.0,62443.0,66975.0,49000.0,KQ.m@CFFEX.IC,86400
1561,2020-05-14 00:00:00+08:00,1059.0,5414.8,5427.0,5383.4,5408.6,68948.0,49000.0,105148.0,KQ.m@CFFEX.IC,86400
1562,2020-05-15 00:00:00+08:00,1060.0,5435.0,5470.0,5403.8,5404.6,98181.0,105148.0,122218.0,KQ.m@CFFEX.IC,86400
1563,2020-05-18 00:00:00+08:00,1061.0,5433.0,5450.0,5372.0,5389.4,101629.0,122218.0,124013.0,KQ.m@CFFEX.IC,86400
1564,2020-05-19 00:00:00+08:00,1062.0,5431.0,5466.8,5418.4,5454.2,87615.0,124013.0,116264.0,KQ.m@CFFEX.IC,86400
1565,2020-05-20 00:00:00+08:00,1063.0,5451.0,5455.8,5393.0,5410.2,77241.0,116264.0,115200.0,KQ.m@CFFEX.IC,86400
1566,2020-05-21 00:00:00+08:00,1064.0,5429.8,5431.0,5338.0,5343.2,86042.0,115200.0,121394.0,KQ.m@CFFEX.IC,86400
1567,2020-05-22 00:00:00+08:00,1065.0,5337.0,5354.0,5251.8,5267.8,102163.0,121394.0,122558.0,KQ.m@CFFEX.IC,86400
1568,2020-05-25 00:00:00+08:00,1066.0,5270.0,5296.0,5235.2,5254.6,80064.0,122558.0,115885.0,KQ.m@CFFEX.IC,86400
1569,2020-05-26 00:00:00+08:00,1067.0,5283.6,5355.0,5275.2,5343.6,81740.0,115885.0,114670.0,KQ.m@CFFEX.IC,86400
1570,2020-05-27 00:00:00+08:00,1068.0,5344.0,5346.8,5279.2,5301.4,81867.0,114670.0,112850.0,KQ.m@CFFEX.IC,86400
1571,2020-05-28 00:00:00+08:00,1069.0,5295.0,5329.8,5223.6,5282.6,99998.0,112850.0,119967.0,KQ.m@CFFEX.IC,86400
1572,2020-05-29 00:00:00+08:00,1070.0,5266.2,5345.6,5257.0,5318.8,86695.0,119967.0,114990.0,KQ.m@CFFEX.IC,86400
1573,2020-06-01 00:00:00+08:00,1071.0,5386.0,5532.0,5382.0,5524.2,99266.0,114990.0,115257.0,KQ.m@CFFEX.IC,86400
1574,2020-06-02 00:00:00+08:00,1072.0,5553.8,5558.8,5495.0,5523.0,75368.0,115257.0,106372.0,KQ.m@CFFEX.IC,86400
1575,2020-06-03 00:00:00+08:00,1073.0,5539.2,5569.6,5510.2,5512.0,79802.0,106372.0,108961.0,KQ.m@CFFEX.IC,86400
1576,2020-06-04 00:00:00+08:00,1074.0,5534.8,5541.0,5487.8,5517.4,71088.0,108961.0,103886.0,KQ.m@CFFEX.IC,86400
1577,2020-06-05 00:00:00+08:00,1075.0,5531.0,5543.6,5490.6,5541.0,77173.0,103886.0,105537.0,KQ.m@CFFEX.IC,86400
1578,2020-06-08 00:00:00+08:00,1076.0,5571.2,5589.0,5509.0,5522.2,74515.0,105537.0,99260.0,KQ.m@CFFEX.IC,86400
1579,2020-06-09 00:00:00+08:00,1077.0,5530.0,5577.0,5511.0,5559.2,83648.0,99260.0,105490.0,KQ.m@CFFEX.IC,86400
1580,2020-06-10 00:00:00+08:00,1078.0,5563.8,5571.4,5525.2,5563.4,72094.0,105490.0,93978.0,KQ.m@CFFEX.IC,86400
1581,2020-06-11 00:00:00+08:00,1079.0,5560.8,5646.6,5515.4,5556.6,108083.0,93978.0,105909.0,KQ.m@CFFEX.IC,86400
1582,2020-06-12 00:00:00+08:00,1080.0,5505.0,5614.0,5480.0,5578.2,98637.0,105909.0,88231.0,KQ.m@CFFEX.IC,86400
1583,2020-06-15 00:00:00+08:00,1081.0,5566.0,5635.0,5556.2,5557.0,92420.0,88231.0,82801.0,KQ.m@CFFEX.IC,86400
1584,2020-06-16 00:00:00+08:00,1082.0,5622.0,5679.4,5608.4,5678.8,81444.0,82801.0,68943.0,KQ.m@CFFEX.IC,86400
1585,2020-06-17 00:00:00+08:00,1083.0,5681.0,5713.2,5656.0,5706.0,65172.0,68943.0,54532.0,KQ.m@CFFEX.IC,86400
1586,2020-06-18 00:00:00+08:00,1084.0,5608.8,5661.2,5605.0,5659.6,57857.0,54532.0,73532.0,KQ.m@CFFEX.IC,86400
1587,2020-06-19 00:00:00+08:00,1085.0,5658.2,5741.2,5652.0,5713.8,87696.0,73532.0,92644.0,KQ.m@CFFEX.IC,86400
1588,2020-06-22 00:00:00+08:00,1086.0,5726.2,5764.0,5706.6,5711.4,75312.0,92644.0,89280.0,KQ.m@CFFEX.IC,86400
1589,2020-06-23 00:00:00+08:00,1087.0,5698.2,5748.8,5677.6,5737.2,75801.0,89280.0,90652.0,KQ.m@CFFEX.IC,86400
1590,2020-06-24 00:00:00+08:00,1088.0,5753.2,5764.0,5707.8,5744.2,67046.0,90652.0,85670.0,KQ.m@CFFEX.IC,86400
1591,2020-06-29 00:00:00+08:00,1089.0,5730.0,5738.0,5668.8,5710.6,70963.0,85670.0,89387.0,KQ.m@CFFEX.IC,86400
1592,2020-06-30 00:00:00+08:00,1090.0,5741.8,5842.0,5737.4,5802.4,89079.0,89387.0,93431.0,KQ.m@CFFEX.IC,86400
1593,2020-07-01 00:00:00+08:00,1091.0,5833.0,5838.0,5766.0,5829.4,89179.0,93431.0,90035.0,KQ.m@CFFEX.IC,86400
1594,2020-07-02 00:00:00+08:00,1092.0,5832.0,5975.8,5813.8,5954.2,101213.0,90035.0,93931.0,KQ.m@CFFEX.IC,86400
1595,2020-07-03 00:00:00+08:00,1093.0,5976.6,6042.8,5951.0,6034.8,93810.0,93931.0,83464.0,KQ.m@CFFEX.IC,86400
1596,2020-07-06 00:00:00+08:00,1094.0,6088.0,6386.4,6085.0,6305.2,111689.0,83464.0,85321.0,KQ.m@CFFEX.IC,86400
1597,2020-07-07 00:00:00+08:00,1095.0,6362.6,6513.0,6352.6,6400.4,107994.0,85321.0,83516.0,KQ.m@CFFEX.IC,86400
1598,2020-07-08 00:00:00+08:00,1096.0,6440.6,6549.0,6366.8,6515.8,94394.0,83516.0,80980.0,KQ.m@CFFEX.IC,86400
1599,2020-07-09 00:00:00+08:00,1097.0,6506.8,6716.2,6506.8,6707.6,106689.0,80980.0,86634.0,KQ.m@CFFEX.IC,86400
1600,2020-07-10 00:00:00+08:00,1098.0,6679.8,6765.6,6636.4,6689.2,110294.0,86634.0,81989.0,KQ.m@CFFEX.IC,86400
1601,2020-07-13 00:00:00+08:00,1099.0,6738.8,6909.2,6726.4,6898.6,98939.0,81989.0,77768.0,KQ.m@CFFEX.IC,86400
1602,2020-07-14 00:00:00+08:00,1100.0,6877.6,6887.6,6651.0,6791.0,123279.0,77768.0,72997.0,KQ.m@CFFEX.IC,86400
1603,2020-07-15 00:00:00+08:00,1101.0,6842.0,6850.2,6584.4,6635.0,112925.0,72997.0,58367.0,KQ.m@CFFEX.IC,86400
1604,2020-07-16 00:00:00+08:00,1102.0,6618.8,6704.0,6181.6,6265.8,99608.0,58367.0,77966.0,KQ.m@CFFEX.IC,86400
1605,2020-07-17 00:00:00+08:00,1103.0,6321.0,6410.6,6251.0,6301.0,121837.0,77966.0,93207.0,KQ.m@CFFEX.IC,86400
1606,2020-07-20 00:00:00+08:00,1104.0,6381.0,6459.8,6292.0,6446.0,111419.0,93207.0,85897.0,KQ.m@CFFEX.IC,86400
1607,2020-07-21 00:00:00+08:00,1105.0,6475.0,6540.2,6432.2,6491.4,101569.0,85897.0,88670.0,KQ.m@CFFEX.IC,86400
1608,2020-07-22 00:00:00+08:00,1106.0,6469.6,6678.8,6450.4,6539.0,126055.0,88670.0,93090.0,KQ.m@CFFEX.IC,86400
1609,2020-07-23 00:00:00+08:00,1107.0,6522.0,6590.0,6359.4,6548.0,123952.0,93090.0,91696.0,KQ.m@CFFEX.IC,86400
1610,2020-07-24 00:00:00+08:00,1108.0,6504.6,6528.2,6171.0,6204.0,137979.0,91696.0,99535.0,KQ.m@CFFEX.IC,86400
1611,2020-07-27 00:00:00+08:00,1109.0,6258.0,6290.0,6162.2,6207.6,105762.0,99535.0,92935.0,KQ.m@CFFEX.IC,86400
1612,2020-07-28 00:00:00+08:00,1110.0,6278.6,6328.4,6200.4,6252.0,102098.0,92935.0,93104.0,KQ.m@CFFEX.IC,86400
1613,2020-07-29 00:00:00+08:00,1111.0,6230.4,6507.0,6228.4,6501.4,116111.0,93104.0,95437.0,KQ.m@CFFEX.IC,86400
1614,2020-07-30 00:00:00+08:00,1112.0,6518.0,6535.8,6423.0,6453.0,101048.0,95437.0,92618.0,KQ.m@CFFEX.IC,86400
1615,2020-07-31 00:00:00+08:00,1113.0,6466.0,6606.0,6364.8,6516.0,133992.0,92618.0,103706.0,KQ.m@CFFEX.IC,86400
1616,2020-08-03 00:00:00+08:00,1114.0,6599.4,6683.8,6556.4,6668.4,108629.0,103706.0,93779.0,KQ.m@CFFEX.IC,86400
1617,2020-08-04 00:00:00+08:00,1115.0,6687.0,6693.6,6592.4,6634.4,96962.0,93779.0,91955.0,KQ.m@CFFEX.IC,86400
1618,2020-08-05 00:00:00+08:00,1116.0,6648.0,6728.8,6568.8,6683.0,106194.0,91955.0,95523.0,KQ.m@CFFEX.IC,86400
1619,2020-08-06 00:00:00+08:00,1117.0,6705.2,6736.0,6534.0,6693.8,124413.0,95523.0,97886.0,KQ.m@CFFEX.IC,86400
1620,2020-08-07 00:00:00+08:00,1118.0,6656.2,6665.4,6464.0,6622.2,120598.0,97886.0,95135.0,KQ.m@CFFEX.IC,86400
1621,2020-08-10 00:00:00+08:00,1119.0,6605.0,6716.6,6551.2,6663.4,110266.0,95135.0,92538.0,KQ.m@CFFEX.IC,86400
1622,2020-08-11 00:00:00+08:00,1120.0,6667.6,6708.8,6492.0,6521.0,103406.0,92538.0,91092.0,KQ.m@CFFEX.IC,86400
1623,2020-08-12 00:00:00+08:00,1121.0,6514.2,6521.4,6317.0,6447.6,114394.0,91092.0,94888.0,KQ.m@CFFEX.IC,86400
1624,2020-08-13 00:00:00+08:00,1122.0,6488.6,6513.6,6431.2,6475.6,95187.0,94888.0,86726.0,KQ.m@CFFEX.IC,86400
1625,2020-08-14 00:00:00+08:00,1123.0,6455.0,6633.6,6445.8,6630.4,106851.0,86726.0,86776.0,KQ.m@CFFEX.IC,86400
1626,2020-08-17 00:00:00+08:00,1124.0,6659.8,6737.0,6582.6,6713.0,91826.0,86776.0,74387.0,KQ.m@CFFEX.IC,86400
1627,2020-08-18 00:00:00+08:00,1125.0,6725.8,6795.0,6717.0,6746.6,74413.0,74387.0,68857.0,KQ.m@CFFEX.IC,86400
1628,2020-08-19 00:00:00+08:00,1126.0,6748.0,6758.6,6629.8,6639.8,72031.0,68857.0,54975.0,KQ.m@CFFEX.IC,86400
1629,2020-08-20 00:00:00+08:00,1127.0,6487.0,6569.6,6460.2,6495.8,94511.0,54975.0,119772.0,KQ.m@CFFEX.IC,86400
1630,2020-08-21 00:00:00+08:00,1128.0,6540.0,6605.8,6468.4,6522.2,123052.0,119772.0,133479.0,KQ.m@CFFEX.IC,86400
1631,2020-08-24 00:00:00+08:00,1129.0,6570.6,6597.4,6471.0,6543.4,113579.0,133479.0,128088.0,KQ.m@CFFEX.IC,86400
1632,2020-08-25 00:00:00+08:00,1130.0,6568.0,6646.6,6497.0,6523.6,109046.0,128088.0,130025.0,KQ.m@CFFEX.IC,86400
1633,2020-08-26 00:00:00+08:00,1131.0,6528.8,6552.0,6392.0,6436.0,107214.0,130025.0,132426.0,KQ.m@CFFEX.IC,86400
1634,2020-08-27 00:00:00+08:00,1132.0,6452.0,6513.4,6413.2,6509.4,102227.0,132426.0,128726.0,KQ.m@CFFEX.IC,86400
1635,2020-08-28 00:00:00+08:00,1133.0,6499.8,6664.8,6456.4,6660.0,126199.0,128726.0,135011.0,KQ.m@CFFEX.IC,86400
1636,2020-08-31 00:00:00+08:00,1134.0,6706.0,6721.4,6590.0,6590.0,104000.0,135011.0,123887.0,KQ.m@CFFEX.IC,86400
1637,2020-09-01 00:00:00+08:00,1135.0,6595.2,6661.4,6583.6,6655.2,89873.0,123887.0,122305.0,KQ.m@CFFEX.IC,86400
1638,2020-09-02 00:00:00+08:00,1136.0,6680.4,6688.0,6555.2,6619.0,112053.0,122305.0,124492.0,KQ.m@CFFEX.IC,86400
1639,2020-09-03 00:00:00+08:00,1137.0,6613.0,6647.6,6550.8,6596.0,108431.0,124492.0,122945.0,KQ.m@CFFEX.IC,86400
1640,2020-09-04 00:00:00+08:00,1138.0,6505.0,6590.6,6486.4,6578.8,106021.0,122945.0,122849.0,KQ.m@CFFEX.IC,86400
1641,2020-09-07 00:00:00+08:00,1139.0,6581.0,6633.2,6403.0,6421.0,113728.0,122849.0,126719.0,KQ.m@CFFEX.IC,86400
1642,2020-09-08 00:00:00+08:00,1140.0,6450.0,6521.0,6402.2,6491.0,108180.0,126719.0,124193.0,KQ.m@CFFEX.IC,86400
1643,2020-09-09 00:00:00+08:00,1141.0,6435.0,6449.6,6271.2,6326.0,125845.0,124193.0,126807.0,KQ.m@CFFEX.IC,86400
1644,2020-09-10 00:00:00+08:00,1142.0,6375.0,6384.8,6193.2,6222.0,121067.0,126807.0,120547.0,KQ.m@CFFEX.IC,86400
1645,2020-09-11 00:00:00+08:00,1143.0,6225.0,6305.0,6206.8,6280.0,110028.0,120547.0,114709.0,KQ.m@CFFEX.IC,86400
1646,2020-09-14 00:00:00+08:00,1144.0,6329.0,6357.0,6262.6,6332.6,101633.0,114709.0,98824.0,KQ.m@CFFEX.IC,86400
1647,2020-09-15 00:00:00+08:00,1145.0,6326.8,6379.8,6302.2,6366.2,90494.0,98824.0,84711.0,KQ.m@CFFEX.IC,86400
1648,2020-09-16 00:00:00+08:00,1146.0,6354.8,6366.8,6311.2,6353.6,72522.0,84711.0,62537.0,KQ.m@CFFEX.IC,86400
1649,2020-09-17 00:00:00+08:00,1147.0,6259.0,6357.8,6201.2,6291.8,78655.0,62537.0,90673.0,KQ.m@CFFEX.IC,86400
1650,2020-09-18 00:00:00+08:00,1148.0,6304.2,6439.6,6280.2,6437.6,104001.0,90673.0,100788.0,KQ.m@CFFEX.IC,86400
1651,2020-09-21 00:00:00+08:00,1149.0,6456.4,6467.0,6352.2,6373.8,87157.0,100788.0,100608.0,KQ.m@CFFEX.IC,86400
1652,2020-09-22 00:00:00+08:00,1150.0,6347.0,6424.6,6260.0,6292.2,98382.0,100608.0,106298.0,KQ.m@CFFEX.IC,86400
1653,2020-09-23 00:00:00+08:00,1151.0,6318.4,6351.8,6285.6,6323.0,78856.0,106298.0,99494.0,KQ.m@CFFEX.IC,86400
1654,2020-09-24 00:00:00+08:00,1152.0,6292.0,6298.8,6140.4,6190.2,105127.0,99494.0,111116.0,KQ.m@CFFEX.IC,86400
1655,2020-09-25 00:00:00+08:00,1153.0,6219.8,6242.0,6160.2,6209.6,87678.0,111116.0,103853.0,KQ.m@CFFEX.IC,86400
1656,2020-09-28 00:00:00+08:00,1154.0,6234.0,6235.2,6133.4,6157.2,84433.0,103853.0,101743.0,KQ.m@CFFEX.IC,86400
1657,2020-09-29 00:00:00+08:00,1155.0,6183.0,6280.0,6165.0,6213.4,99704.0,101743.0,100266.0,KQ.m@CFFEX.IC,86400
1658,2020-09-30 00:00:00+08:00,1156.0,6240.2,6252.0,6103.0,6163.0,92636.0,100266.0,90987.0,KQ.m@CFFEX.IC,86400
1659,2020-10-09 00:00:00+08:00,1157.0,6290.0,6372.6,6276.8,6332.6,78291.0,90987.0,85688.0,KQ.m@CFFEX.IC,86400
1660,2020-10-12 00:00:00+08:00,1158.0,6385.0,6540.0,6383.2,6539.8,81735.0,85688.0,78801.0,KQ.m@CFFEX.IC,86400
1661,2020-10-13 00:00:00+08:00,1159.0,6531.0,6549.0,6465.6,6538.4,74978.0,78801.0,65629.0,KQ.m@CFFEX.IC,86400
1662,2020-10-14 00:00:00+08:00,1160.0,6522.2,6533.6,6490.6,6511.0,55923.0,65629.0,51157.0,KQ.m@CFFEX.IC,86400
1663,2020-10-15 00:00:00+08:00,1161.0,6514.0,6524.0,6455.4,6466.0,48892.0,51157.0,25207.0,KQ.m@CFFEX.IC,86400
1664,2020-10-16 00:00:00+08:00,1162.0,6398.0,6414.8,6304.0,6356.0,75464.0,25207.0,86581.0,KQ.m@CFFEX.IC,86400
1665,2020-10-19 00:00:00+08:00,1163.0,6405.0,6442.0,6235.0,6281.6,96430.0,86581.0,94931.0,KQ.m@CFFEX.IC,86400
1666,2020-10-20 00:00:00+08:00,1164.0,6276.0,6358.6,6253.0,6356.4,65871.0,94931.0,89540.0,KQ.m@CFFEX.IC,86400
1667,2020-10-21 00:00:00+08:00,1165.0,6354.0,6364.8,6231.2,6289.6,82197.0,89540.0,94688.0,KQ.m@CFFEX.IC,86400
1668,2020-10-22 00:00:00+08:00,1166.0,6257.6,6282.0,6192.2,6261.2,77443.0,94688.0,93227.0,KQ.m@CFFEX.IC,86400
1669,2020-10-23 00:00:00+08:00,1167.0,6258.2,6319.8,6150.2,6168.8,82577.0,93227.0,96750.0,KQ.m@CFFEX.IC,86400
1670,2020-10-26 00:00:00+08:00,1168.0,6134.2,6203.4,6066.0,6180.2,85852.0,96750.0,101007.0,KQ.m@CFFEX.IC,86400
1671,2020-10-27 00:00:00+08:00,1169.0,6161.4,6195.0,6130.2,6172.8,67451.0,101007.0,92535.0,KQ.m@CFFEX.IC,86400
1672,2020-10-28 00:00:00+08:00,1170.0,6170.0,6221.0,6112.2,6211.6,79731.0,92535.0,98087.0,KQ.m@CFFEX.IC,86400
1673,2020-10-29 00:00:00+08:00,1171.0,6152.0,6267.8,6134.8,6231.0,88208.0,98087.0,93538.0,KQ.m@CFFEX.IC,86400
1674,2020-10-30 00:00:00+08:00,1172.0,6258.8,6261.0,6063.4,6068.2,91515.0,93538.0,96674.0,KQ.m@CFFEX.IC,86400
1675,2020-11-02 00:00:00+08:00,1173.0,6094.8,6146.0,6077.6,6109.8,79071.0,96674.0,91917.0,KQ.m@CFFEX.IC,86400
1676,2020-11-03 00:00:00+08:00,1174.0,6140.0,6234.0,6121.2,6209.2,81403.0,91917.0,89913.0,KQ.m@CFFEX.IC,86400
1677,2020-11-04 00:00:00+08:00,1175.0,6210.0,6239.0,6137.4,6200.2,87466.0,89913.0,92162.0,KQ.m@CFFEX.IC,86400
1678,2020-11-05 00:00:00+08:00,1176.0,6270.0,6351.4,6228.0,6333.8,96367.0,92162.0,86351.0,KQ.m@CFFEX.IC,86400
1679,2020-11-06 00:00:00+08:00,1177.0,6343.8,6345.0,6216.4,6288.4,87045.0,86351.0,85497.0,KQ.m@CFFEX.IC,86400
1680,2020-11-09 00:00:00+08:00,1178.0,6347.2,6456.6,6341.6,6383.2,88740.0,85497.0,83275.0,KQ.m@CFFEX.IC,86400
1681,2020-11-10 00:00:00+08:00,1179.0,6383.8,6394.4,6300.6,6344.2,81402.0,83275.0,80132.0,KQ.m@CFFEX.IC,86400
1682,2020-11-11 00:00:00+08:00,1180.0,6325.2,6362.8,6268.0,6268.4,66082.0,80132.0,72089.0,KQ.m@CFFEX.IC,86400
1683,2020-11-12 00:00:00+08:00,1181.0,6291.6,6330.8,6262.6,6290.2,63466.0,72089.0,71724.0,KQ.m@CFFEX.IC,86400
1684,2020-11-13 00:00:00+08:00,1182.0,6272.0,6301.0,6210.2,6292.2,85643.0,71724.0,77356.0,KQ.m@CFFEX.IC,86400
1685,2020-11-16 00:00:00+08:00,1183.0,6323.8,6373.8,6281.8,6370.8,66153.0,77356.0,63576.0,KQ.m@CFFEX.IC,86400
1686,2020-11-17 00:00:00+08:00,1184.0,6350.2,6357.6,6294.2,6334.0,62831.0,63576.0,58197.0,KQ.m@CFFEX.IC,86400
1687,2020-11-18 00:00:00+08:00,1185.0,6334.6,6390.4,6306.2,6330.4,62437.0,58197.0,43222.0,KQ.m@CFFEX.IC,86400
1688,2020-11-19 00:00:00+08:00,1186.0,6255.2,6327.8,6223.6,6320.6,69781.0,43222.0,125817.0,KQ.m@CFFEX.IC,86400
1689,2020-11-20 00:00:00+08:00,1187.0,6313.0,6396.0,6306.4,6379.2,75152.0,125817.0,136117.0,KQ.m@CFFEX.IC,86400
1690,2020-11-23 00:00:00+08:00,1188.0,6400.0,6494.0,6344.0,6434.0,95412.0,136117.0,138216.0,KQ.m@CFFEX.IC,86400
1691,2020-11-24 00:00:00+08:00,1189.0,6428.2,6459.0,6410.2,6425.2,64193.0,138216.0,130084.0,KQ.m@CFFEX.IC,86400
1692,2020-11-25 00:00:00+08:00,1190.0,6449.2,6453.8,6311.2,6325.4,83701.0,130084.0,134322.0,KQ.m@CFFEX.IC,86400
1693,2020-11-26 00:00:00+08:00,1191.0,6326.4,6332.0,6265.0,6314.4,77755.0,134322.0,132383.0,KQ.m@CFFEX.IC,86400
1694,2020-11-27 00:00:00+08:00,1192.0,6309.8,6347.4,6237.0,6344.0,84309.0,132383.0,133653.0,KQ.m@CFFEX.IC,86400
1695,2020-11-30 00:00:00+08:00,1193.0,6343.8,6398.6,6272.4,6293.0,98792.0,133653.0,133374.0,KQ.m@CFFEX.IC,86400
1696,2020-12-01 00:00:00+08:00,1194.0,6302.8,6438.2,6292.0,6406.6,94142.0,133374.0,131678.0,KQ.m@CFFEX.IC,86400
1697,2020-12-02 00:00:00+08:00,1195.0,6418.4,6425.0,6363.2,6402.0,80357.0,131678.0,120233.0,KQ.m@CFFEX.IC,86400
1698,2020-12-03 00:00:00+08:00,1196.0,6394.4,6447.0,6352.4,6429.4,82023.0,120233.0,120899.0,KQ.m@CFFEX.IC,86400
1699,2020-12-04 00:00:00+08:00,1197.0,6406.0,6460.0,6371.2,6458.4,74220.0,120899.0,113529.0,KQ.m@CFFEX.IC,86400
1700,2020-12-07 00:00:00+08:00,1198.0,6462.6,6466.8,6377.4,6397.6,75338.0,113529.0,110920.0,KQ.m@CFFEX.IC,86400
1701,2020-12-08 00:00:00+08:00,1199.0,6403.6,6442.2,6394.0,6402.8,68589.0,110920.0,104920.0,KQ.m@CFFEX.IC,86400
1702,2020-12-09 00:00:00+08:00,1200.0,6410.8,6422.6,6294.0,6305.0,80833.0,104920.0,108729.0,KQ.m@CFFEX.IC,86400
1703,2020-12-10 00:00:00+08:00,1201.0,6291.0,6344.0,6253.8,6315.6,76373.0,108729.0,101332.0,KQ.m@CFFEX.IC,86400
1704,2020-12-11 00:00:00+08:00,1202.0,6328.0,6343.2,6146.6,6196.4,91042.0,101332.0,106683.0,KQ.m@CFFEX.IC,86400
1705,2020-12-14 00:00:00+08:00,1203.0,6198.0,6258.0,6166.0,6253.2,67208.0,106683.0,87475.0,KQ.m@CFFEX.IC,86400
1706,2020-12-15 00:00:00+08:00,1204.0,6238.4,6272.0,6216.6,6256.8,59891.0,87475.0,75009.0,KQ.m@CFFEX.IC,86400
1707,2020-12-16 00:00:00+08:00,1205.0,6259.8,6263.8,6208.0,6239.6,59600.0,75009.0,57855.0,KQ.m@CFFEX.IC,86400
1708,2020-12-17 00:00:00+08:00,1206.0,6229.8,6326.0,6186.2,6313.8,57952.0,57855.0,26501.0,KQ.m@CFFEX.IC,86400
1709,2020-12-18 00:00:00+08:00,1207.0,6274.8,6299.8,6204.0,6246.6,70248.0,26501.0,89727.0,KQ.m@CFFEX.IC,86400
1710,2020-12-21 00:00:00+08:00,1208.0,6248.4,6384.0,6236.4,6354.8,77150.0,89727.0,95813.0,KQ.m@CFFEX.IC,86400
1711,2020-12-22 00:00:00+08:00,1209.0,6334.0,6355.8,6213.0,6238.8,79933.0,95813.0,92210.0,KQ.m@CFFEX.IC,86400
1712,2020-12-23 00:00:00+08:00,1210.0,6245.0,6317.0,6210.0,6270.6,79809.0,92210.0,98936.0,KQ.m@CFFEX.IC,86400
1713,2020-12-24 00:00:00+08:00,1211.0,6270.8,6276.2,6172.8,6191.2,76943.0,98936.0,97020.0,KQ.m@CFFEX.IC,86400
1714,2020-12-25 00:00:00+08:00,1212.0,6172.2,6275.0,6165.4,6262.0,73039.0,97020.0,92570.0,KQ.m@CFFEX.IC,86400
1715,2020-12-28 00:00:00+08:00,1213.0,6262.0,6278.8,6188.0,6214.8,73485.0,92570.0,93794.0,KQ.m@CFFEX.IC,86400
1716,2020-12-29 00:00:00+08:00,1214.0,6216.0,6274.8,6182.4,6198.4,69341.0,93794.0,93561.0,KQ.m@CFFEX.IC,86400
1717,2020-12-30 00:00:00+08:00,1215.0,6197.6,6287.6,6172.0,6248.0,72096.0,93561.0,89998.0,KQ.m@CFFEX.IC,86400
1718,2020-12-31 00:00:00+08:00,1216.0,6273.0,6364.4,6263.0,6348.0,74813.0,89998.0,91004.0,KQ.m@CFFEX.IC,86400
1719,2021-01-04 00:00:00+08:00,1217.0,6381.2,6489.8,6334.0,6434.2,70652.0,91004.0,86961.0,KQ.m@CFFEX.IC,86400
1720,2021-01-05 00:00:00+08:00,1218.0,6434.6,6504.8,6417.0,6476.6,70706.0,86961.0,83889.0,KQ.m@CFFEX.IC,86400
1721,2021-01-06 00:00:00+08:00,1219.0,6487.8,6560.0,6430.0,6485.0,70480.0,83889.0,82836.0,KQ.m@CFFEX.IC,86400
1722,2021-01-07 00:00:00+08:00,1220.0,6485.0,6540.0,6435.8,6526.0,81599.0,82836.0,83816.0,KQ.m@CFFEX.IC,86400
1723,2021-01-08 00:00:00+08:00,1221.0,6525.4,6598.0,6463.2,6550.6,91128.0,83816.0,82709.0,KQ.m@CFFEX.IC,86400
1724,2021-01-11 00:00:00+08:00,1222.0,6558.6,6560.0,6394.6,6446.8,84589.0,82709.0,75135.0,KQ.m@CFFEX.IC,86400
1725,2021-01-12 00:00:00+08:00,1223.0,6437.0,6535.0,6430.0,6521.6,69803.0,75135.0,62428.0,KQ.m@CFFEX.IC,86400
1726,2021-01-13 00:00:00+08:00,1224.0,6516.6,6533.4,6441.8,6487.2,64635.0,62428.0,49938.0,KQ.m@CFFEX.IC,86400
1727,2021-01-14 00:00:00+08:00,1225.0,6463.2,6523.0,6410.0,6446.6,51013.0,49938.0,25884.0,KQ.m@CFFEX.IC,86400
1728,2021-01-15 00:00:00+08:00,1226.0,6405.0,6406.2,6297.8,6351.0,69405.0,25884.0,72759.0,KQ.m@CFFEX.IC,86400
1729,2021-01-18 00:00:00+08:00,1227.0,6359.0,6473.0,6336.4,6442.2,62595.0,72759.0,71784.0,KQ.m@CFFEX.IC,86400
1730,2021-01-19 00:00:00+08:00,1228.0,6443.6,6472.0,6393.0,6410.8,60973.0,71784.0,68727.0,KQ.m@CFFEX.IC,86400
1731,2021-01-20 00:00:00+08:00,1229.0,6410.0,6492.0,6396.0,6479.4,64581.0,68727.0,71673.0,KQ.m@CFFEX.IC,86400
1732,2021-01-21 00:00:00+08:00,1230.0,6496.6,6604.8,6491.4,6565.4,62356.0,71673.0,71143.0,KQ.m@CFFEX.IC,86400
1733,2021-01-22 00:00:00+08:00,1231.0,6564.4,6577.0,6496.8,6566.6,68617.0,71143.0,72891.0,KQ.m@CFFEX.IC,86400
1734,2021-01-25 00:00:00+08:00,1232.0,6564.2,6619.0,6507.0,6560.4,72128.0,72891.0,74479.0,KQ.m@CFFEX.IC,86400
1735,2021-01-26 00:00:00+08:00,1233.0,6543.0,6547.0,6453.8,6486.0,65355.0,74479.0,71920.0,KQ.m@CFFEX.IC,86400
1736,2021-01-27 00:00:00+08:00,1234.0,6493.4,6514.8,6445.2,6480.0,56438.0,71920.0,70536.0,KQ.m@CFFEX.IC,86400
1737,2021-01-28 00:00:00+08:00,1235.0,6428.0,6468.0,6365.2,6394.4,65735.0,70536.0,75210.0,KQ.m@CFFEX.IC,86400
1738,2021-01-29 00:00:00+08:00,1236.0,6415.0,6426.0,6211.0,6313.6,74734.0,75210.0,78082.0,KQ.m@CFFEX.IC,86400
1739,2021-02-01 00:00:00+08:00,1237.0,6322.0,6369.6,6308.0,6357.8,53049.0,78082.0,70542.0,KQ.m@CFFEX.IC,86400
1740,2021-02-02 00:00:00+08:00,1238.0,6371.0,6419.4,6327.2,6409.0,55135.0,70542.0,66958.0,KQ.m@CFFEX.IC,86400
1741,2021-02-03 00:00:00+08:00,1239.0,6408.0,6432.4,6365.2,6379.0,54340.0,66958.0,64048.0,KQ.m@CFFEX.IC,86400
1742,2021-02-04 00:00:00+08:00,1240.0,6366.6,6375.0,6240.2,6320.8,73882.0,64048.0,73236.0,KQ.m@CFFEX.IC,86400
1743,2021-02-05 00:00:00+08:00,1241.0,6330.2,6354.0,6216.0,6231.2,65447.0,73236.0,62476.0,KQ.m@CFFEX.IC,86400
1744,2021-02-08 00:00:00+08:00,1242.0,6248.0,6352.8,6214.0,6313.8,61967.0,62476.0,61344.0,KQ.m@CFFEX.IC,86400
1745,2021-02-09 00:00:00+08:00,1243.0,6332.4,6460.0,6317.8,6435.8,54096.0,61344.0,48436.0,KQ.m@CFFEX.IC,86400
1746,2021-02-10 00:00:00+08:00,1244.0,6450.8,6519.2,6399.2,6492.0,48016.0,48436.0,35304.0,KQ.m@CFFEX.IC,86400
1747,2021-02-18 00:00:00+08:00,1245.0,6630.0,6685.8,6536.6,6579.6,38134.0,35304.0,20025.0,KQ.m@CFFEX.IC,86400
1748,2021-02-19 00:00:00+08:00,1246.0,6501.4,6630.6,6480.4,6630.0,86168.0,20025.0,138714.0,KQ.m@CFFEX.IC,86400
1749,2021-02-22 00:00:00+08:00,1247.0,6660.0,6744.0,6565.0,6576.8,98536.0,138714.0,141161.0,KQ.m@CFFEX.IC,86400
1750,2021-02-23 00:00:00+08:00,1248.0,6568.6,6629.0,6550.0,6569.8,73763.0,141161.0,135338.0,KQ.m@CFFEX.IC,86400
1751,2021-02-24 00:00:00+08:00,1249.0,6585.6,6603.0,6438.4,6491.2,91900.0,135338.0,140752.0,KQ.m@CFFEX.IC,86400
1752,2021-02-25 00:00:00+08:00,1250.0,6561.4,6562.2,6417.0,6472.2,81227.0,140752.0,135942.0,KQ.m@CFFEX.IC,86400
1753,2021-02-26 00:00:00+08:00,1251.0,6399.6,6418.0,6296.0,6320.4,86242.0,135942.0,137938.0,KQ.m@CFFEX.IC,86400
1754,2021-03-01 00:00:00+08:00,1252.0,6371.4,6439.0,6362.0,6438.0,68521.0,137938.0,128666.0,KQ.m@CFFEX.IC,86400
1755,2021-03-02 00:00:00+08:00,1253.0,6444.0,6451.0,6325.6,6380.6,79216.0,128666.0,128910.0,KQ.m@CFFEX.IC,86400
1756,2021-03-03 00:00:00+08:00,1254.0,6379.6,6481.2,6378.0,6463.0,70999.0,128910.0,120905.0,KQ.m@CFFEX.IC,86400
1757,2021-03-04 00:00:00+08:00,1255.0,6426.2,6444.6,6340.0,6372.8,79180.0,120905.0,126278.0,KQ.m@CFFEX.IC,86400
1758,2021-03-05 00:00:00+08:00,1256.0,6322.2,6427.8,6302.6,6399.0,84514.0,126278.0,125358.0,KQ.m@CFFEX.IC,86400
1759,2021-03-08 00:00:00+08:00,1257.0,6432.0,6478.2,6231.0,6243.6,88670.0,125358.0,125269.0,KQ.m@CFFEX.IC,86400
1760,2021-03-09 00:00:00+08:00,1258.0,6227.6,6248.6,6042.0,6126.4,102035.0,125269.0,128835.0,KQ.m@CFFEX.IC,86400
1761,2021-03-10 00:00:00+08:00,1259.0,6171.6,6188.0,6038.8,6042.8,81796.0,128835.0,116764.0,KQ.m@CFFEX.IC,86400
1762,2021-03-11 00:00:00+08:00,1260.0,6062.8,6218.2,6027.2,6212.4,80169.0,116764.0,106672.0,KQ.m@CFFEX.IC,86400
1763,2021-03-12 00:00:00+08:00,1261.0,6214.6,6222.2,6117.6,6215.2,73885.0,106672.0,98369.0,KQ.m@CFFEX.IC,86400
1764,2021-03-15 00:00:00+08:00,1262.0,6199.0,6225.6,6106.8,6183.0,70795.0,98369.0,92939.0,KQ.m@CFFEX.IC,86400
1765,2021-03-16 00:00:00+08:00,1263.0,6180.0,6232.0,6132.2,6179.2,65873.0,92939.0,81274.0,KQ.m@CFFEX.IC,86400
1766,2021-03-17 00:00:00+08:00,1264.0,6164.6,6234.0,6112.2,6213.2,67538.0,81274.0,63367.0,KQ.m@CFFEX.IC,86400
1767,2021-03-18 00:00:00+08:00,1265.0,6218.8,6308.0,6205.2,6263.0,51526.0,63367.0,30164.0,KQ.m@CFFEX.IC,86400
1768,2021-03-19 00:00:00+08:00,1266.0,6145.0,6208.8,6105.6,6169.0,75368.0,30164.0,96094.0,KQ.m@CFFEX.IC,86400
1769,2021-03-22 00:00:00+08:00,1267.0,6174.8,6268.8,6156.2,6246.0,69340.0,96094.0,94348.0,KQ.m@CFFEX.IC,86400
1770,2021-03-23 00:00:00+08:00,1268.0,6249.0,6266.2,6140.0,6188.0,71116.0,94348.0,97408.0,KQ.m@CFFEX.IC,86400
1771,2021-03-24 00:00:00+08:00,1269.0,6159.2,6199.0,6107.2,6133.4,63459.0,97408.0,96516.0,KQ.m@CFFEX.IC,86400
1772,2021-03-25 00:00:00+08:00,1270.0,6110.4,6178.0,6081.6,6155.6,68446.0,96516.0,101903.0,KQ.m@CFFEX.IC,86400
1773,2021-03-26 00:00:00+08:00,1271.0,6168.0,6255.0,6166.0,6232.4,64392.0,101903.0,95849.0,KQ.m@CFFEX.IC,86400
1774,2021-03-29 00:00:00+08:00,1272.0,6235.0,6246.8,6181.0,6230.6,58085.0,95849.0,93966.0,KQ.m@CFFEX.IC,86400
1775,2021-03-30 00:00:00+08:00,1273.0,6210.0,6264.6,6183.6,6245.0,56841.0,93966.0,92577.0,KQ.m@CFFEX.IC,86400
1776,2021-03-31 00:00:00+08:00,1274.0,6242.0,6252.0,6168.2,6237.8,59536.0,92577.0,91229.0,KQ.m@CFFEX.IC,86400
1777,2021-04-01 00:00:00+08:00,1275.0,6244.4,6308.0,6211.0,6291.0,54454.0,91229.0,89578.0,KQ.m@CFFEX.IC,86400
1778,2021-04-02 00:00:00+08:00,1276.0,6290.0,6317.2,6264.0,6296.4,47323.0,89578.0,86343.0,KQ.m@CFFEX.IC,86400
1779,2021-04-06 00:00:00+08:00,1277.0,6317.8,6360.0,6290.2,6300.6,52567.0,86343.0,86573.0,KQ.m@CFFEX.IC,86400
1780,2021-04-07 00:00:00+08:00,1278.0,6317.6,6326.8,6255.2,6314.0,56160.0,86573.0,85357.0,KQ.m@CFFEX.IC,86400
1781,2021-04-08 00:00:00+08:00,1279.0,6301.4,6360.8,6275.2,6345.8,59083.0,85357.0,84380.0,KQ.m@CFFEX.IC,86400
1782,2021-04-09 00:00:00+08:00,1280.0,6328.0,6352.0,6292.2,6326.8,56489.0,84380.0,80033.0,KQ.m@CFFEX.IC,86400
1783,2021-04-12 00:00:00+08:00,1281.0,6315.0,6329.8,6207.0,6237.2,68184.0,80033.0,79529.0,KQ.m@CFFEX.IC,86400
1784,2021-04-13 00:00:00+08:00,1282.0,6219.8,6262.6,6200.0,6219.8,56100.0,79529.0,65017.0,KQ.m@CFFEX.IC,86400
1785,2021-04-14 00:00:00+08:00,1283.0,6220.6,6297.0,6217.8,6271.0,51004.0,65017.0,50877.0,KQ.m@CFFEX.IC,86400
1786,2021-04-15 00:00:00+08:00,1284.0,6208.0,6244.0,6154.6,6235.2,46785.0,50877.0,65544.0,KQ.m@CFFEX.IC,86400
1787,2021-04-16 00:00:00+08:00,1285.0,6229.0,6328.0,6220.6,6325.4,65128.0,65544.0,82867.0,KQ.m@CFFEX.IC,86400
1788,2021-04-19 00:00:00+08:00,1286.0,6312.2,6412.0,6284.0,6385.4,62299.0,82867.0,79222.0,KQ.m@CFFEX.IC,86400
1789,2021-04-20 00:00:00+08:00,1287.0,6383.0,6428.0,6375.4,6400.0,46888.0,79222.0,76099.0,KQ.m@CFFEX.IC,86400
1790,2021-04-21 00:00:00+08:00,1288.0,6382.0,6408.8,6335.0,6385.4,49806.0,76099.0,75387.0,KQ.m@CFFEX.IC,86400
1791,2021-04-22 00:00:00+08:00,1289.0,6411.6,6432.8,6380.0,6397.4,49813.0,75387.0,73545.0,KQ.m@CFFEX.IC,86400
1792,2021-04-23 00:00:00+08:00,1290.0,6402.6,6445.0,6367.0,6443.0,53758.0,73545.0,74759.0,KQ.m@CFFEX.IC,86400
1793,2021-04-26 00:00:00+08:00,1291.0,6455.4,6527.6,6402.8,6417.6,62765.0,74759.0,80034.0,KQ.m@CFFEX.IC,86400
1794,2021-04-27 00:00:00+08:00,1292.0,6428.0,6450.0,6385.0,6413.2,50661.0,80034.0,75251.0,KQ.m@CFFEX.IC,86400
1795,2021-04-28 00:00:00+08:00,1293.0,6412.0,6472.4,6373.6,6462.4,53624.0,75251.0,75323.0,KQ.m@CFFEX.IC,86400
1796,2021-04-29 00:00:00+08:00,1294.0,6471.0,6478.0,6428.2,6464.0,46916.0,75323.0,69220.0,KQ.m@CFFEX.IC,86400
1797,2021-04-30 00:00:00+08:00,1295.0,6457.0,6491.0,6402.0,6477.6,58223.0,69220.0,76667.0,KQ.m@CFFEX.IC,86400
1798,2021-05-06 00:00:00+08:00,1296.0,6493.0,6535.0,6412.4,6446.2,61977.0,76667.0,72579.0,KQ.m@CFFEX.IC,86400
1799,2021-05-07 00:00:00+08:00,1297.0,6473.2,6514.2,6422.6,6430.2,57693.0,72579.0,73969.0,KQ.m@CFFEX.IC,86400
1800,2021-05-10 00:00:00+08:00,1298.0,6446.8,6485.0,6416.0,6443.8,54792.0,73969.0,70451.0,KQ.m@CFFEX.IC,86400
1801,2021-05-11 00:00:00+08:00,1299.0,6404.4,6458.8,6332.0,6437.8,67163.0,70451.0,74868.0,KQ.m@CFFEX.IC,86400
1802,2021-05-12 00:00:00+08:00,1300.0,6431.2,6514.8,6393.8,6506.6,57974.0,74868.0,66625.0,KQ.m@CFFEX.IC,86400
1803,2021-05-13 00:00:00+08:00,1301.0,6453.2,6488.0,6403.2,6435.0,52139.0,66625.0,65360.0,KQ.m@CFFEX.IC,86400
1804,2021-05-14 00:00:00+08:00,1302.0,6451.4,6546.0,6416.0,6545.2,54137.0,65360.0,60860.0,KQ.m@CFFEX.IC,86400
1805,2021-05-17 00:00:00+08:00,1303.0,6529.4,6615.2,6525.0,6572.2,50857.0,60860.0,60394.0,KQ.m@CFFEX.IC,86400
1806,2021-05-18 00:00:00+08:00,1304.0,6578.8,6613.0,6563.6,6595.0,37037.0,60394.0,51086.0,KQ.m@CFFEX.IC,86400
1807,2021-05-19 00:00:00+08:00,1305.0,6577.8,6593.8,6540.0,6586.8,36912.0,51086.0,37501.0,KQ.m@CFFEX.IC,86400
1808,2021-05-20 00:00:00+08:00,1306.0,6520.2,6556.0,6461.2,6524.0,50737.0,37501.0,116101.0,KQ.m@CFFEX.IC,86400
1809,2021-05-21 00:00:00+08:00,1307.0,6540.0,6544.8,6471.0,6495.2,64554.0,116101.0,125308.0,KQ.m@CFFEX.IC,86400
1810,2021-05-24 00:00:00+08:00,1308.0,6488.2,6547.6,6456.0,6515.0,58704.0,125308.0,127492.0,KQ.m@CFFEX.IC,86400
1811,2021-05-25 00:00:00+08:00,1309.0,6519.0,6616.0,6498.6,6589.0,66317.0,127492.0,121754.0,KQ.m@CFFEX.IC,86400
1812,2021-05-26 00:00:00+08:00,1310.0,6602.4,6612.0,6580.2,6600.8,49432.0,121754.0,116793.0,KQ.m@CFFEX.IC,86400
1813,2021-05-27 00:00:00+08:00,1311.0,6600.0,6664.2,6583.0,6645.6,53712.0,116793.0,116391.0,KQ.m@CFFEX.IC,86400
1814,2021-05-28 00:00:00+08:00,1312.0,6657.0,6685.8,6617.2,6651.8,50865.0,116391.0,111990.0,KQ.m@CFFEX.IC,86400
1815,2021-05-31 00:00:00+08:00,1313.0,6655.0,6695.0,6631.6,6679.0,46034.0,111990.0,108434.0,KQ.m@CFFEX.IC,86400
1816,2021-06-01 00:00:00+08:00,1314.0,6670.4,6698.0,6606.2,6675.4,61493.0,108434.0,114483.0,KQ.m@CFFEX.IC,86400
1817,2021-06-02 00:00:00+08:00,1315.0,6675.0,6689.0,6616.2,6645.0,58042.0,114483.0,106750.0,KQ.m@CFFEX.IC,86400
1818,2021-06-03 00:00:00+08:00,1316.0,6641.6,6699.2,6601.0,6601.0,63697.0,106750.0,109068.0,KQ.m@CFFEX.IC,86400
1819,2021-06-04 00:00:00+08:00,1317.0,6597.8,6695.0,6578.6,6669.0,72230.0,109068.0,106383.0,KQ.m@CFFEX.IC,86400
1820,2021-06-07 00:00:00+08:00,1318.0,6680.0,6694.0,6638.0,6669.6,51136.0,106383.0,98542.0,KQ.m@CFFEX.IC,86400
1821,2021-06-08 00:00:00+08:00,1319.0,6665.0,6726.0,6613.0,6653.0,61055.0,98542.0,97734.0,KQ.m@CFFEX.IC,86400
1822,2021-06-09 00:00:00+08:00,1320.0,6642.6,6679.0,6630.0,6658.0,46852.0,97734.0,91207.0,KQ.m@CFFEX.IC,86400
1823,2021-06-10 00:00:00+08:00,1321.0,6655.2,6760.8,6645.0,6746.2,59655.0,91207.0,89526.0,KQ.m@CFFEX.IC,86400
1824,2021-06-11 00:00:00+08:00,1322.0,6758.8,6766.0,6705.6,6726.0,52981.0,89526.0,79104.0,KQ.m@CFFEX.IC,86400
1825,2021-06-15 00:00:00+08:00,1323.0,6735.0,6741.4,6633.8,6652.4,57981.0,79104.0,69471.0,KQ.m@CFFEX.IC,86400
1826,2021-06-16 00:00:00+08:00,1324.0,6652.6,6652.8,6552.0,6571.4,57662.0,69471.0,54159.0,KQ.m@CFFEX.IC,86400
1827,2021-06-17 00:00:00+08:00,1325.0,6517.0,6573.6,6516.2,6558.2,40341.0,54159.0,75506.0,KQ.m@CFFEX.IC,86400
1828,2021-06-18 00:00:00+08:00,1326.0,6558.4,6622.8,6545.6,6614.2,54506.0,75506.0,90215.0,KQ.m@CFFEX.IC,86400
1829,2021-06-21 00:00:00+08:00,1327.0,6605.6,6680.0,6589.4,6654.8,55013.0,90215.0,91149.0,KQ.m@CFFEX.IC,86400
1830,2021-06-22 00:00:00+08:00,1328.0,6663.4,6692.0,6638.2,6678.2,46938.0,91149.0,88316.0,KQ.m@CFFEX.IC,86400
1831,2021-06-23 00:00:00+08:00,1329.0,6677.0,6768.0,6668.2,6755.2,52605.0,88316.0,94858.0,KQ.m@CFFEX.IC,86400
1832,2021-06-24 00:00:00+08:00,1330.0,6748.0,6756.2,6707.4,6739.6,45826.0,94858.0,93447.0,KQ.m@CFFEX.IC,86400
1833,2021-06-25 00:00:00+08:00,1331.0,6731.8,6815.8,6720.6,6799.8,50949.0,93447.0,96186.0,KQ.m@CFFEX.IC,86400
1834,2021-06-28 00:00:00+08:00,1332.0,6798.6,6830.0,6774.0,6793.0,42183.0,96186.0,93441.0,KQ.m@CFFEX.IC,86400
1835,2021-06-29 00:00:00+08:00,1333.0,6799.0,6809.2,6724.4,6744.8,47304.0,93441.0,94753.0,KQ.m@CFFEX.IC,86400
1836,2021-06-30 00:00:00+08:00,1334.0,6751.6,6798.8,6735.6,6764.0,43985.0,94753.0,93228.0,KQ.m@CFFEX.IC,86400
1837,2021-07-01 00:00:00+08:00,1335.0,6780.6,6788.4,6666.4,6686.2,62867.0,93228.0,100534.0,KQ.m@CFFEX.IC,86400
1838,2021-07-02 00:00:00+08:00,1336.0,6680.0,6694.0,6621.2,6639.0,56435.0,100534.0,96509.0,KQ.m@CFFEX.IC,86400
1839,2021-07-05 00:00:00+08:00,1337.0,6656.8,6698.0,6635.4,6678.4,48768.0,96509.0,96921.0,KQ.m@CFFEX.IC,86400
1840,2021-07-06 00:00:00+08:00,1338.0,6687.4,6717.4,6614.2,6675.2,60936.0,96921.0,98513.0,KQ.m@CFFEX.IC,86400
1841,2021-07-07 00:00:00+08:00,1339.0,6635.8,6746.8,6628.4,6739.0,56536.0,98513.0,90254.0,KQ.m@CFFEX.IC,86400
1842,2021-07-08 00:00:00+08:00,1340.0,6750.0,6769.0,6715.0,6721.8,48087.0,90254.0,85708.0,KQ.m@CFFEX.IC,86400
1843,2021-07-09 00:00:00+08:00,1341.0,6708.2,6790.6,6671.8,6784.2,59992.0,85708.0,84885.0,KQ.m@CFFEX.IC,86400
1844,2021-07-12 00:00:00+08:00,1342.0,6810.8,6911.4,6807.6,6866.0,60799.0,84885.0,75760.0,KQ.m@CFFEX.IC,86400
1845,2021-07-13 00:00:00+08:00,1343.0,6868.8,6954.8,6864.8,6941.6,52063.0,75760.0,65835.0,KQ.m@CFFEX.IC,86400
1846,2021-07-14 00:00:00+08:00,1344.0,6930.8,6959.0,6874.6,6909.2,55330.0,65835.0,50769.0,KQ.m@CFFEX.IC,86400
1847,2021-07-15 00:00:00+08:00,1345.0,6844.4,6879.0,6796.2,6873.8,53526.0,50769.0,77685.0,KQ.m@CFFEX.IC,86400
1848,2021-07-16 00:00:00+08:00,1346.0,6873.2,6929.6,6855.0,6886.6,57449.0,77685.0,88600.0,KQ.m@CFFEX.IC,86400
1849,2021-07-19 00:00:00+08:00,1347.0,6878.6,6891.4,6817.4,6853.6,55622.0,88600.0,90270.0,KQ.m@CFFEX.IC,86400
1850,2021-07-20 00:00:00+08:00,1348.0,6814.4,6878.2,6804.4,6860.4,48946.0,90270.0,88093.0,KQ.m@CFFEX.IC,86400
1851,2021-07-21 00:00:00+08:00,1349.0,6893.0,6955.0,6884.4,6939.2,52663.0,88093.0,85246.0,KQ.m@CFFEX.IC,86400
1852,2021-07-22 00:00:00+08:00,1350.0,6950.0,6980.0,6922.0,6975.4,43879.0,85246.0,84484.0,KQ.m@CFFEX.IC,86400
1853,2021-07-23 00:00:00+08:00,1351.0,6981.8,6998.6,6921.0,6947.0,55917.0,84484.0,87385.0,KQ.m@CFFEX.IC,86400
1854,2021-07-26 00:00:00+08:00,1352.0,6940.2,6964.0,6760.6,6827.2,80783.0,87385.0,98867.0,KQ.m@CFFEX.IC,86400
1855,2021-07-27 00:00:00+08:00,1353.0,6841.0,6884.0,6707.2,6719.4,77504.0,98867.0,100599.0,KQ.m@CFFEX.IC,86400
1856,2021-07-28 00:00:00+08:00,1354.0,6731.6,6731.8,6562.8,6628.0,84492.0,100599.0,107873.0,KQ.m@CFFEX.IC,86400
1857,2021-07-29 00:00:00+08:00,1355.0,6709.8,6748.8,6661.2,6736.8,67938.0,107873.0,96327.0,KQ.m@CFFEX.IC,86400
1858,2021-07-30 00:00:00+08:00,1356.0,6718.0,6760.0,6679.8,6758.6,61581.0,96327.0,91968.0,KQ.m@CFFEX.IC,86400
1859,2021-08-02 00:00:00+08:00,1357.0,6755.0,6845.0,6718.2,6833.8,63858.0,91968.0,88057.0,KQ.m@CFFEX.IC,86400
1860,2021-08-03 00:00:00+08:00,1358.0,6814.6,6846.6,6778.0,6795.8,54753.0,88057.0,86009.0,KQ.m@CFFEX.IC,86400
1861,2021-08-04 00:00:00+08:00,1359.0,6797.4,6887.0,6794.0,6867.2,53926.0,86009.0,82557.0,KQ.m@CFFEX.IC,86400
1862,2021-08-05 00:00:00+08:00,1360.0,6858.0,6891.0,6827.0,6867.4,48105.0,82557.0,80557.0,KQ.m@CFFEX.IC,86400
1863,2021-08-06 00:00:00+08:00,1361.0,6881.0,6899.8,6842.2,6898.2,47336.0,80557.0,79136.0,KQ.m@CFFEX.IC,86400
1864,2021-08-09 00:00:00+08:00,1362.0,6875.0,6942.6,6844.0,6913.8,54684.0,79136.0,76729.0,KQ.m@CFFEX.IC,86400
1865,2021-08-10 00:00:00+08:00,1363.0,6908.6,6968.0,6903.0,6963.6,53779.0,76729.0,74477.0,KQ.m@CFFEX.IC,86400
1866,2021-08-11 00:00:00+08:00,1364.0,6967.2,7015.2,6945.8,6996.2,52016.0,74477.0,71846.0,KQ.m@CFFEX.IC,86400
1867,2021-08-12 00:00:00+08:00,1365.0,6984.0,7085.6,6982.2,7054.6,49394.0,71846.0,68571.0,KQ.m@CFFEX.IC,86400
1868,2021-08-13 00:00:00+08:00,1366.0,7028.8,7088.0,7011.2,7080.0,48344.0,68571.0,67415.0,KQ.m@CFFEX.IC,86400
1869,2021-08-16 00:00:00+08:00,1367.0,7074.8,7086.8,7015.6,7045.4,46550.0,67415.0,60386.0,KQ.m@CFFEX.IC,86400
1870,2021-08-17 00:00:00+08:00,1368.0,7038.2,7047.8,6871.2,6894.6,60120.0,60386.0,55000.0,KQ.m@CFFEX.IC,86400
1871,2021-08-18 00:00:00+08:00,1369.0,6895.2,6948.0,6862.0,6916.6,46417.0,55000.0,37343.0,KQ.m@CFFEX.IC,86400
1872,2021-08-19 00:00:00+08:00,1370.0,6854.8,6901.8,6796.8,6885.0,61205.0,37343.0,144386.0,KQ.m@CFFEX.IC,86400
1873,2021-08-20 00:00:00+08:00,1371.0,6875.0,6890.0,6789.4,6861.8,79190.0,144386.0,157080.0,KQ.m@CFFEX.IC,86400
1874,2021-08-23 00:00:00+08:00,1372.0,6892.0,6977.0,6890.0,6946.8,60658.0,157080.0,146446.0,KQ.m@CFFEX.IC,86400
1875,2021-08-24 00:00:00+08:00,1373.0,6949.6,7033.0,6932.8,7024.4,54549.0,146446.0,144281.0,KQ.m@CFFEX.IC,86400
1876,2021-08-25 00:00:00+08:00,1374.0,7028.4,7070.0,6991.8,7061.6,47970.0,144281.0,142614.0,KQ.m@CFFEX.IC,86400
1877,2021-08-26 00:00:00+08:00,1375.0,7062.6,7101.8,7035.0,7061.2,53492.0,142614.0,143208.0,KQ.m@CFFEX.IC,86400
1878,2021-08-27 00:00:00+08:00,1376.0,7038.8,7124.2,7030.6,7106.8,61973.0,143208.0,145668.0,KQ.m@CFFEX.IC,86400
1879,2021-08-30 00:00:00+08:00,1377.0,7128.8,7182.2,7100.0,7123.2,63830.0,145668.0,141262.0,KQ.m@CFFEX.IC,86400
1880,2021-08-31 00:00:00+08:00,1378.0,7124.6,7168.4,7085.0,7155.2,59148.0,141262.0,135876.0,KQ.m@CFFEX.IC,86400
1881,2021-09-01 00:00:00+08:00,1379.0,7170.2,7184.0,7037.6,7119.0,84425.0,135876.0,143700.0,KQ.m@CFFEX.IC,86400
1882,2021-09-02 00:00:00+08:00,1380.0,7099.4,7229.0,7095.2,7218.8,67904.0,143700.0,134165.0,KQ.m@CFFEX.IC,86400
1883,2021-09-03 00:00:00+08:00,1381.0,7244.8,7285.4,7163.8,7217.0,79983.0,134165.0,137934.0,KQ.m@CFFEX.IC,86400
1884,2021-09-06 00:00:00+08:00,1382.0,7225.4,7274.0,7182.2,7258.6,65388.0,137934.0,128089.0,KQ.m@CFFEX.IC,86400
1885,2021-09-07 00:00:00+08:00,1383.0,7265.8,7454.2,7255.0,7444.8,75475.0,128089.0,125479.0,KQ.m@CFFEX.IC,86400
1886,2021-09-08 00:00:00+08:00,1384.0,7447.4,7503.6,7442.0,7482.4,58525.0,125479.0,115142.0,KQ.m@CFFEX.IC,86400
1887,2021-09-09 00:00:00+08:00,1385.0,7480.0,7567.8,7466.0,7560.8,57418.0,115142.0,112382.0,KQ.m@CFFEX.IC,86400
1888,2021-09-10 00:00:00+08:00,1386.0,7551.2,7624.0,7534.2,7593.8,68820.0,112382.0,105957.0,KQ.m@CFFEX.IC,86400
1889,2021-09-13 00:00:00+08:00,1387.0,7605.0,7618.0,7531.8,7596.4,64312.0,105957.0,96627.0,KQ.m@CFFEX.IC,86400
1890,2021-09-14 00:00:00+08:00,1388.0,7575.0,7680.2,7513.0,7545.2,81126.0,96627.0,86689.0,KQ.m@CFFEX.IC,86400
1891,2021-09-15 00:00:00+08:00,1389.0,7544.0,7624.0,7515.0,7571.8,69850.0,86689.0,61881.0,KQ.m@CFFEX.IC,86400
1892,2021-09-16 00:00:00+08:00,1390.0,7542.6,7588.0,7350.0,7363.4,70958.0,61881.0,89115.0,KQ.m@CFFEX.IC,86400
1893,2021-09-17 00:00:00+08:00,1391.0,7355.4,7415.8,7238.2,7321.0,82181.0,89115.0,101846.0,KQ.m@CFFEX.IC,86400
1894,2021-09-22 00:00:00+08:00,1392.0,7270.0,7402.2,7256.6,7385.8,63541.0,101846.0,96041.0,KQ.m@CFFEX.IC,86400
1895,2021-09-23 00:00:00+08:00,1393.0,7437.4,7467.4,7377.0,7425.0,58439.0,96041.0,95312.0,KQ.m@CFFEX.IC,86400
1896,2021-09-24 00:00:00+08:00,1394.0,7412.0,7438.0,7350.2,7370.0,66709.0,95312.0,98051.0,KQ.m@CFFEX.IC,86400
1897,2021-09-27 00:00:00+08:00,1395.0,7393.8,7397.8,7135.4,7178.2,86567.0,98051.0,102364.0,KQ.m@CFFEX.IC,86400
1898,2021-09-28 00:00:00+08:00,1396.0,7180.2,7220.8,7152.2,7187.0,58056.0,102364.0,93643.0,KQ.m@CFFEX.IC,86400
1899,2021-09-29 00:00:00+08:00,1397.0,7139.2,7162.0,7008.2,7047.0,75803.0,93643.0,97414.0,KQ.m@CFFEX.IC,86400
1900,2021-09-30 00:00:00+08:00,1398.0,7066.4,7110.8,7039.2,7095.2,55408.0,97414.0,85413.0,KQ.m@CFFEX.IC,86400
1901,2021-10-08 00:00:00+08:00,1399.0,7168.2,7198.8,7045.8,7081.4,57105.0,85413.0,83939.0,KQ.m@CFFEX.IC,86400
1902,2021-10-11 00:00:00+08:00,1400.0,7092.0,7129.6,7040.2,7083.0,55726.0,83939.0,75874.0,KQ.m@CFFEX.IC,86400
1903,2021-10-12 00:00:00+08:00,1401.0,7065.0,7089.2,6903.2,6946.2,65272.0,75874.0,71855.0,KQ.m@CFFEX.IC,86400
1904,2021-10-13 00:00:00+08:00,1402.0,6953.2,7006.2,6900.0,6981.0,60444.0,71855.0,57473.0,KQ.m@CFFEX.IC,86400
1905,2021-10-14 00:00:00+08:00,1403.0,6922.2,6989.6,6901.4,6960.4,38011.0,57473.0,62552.0,KQ.m@CFFEX.IC,86400
1906,2021-10-15 00:00:00+08:00,1404.0,6972.0,7020.6,6933.8,7019.8,49469.0,62552.0,78025.0,KQ.m@CFFEX.IC,86400
1907,2021-10-18 00:00:00+08:00,1405.0,7010.0,7033.0,6945.2,7021.0,51745.0,78025.0,76814.0,KQ.m@CFFEX.IC,86400
1908,2021-10-19 00:00:00+08:00,1406.0,7018.0,7091.6,6998.8,7070.0,41351.0,76814.0,72486.0,KQ.m@CFFEX.IC,86400
1909,2021-10-20 00:00:00+08:00,1407.0,7040.8,7118.8,7020.0,7075.6,42674.0,72486.0,75072.0,KQ.m@CFFEX.IC,86400
1910,2021-10-21 00:00:00+08:00,1408.0,7088.0,7103.6,7012.8,7054.0,42525.0,75072.0,73958.0,KQ.m@CFFEX.IC,86400
1911,2021-10-22 00:00:00+08:00,1409.0,7051.0,7075.0,6992.0,7004.2,47215.0,73958.0,77968.0,KQ.m@CFFEX.IC,86400
1912,2021-10-25 00:00:00+08:00,1410.0,7001.0,7071.0,6979.2,7059.0,42161.0,77968.0,74674.0,KQ.m@CFFEX.IC,86400
1913,2021-10-26 00:00:00+08:00,1411.0,7078.2,7125.0,7030.0,7063.6,43661.0,74674.0,74473.0,KQ.m@CFFEX.IC,86400
1914,2021-10-27 00:00:00+08:00,1412.0,7046.0,7064.0,6966.2,6998.0,43185.0,74473.0,73481.0,KQ.m@CFFEX.IC,86400
1915,2021-10-28 00:00:00+08:00,1413.0,6988.2,7003.4,6916.0,6941.0,50015.0,73481.0,78841.0,KQ.m@CFFEX.IC,86400
1916,2021-10-29 00:00:00+08:00,1414.0,6943.2,7017.8,6913.6,7015.4,48458.0,78841.0,77552.0,KQ.m@CFFEX.IC,86400
1917,2021-11-01 00:00:00+08:00,1415.0,6996.4,7072.6,6986.0,7043.6,43755.0,77552.0,76227.0,KQ.m@CFFEX.IC,86400
1918,2021-11-02 00:00:00+08:00,1416.0,7043.8,7096.0,6916.8,6988.6,55373.0,76227.0,80039.0,KQ.m@CFFEX.IC,86400
1919,2021-11-03 00:00:00+08:00,1417.0,6981.6,7048.4,6973.2,7009.4,51286.0,80039.0,78779.0,KQ.m@CFFEX.IC,86400
1920,2021-11-04 00:00:00+08:00,1418.0,7025.0,7075.2,7017.0,7066.2,38780.0,78779.0,73062.0,KQ.m@CFFEX.IC,86400
1921,2021-11-05 00:00:00+08:00,1419.0,7061.6,7079.0,7000.2,7003.6,44865.0,73062.0,74568.0,KQ.m@CFFEX.IC,86400
1922,2021-11-08 00:00:00+08:00,1420.0,7003.2,7045.6,6979.0,7022.2,41849.0,74568.0,69762.0,KQ.m@CFFEX.IC,86400
1923,2021-11-09 00:00:00+08:00,1421.0,7043.0,7091.0,7024.2,7071.2,40988.0,69762.0,66149.0,KQ.m@CFFEX.IC,86400
1924,2021-11-10 00:00:00+08:00,1422.0,7053.8,7066.8,6955.0,7055.6,52657.0,66149.0,66976.0,KQ.m@CFFEX.IC,86400
1925,2021-11-11 00:00:00+08:00,1423.0,7045.6,7119.8,7042.4,7114.0,43100.0,66976.0,59838.0,KQ.m@CFFEX.IC,86400
1926,2021-11-12 00:00:00+08:00,1424.0,7119.0,7176.8,7114.2,7165.0,35564.0,59838.0,58029.0,KQ.m@CFFEX.IC,86400
1927,2021-11-15 00:00:00+08:00,1425.0,7175.0,7193.0,7081.6,7104.8,40996.0,58029.0,53527.0,KQ.m@CFFEX.IC,86400
1928,2021-11-16 00:00:00+08:00,1426.0,7093.2,7132.0,7045.0,7054.8,35595.0,53527.0,44812.0,KQ.m@CFFEX.IC,86400
1929,2021-11-17 00:00:00+08:00,1427.0,7053.8,7104.0,7036.2,7094.2,30333.0,44812.0,35169.0,KQ.m@CFFEX.IC,86400
1930,2021-11-18 00:00:00+08:00,1428.0,7065.0,7107.0,7022.4,7056.0,48653.0,35169.0,139478.0,KQ.m@CFFEX.IC,86400
1931,2021-11-19 00:00:00+08:00,1429.0,7058.4,7172.4,7047.8,7170.0,60691.0,139478.0,150436.0,KQ.m@CFFEX.IC,86400
1932,2021-11-22 00:00:00+08:00,1430.0,7176.8,7238.0,7174.6,7210.2,48450.0,150436.0,146246.0,KQ.m@CFFEX.IC,86400
1933,2021-11-23 00:00:00+08:00,1431.0,7209.2,7253.0,7206.6,7225.0,38807.0,146246.0,142233.0,KQ.m@CFFEX.IC,86400
1934,2021-11-24 00:00:00+08:00,1432.0,7225.2,7253.0,7206.2,7221.4,40744.0,142233.0,142464.0,KQ.m@CFFEX.IC,86400
1935,2021-11-25 00:00:00+08:00,1433.0,7226.6,7235.2,7200.2,7218.0,34489.0,142464.0,138158.0,KQ.m@CFFEX.IC,86400
1936,2021-11-26 00:00:00+08:00,1434.0,7201.2,7235.0,7163.8,7196.4,46212.0,138158.0,141114.0,KQ.m@CFFEX.IC,86400
1937,2021-11-29 00:00:00+08:00,1435.0,7137.6,7219.8,7136.4,7215.2,51020.0,141114.0,139932.0,KQ.m@CFFEX.IC,86400
1938,2021-11-30 00:00:00+08:00,1436.0,7235.2,7259.4,7184.2,7221.2,52712.0,139932.0,137782.0,KQ.m@CFFEX.IC,86400
1939,2021-12-01 00:00:00+08:00,1437.0,7216.2,7271.0,7201.6,7267.2,48486.0,137782.0,132811.0,KQ.m@CFFEX.IC,86400
1940,2021-12-02 00:00:00+08:00,1438.0,7252.0,7263.0,7190.0,7215.2,54222.0,132811.0,130025.0,KQ.m@CFFEX.IC,86400
1941,2021-12-03 00:00:00+08:00,1439.0,7215.0,7288.0,7206.8,7288.0,51789.0,130025.0,122941.0,KQ.m@CFFEX.IC,86400
1942,2021-12-06 00:00:00+08:00,1440.0,7287.0,7296.6,7212.2,7215.2,50416.0,122941.0,118648.0,KQ.m@CFFEX.IC,86400
1943,2021-12-07 00:00:00+08:00,1441.0,7240.8,7246.6,7132.2,7177.2,62768.0,118648.0,119044.0,KQ.m@CFFEX.IC,86400
1944,2021-12-08 00:00:00+08:00,1442.0,7193.0,7282.8,7186.4,7277.6,56470.0,119044.0,107546.0,KQ.m@CFFEX.IC,86400
1945,2021-12-09 00:00:00+08:00,1443.0,7271.8,7330.0,7264.4,7302.4,51752.0,107546.0,101956.0,KQ.m@CFFEX.IC,86400
1946,2021-12-10 00:00:00+08:00,1444.0,7288.4,7336.6,7276.0,7322.0,47047.0,101956.0,93005.0,KQ.m@CFFEX.IC,86400
1947,2021-12-13 00:00:00+08:00,1445.0,7345.6,7369.0,7313.8,7334.6,49477.0,93005.0,82496.0,KQ.m@CFFEX.IC,86400
1948,2021-12-14 00:00:00+08:00,1446.0,7324.4,7354.0,7318.8,7332.2,43192.0,82496.0,69339.0,KQ.m@CFFEX.IC,86400
1949,2021-12-15 00:00:00+08:00,1447.0,7332.4,7359.0,7303.0,7314.6,45689.0,69339.0,51321.0,KQ.m@CFFEX.IC,86400
1950,2021-12-16 00:00:00+08:00,1448.0,7295.0,7358.8,7294.6,7353.0,42983.0,51321.0,72542.0,KQ.m@CFFEX.IC,86400
1951,2021-12-17 00:00:00+08:00,1449.0,7353.0,7358.6,7285.0,7316.0,51820.0,72542.0,85508.0,KQ.m@CFFEX.IC,86400
1952,2021-12-20 00:00:00+08:00,1450.0,7298.4,7314.0,7205.0,7230.0,53416.0,85508.0,92440.0,KQ.m@CFFEX.IC,86400
1953,2021-12-21 00:00:00+08:00,1451.0,7226.6,7305.0,7223.0,7268.8,46381.0,92440.0,86997.0,KQ.m@CFFEX.IC,86400
1954,2021-12-22 00:00:00+08:00,1452.0,7282.2,7316.6,7272.2,7297.0,34338.0,86997.0,84133.0,KQ.m@CFFEX.IC,86400
1955,2021-12-23 00:00:00+08:00,1453.0,7301.2,7365.0,7285.6,7342.8,41111.0,84133.0,87273.0,KQ.m@CFFEX.IC,86400
1956,2021-12-24 00:00:00+08:00,1454.0,7340.8,7345.4,7272.0,7309.4,48422.0,87273.0,89080.0,KQ.m@CFFEX.IC,86400
1957,2021-12-27 00:00:00+08:00,1455.0,7300.0,7349.8,7290.2,7298.4,46180.0,89080.0,91494.0,KQ.m@CFFEX.IC,86400
1958,2021-12-28 00:00:00+08:00,1456.0,7306.4,7318.8,7260.6,7310.0,40970.0,91494.0,90181.0,KQ.m@CFFEX.IC,86400
1959,2021-12-29 00:00:00+08:00,1457.0,7302.4,7315.8,7275.0,7291.2,35897.0,90181.0,89851.0,KQ.m@CFFEX.IC,86400
1960,2021-12-30 00:00:00+08:00,1458.0,7291.4,7356.2,7284.6,7342.8,49146.0,89851.0,94072.0,KQ.m@CFFEX.IC,86400
1961,2021-12-31 00:00:00+08:00,1459.0,7347.6,7404.0,7344.0,7371.8,39588.0,94072.0,93717.0,KQ.m@CFFEX.IC,86400
1962,2022-01-04 00:00:00+08:00,1460.0,7396.6,7399.6,7317.8,7371.0,44534.0,93717.0,92724.0,KQ.m@CFFEX.IC,86400
1963,2022-01-05 00:00:00+08:00,1461.0,7361.0,7363.8,7214.4,7221.8,58880.0,92724.0,94931.0,KQ.m@CFFEX.IC,86400
1964,2022-01-06 00:00:00+08:00,1462.0,7197.0,7239.8,7167.6,7225.2,46624.0,94931.0,86111.0,KQ.m@CFFEX.IC,86400
1965,2022-01-07 00:00:00+08:00,1463.0,7231.6,7255.6,7183.0,7192.0,43406.0,86111.0,85895.0,KQ.m@CFFEX.IC,86400
1966,2022-01-10 00:00:00+08:00,1464.0,7181.2,7205.0,7140.0,7191.0,40528.0,85895.0,81912.0,KQ.m@CFFEX.IC,86400
1967,2022-01-11 00:00:00+08:00,1465.0,7191.6,7222.4,7130.2,7157.8,36357.0,81912.0,79391.0,KQ.m@CFFEX.IC,86400
1968,2022-01-12 00:00:00+08:00,1466.0,7175.6,7209.6,7156.6,7200.0,35300.0,79391.0,76584.0,KQ.m@CFFEX.IC,86400
1969,2022-01-13 00:00:00+08:00,1467.0,7209.2,7212.6,7110.8,7118.8,46382.0,76584.0,78758.0,KQ.m@CFFEX.IC,86400
1970,2022-01-14 00:00:00+08:00,1468.0,7087.4,7147.2,7066.4,7088.4,47356.0,78758.0,77582.0,KQ.m@CFFEX.IC,86400
1971,2022-01-17 00:00:00+08:00,1469.0,7093.2,7182.8,7090.0,7154.6,45558.0,77582.0,66349.0,KQ.m@CFFEX.IC,86400
1972,2022-01-18 00:00:00+08:00,1470.0,7164.8,7191.8,7132.2,7166.0,41825.0,66349.0,55643.0,KQ.m@CFFEX.IC,86400
1973,2022-01-19 00:00:00+08:00,1471.0,7162.4,7196.6,7083.0,7122.2,42362.0,55643.0,43550.0,KQ.m@CFFEX.IC,86400
1974,2022-01-20 00:00:00+08:00,1472.0,7133.0,7159.8,7057.2,7085.8,39388.0,43550.0,64018.0,KQ.m@CFFEX.IC,86400
1975,2022-01-21 00:00:00+08:00,1473.0,7075.4,7077.0,6988.8,7009.2,49307.0,64018.0,77434.0,KQ.m@CFFEX.IC,86400
1976,2022-01-24 00:00:00+08:00,1474.0,6976.0,7024.8,6942.2,7004.2,40129.0,77434.0,74437.0,KQ.m@CFFEX.IC,86400
1977,2022-01-25 00:00:00+08:00,1475.0,6991.4,6994.4,6752.2,6762.2,53145.0,74437.0,82857.0,KQ.m@CFFEX.IC,86400
1978,2022-01-26 00:00:00+08:00,1476.0,6791.0,6810.0,6747.2,6786.2,46549.0,82857.0,76410.0,KQ.m@CFFEX.IC,86400
1979,2022-01-27 00:00:00+08:00,1477.0,6772.0,6790.0,6603.8,6622.0,58744.0,76410.0,84398.0,KQ.m@CFFEX.IC,86400
1980,2022-01-28 00:00:00+08:00,1478.0,6674.0,6681.6,6498.0,6561.0,61191.0,84398.0,80855.0,KQ.m@CFFEX.IC,86400
1981,2022-02-07 00:00:00+08:00,1479.0,6650.8,6697.0,6638.0,6661.6,42956.0,80855.0,72778.0,KQ.m@CFFEX.IC,86400
1982,2022-02-08 00:00:00+08:00,1480.0,6668.0,6747.2,6594.0,6742.4,49481.0,72778.0,76035.0,KQ.m@CFFEX.IC,86400
1983,2022-02-09 00:00:00+08:00,1481.0,6740.0,6848.6,6733.0,6841.8,44755.0,76035.0,69129.0,KQ.m@CFFEX.IC,86400
1984,2022-02-10 00:00:00+08:00,1482.0,6836.4,6861.6,6801.0,6836.4,35093.0,69129.0,65908.0,KQ.m@CFFEX.IC,86400
1985,2022-02-11 00:00:00+08:00,1483.0,6814.4,6845.6,6735.2,6753.8,43387.0,65908.0,66091.0,KQ.m@CFFEX.IC,86400
1986,2022-02-14 00:00:00+08:00,1484.0,6727.4,6779.8,6675.4,6699.2,45982.0,66091.0,61247.0,KQ.m@CFFEX.IC,86400
1987,2022-02-15 00:00:00+08:00,1485.0,6708.8,6759.8,6685.0,6755.4,39186.0,61247.0,50990.0,KQ.m@CFFEX.IC,86400
1988,2022-02-16 00:00:00+08:00,1486.0,6779.6,6787.0,6741.8,6767.4,34751.0,50990.0,38470.0,KQ.m@CFFEX.IC,86400
1989,2022-02-17 00:00:00+08:00,1487.0,6760.4,6804.4,6723.4,6764.0,48586.0,38470.0,142103.0,KQ.m@CFFEX.IC,86400
1990,2022-02-18 00:00:00+08:00,1488.0,6736.4,6836.8,6733.2,6829.4,53824.0,142103.0,147682.0,KQ.m@CFFEX.IC,86400
1991,2022-02-21 00:00:00+08:00,1489.0,6831.2,6864.6,6810.0,6843.2,43717.0,147682.0,144436.0,KQ.m@CFFEX.IC,86400
1992,2022-02-22 00:00:00+08:00,1490.0,6810.2,6816.6,6730.0,6785.6,56536.0,144436.0,146254.0,KQ.m@CFFEX.IC,86400
1993,2022-02-23 00:00:00+08:00,1491.0,6786.0,6885.2,6785.0,6885.2,46793.0,146254.0,137502.0,KQ.m@CFFEX.IC,86400
1994,2022-02-24 00:00:00+08:00,1492.0,6854.0,6887.6,6695.6,6773.6,74534.0,137502.0,146235.0,KQ.m@CFFEX.IC,86400
1995,2022-02-25 00:00:00+08:00,1493.0,6818.8,6910.8,6800.6,6818.2,68289.0,146235.0,138533.0,KQ.m@CFFEX.IC,86400
1996,2022-02-28 00:00:00+08:00,1494.0,6820.0,6857.0,6767.2,6848.0,55006.0,138533.0,134208.0,KQ.m@CFFEX.IC,86400
1997,2022-03-01 00:00:00+08:00,1495.0,6868.2,6891.0,6824.0,6858.6,50161.0,134208.0,128542.0,KQ.m@CFFEX.IC,86400
1998,2022-03-02 00:00:00+08:00,1496.0,6839.0,6877.0,6812.2,6867.4,41792.0,128542.0,122730.0,KQ.m@CFFEX.IC,86400
1999,2022-03-03 00:00:00+08:00,1497.0,6897.8,6909.6,6829.0,6853.4,43508.0,122730.0,121810.0,KQ.m@CFFEX.IC,86400
2000,2022-03-04 00:00:00+08:00,1498.0,6813.0,6877.8,6784.0,6817.0,59745.0,121810.0,126239.0,KQ.m@CFFEX.IC,86400
2001,2022-03-07 00:00:00+08:00,1499.0,6783.0,6786.8,6623.0,6660.6,65651.0,126239.0,121691.0,KQ.m@CFFEX.IC,86400
2002,2022-03-08 00:00:00+08:00,1500.0,6655.6,6666.6,6383.6,6395.8,83404.0,121691.0,124821.0,KQ.m@CFFEX.IC,86400
2003,2022-03-09 00:00:00+08:00,1501.0,6427.6,6445.6,5995.8,6280.8,97004.0,124821.0,117260.0,KQ.m@CFFEX.IC,86400
2004,2022-03-10 00:00:00+08:00,1502.0,6408.6,6456.0,6357.8,6376.2,70357.0,117260.0,103990.0,KQ.m@CFFEX.IC,86400
2005,2022-03-11 00:00:00+08:00,1503.0,6298.2,6488.2,6233.0,6481.2,83910.0,103990.0,100720.0,KQ.m@CFFEX.IC,86400
2006,2022-03-14 00:00:00+08:00,1504.0,6425.0,6495.0,6312.0,6312.6,77472.0,100720.0,88107.0,KQ.m@CFFEX.IC,86400
2007,2022-03-15 00:00:00+08:00,1505.0,6261.0,6283.0,5864.2,5903.0,96888.0,88107.0,77179.0,KQ.m@CFFEX.IC,86400
2008,2022-03-16 00:00:00+08:00,1506.0,6041.8,6175.2,5792.0,6153.2,93028.0,77179.0,59298.0,KQ.m@CFFEX.IC,86400
2009,2022-03-17 00:00:00+08:00,1507.0,6224.0,6345.0,6195.0,6225.2,63198.0,59298.0,96081.0,KQ.m@CFFEX.IC,86400
2010,2022-03-18 00:00:00+08:00,1508.0,6206.0,6320.8,6188.0,6293.0,66762.0,96081.0,104250.0,KQ.m@CFFEX.IC,86400
2011,2022-03-21 00:00:00+08:00,1509.0,6297.4,6347.2,6212.2,6304.6,67496.0,104250.0,105407.0,KQ.m@CFFEX.IC,86400
2012,2022-03-22 00:00:00+08:00,1510.0,6296.4,6377.6,6253.4,6308.0,56983.0,105407.0,104284.0,KQ.m@CFFEX.IC,86400
2013,2022-03-23 00:00:00+08:00,1511.0,6325.0,6389.6,6302.0,6352.6,54230.0,104284.0,105188.0,KQ.m@CFFEX.IC,86400
2014,2022-03-24 00:00:00+08:00,1512.0,6326.6,6349.0,6276.6,6299.8,56485.0,105188.0,104151.0,KQ.m@CFFEX.IC,86400
2015,2022-03-25 00:00:00+08:00,1513.0,6305.6,6342.2,6208.4,6211.0,58999.0,104151.0,105048.0,KQ.m@CFFEX.IC,86400
2016,2022-03-28 00:00:00+08:00,1514.0,6171.4,6296.6,6122.6,6258.8,69433.0,105048.0,108904.0,KQ.m@CFFEX.IC,86400
2017,2022-03-29 00:00:00+08:00,1515.0,6261.6,6289.8,6196.4,6216.0,56475.0,108904.0,104972.0,KQ.m@CFFEX.IC,86400
2018,2022-03-30 00:00:00+08:00,1516.0,6248.0,6378.0,6243.0,6375.0,65451.0,104972.0,103567.0,KQ.m@CFFEX.IC,86400
2019,2022-03-31 00:00:00+08:00,1517.0,6357.0,6370.2,6301.0,6318.6,48550.0,103567.0,95851.0,KQ.m@CFFEX.IC,86400
2020,2022-04-01 00:00:00+08:00,1518.0,6288.0,6377.0,6278.2,6368.4,54564.0,95851.0,93892.0,KQ.m@CFFEX.IC,86400
2021,2022-04-06 00:00:00+08:00,1519.0,6352.2,6358.0,6256.2,6349.0,53424.0,93892.0,90137.0,KQ.m@CFFEX.IC,86400
2022,2022-04-07 00:00:00+08:00,1520.0,6317.0,6350.8,6186.8,6195.4,66266.0,90137.0,94177.0,KQ.m@CFFEX.IC,86400
2023,2022-04-08 00:00:00+08:00,1521.0,6201.0,6214.6,6079.4,6210.0,69162.0,94177.0,91359.0,KQ.m@CFFEX.IC,86400
2024,2022-04-11 00:00:00+08:00,1522.0,6164.8,6169.0,5980.2,6007.0,76655.0,91359.0,89529.0,KQ.m@CFFEX.IC,86400
2025,2022-04-12 00:00:00+08:00,1523.0,6003.8,6144.2,5951.4,6130.4,82286.0,89529.0,71166.0,KQ.m@CFFEX.IC,86400
2026,2022-04-13 00:00:00+08:00,1524.0,6093.8,6124.8,6031.2,6045.0,62057.0,71166.0,52627.0,KQ.m@CFFEX.IC,86400
2027,2022-04-14 00:00:00+08:00,1525.0,6041.8,6134.0,6023.6,6087.4,59748.0,52627.0,86628.0,KQ.m@CFFEX.IC,86400
2028,2022-04-15 00:00:00+08:00,1526.0,6049.8,6084.6,6000.8,6018.0,71121.0,86628.0,100720.0,KQ.m@CFFEX.IC,86400
2029,2022-04-18 00:00:00+08:00,1527.0,5964.4,6077.4,5919.8,6051.0,67566.0,100720.0,98149.0,KQ.m@CFFEX.IC,86400
2030,2022-04-19 00:00:00+08:00,1528.0,6042.8,6087.8,6021.2,6066.6,52752.0,98149.0,94798.0,KQ.m@CFFEX.IC,86400
2031,2022-04-20 00:00:00+08:00,1529.0,6061.6,6082.4,5902.0,5904.2,66735.0,94798.0,102728.0,KQ.m@CFFEX.IC,86400
2032,2022-04-21 00:00:00+08:00,1530.0,5901.0,5936.6,5692.8,5719.4,87203.0,102728.0,108188.0,KQ.m@CFFEX.IC,86400
2033,2022-04-22 00:00:00+08:00,1531.0,5692.6,5765.6,5614.4,5686.6,83917.0,108188.0,107542.0,KQ.m@CFFEX.IC,86400
2034,2022-04-25 00:00:00+08:00,1532.0,5563.0,5616.8,5286.0,5316.8,101696.0,107542.0,114732.0,KQ.m@CFFEX.IC,86400
2035,2022-04-26 00:00:00+08:00,1533.0,5339.0,5412.0,5151.2,5170.8,110257.0,114732.0,114632.0,KQ.m@CFFEX.IC,86400
2036,2022-04-27 00:00:00+08:00,1534.0,5140.0,5414.6,5117.4,5414.4,117718.0,114632.0,114127.0,KQ.m@CFFEX.IC,86400
2037,2022-04-28 00:00:00+08:00,1535.0,5390.0,5426.0,5277.4,5393.0,101020.0,114127.0,110520.0,KQ.m@CFFEX.IC,86400
2038,2022-04-29 00:00:00+08:00,1536.0,5434.6,5627.6,5391.4,5619.0,106874.0,110520.0,103391.0,KQ.m@CFFEX.IC,86400
2039,2022-05-05 00:00:00+08:00,1537.0,5599.0,5701.8,5590.0,5652.2,67189.0,103391.0,94428.0,KQ.m@CFFEX.IC,86400
2040,2022-05-06 00:00:00+08:00,1538.0,5536.6,5598.8,5495.0,5504.2,82151.0,94428.0,102168.0,KQ.m@CFFEX.IC,86400
2041,2022-05-09 00:00:00+08:00,1539.0,5480.6,5591.2,5475.2,5547.0,63529.0,102168.0,93698.0,KQ.m@CFFEX.IC,86400
2042,2022-05-10 00:00:00+08:00,1540.0,5478.0,5688.0,5442.2,5672.2,90586.0,93698.0,99140.0,KQ.m@CFFEX.IC,86400
2043,2022-05-11 00:00:00+08:00,1541.0,5674.6,5844.0,5663.2,5702.4,90161.0,99140.0,92608.0,KQ.m@CFFEX.IC,86400
2044,2022-05-12 00:00:00+08:00,1542.0,5682.8,5769.0,5655.4,5718.2,73653.0,92608.0,88535.0,KQ.m@CFFEX.IC,86400
2045,2022-05-13 00:00:00+08:00,1543.0,5754.0,5787.8,5703.0,5782.4,65806.0,88535.0,82261.0,KQ.m@CFFEX.IC,86400
2046,2022-05-16 00:00:00+08:00,1544.0,5825.0,5851.0,5722.6,5750.0,62973.0,82261.0,76187.0,KQ.m@CFFEX.IC,86400
2047,2022-05-17 00:00:00+08:00,1545.0,5758.0,5799.8,5707.0,5797.0,58264.0,76187.0,65686.0,KQ.m@CFFEX.IC,86400
2048,2022-05-18 00:00:00+08:00,1546.0,5798.4,5844.0,5758.0,5783.8,55205.0,65686.0,49994.0,KQ.m@CFFEX.IC,86400
2049,2022-05-19 00:00:00+08:00,1547.0,5661.0,5783.0,5642.4,5781.2,88364.0,49994.0,172967.0,KQ.m@CFFEX.IC,86400
2050,2022-05-20 00:00:00+08:00,1548.0,5802.0,5893.6,5777.0,5891.2,96546.0,172967.0,179287.0,KQ.m@CFFEX.IC,86400
2051,2022-05-23 00:00:00+08:00,1549.0,5893.0,5914.8,5842.6,5888.0,71117.0,179287.0,175386.0,KQ.m@CFFEX.IC,86400
2052,2022-05-24 00:00:00+08:00,1550.0,5878.0,5891.8,5666.0,5678.2,96376.0,175386.0,180863.0,KQ.m@CFFEX.IC,86400
2053,2022-05-25 00:00:00+08:00,1551.0,5689.4,5774.6,5668.4,5768.6,81061.0,180863.0,174154.0,KQ.m@CFFEX.IC,86400
2054,2022-05-26 00:00:00+08:00,1552.0,5759.2,5873.0,5676.4,5852.8,97497.0,174154.0,180260.0,KQ.m@CFFEX.IC,86400
2055,2022-05-27 00:00:00+08:00,1553.0,5881.2,5911.6,5802.0,5845.0,86119.0,180260.0,174431.0,KQ.m@CFFEX.IC,86400
2056,2022-05-30 00:00:00+08:00,1554.0,5866.6,5877.6,5804.6,5872.4,70819.0,174431.0,172074.0,KQ.m@CFFEX.IC,86400
2057,2022-05-31 00:00:00+08:00,1555.0,5863.0,5997.8,5820.0,5975.0,88454.0,172074.0,174481.0,KQ.m@CFFEX.IC,86400
2058,2022-06-01 00:00:00+08:00,1556.0,5956.4,6001.0,5916.0,5970.0,73091.0,174481.0,167026.0,KQ.m@CFFEX.IC,86400
2059,2022-06-02 00:00:00+08:00,1557.0,5948.0,6059.8,5932.4,6050.2,77126.0,167026.0,166362.0,KQ.m@CFFEX.IC,86400
2060,2022-06-06 00:00:00+08:00,1558.0,6050.2,6186.4,6031.2,6157.8,90628.0,166362.0,158762.0,KQ.m@CFFEX.IC,86400
2061,2022-06-07 00:00:00+08:00,1559.0,6148.8,6172.4,6120.8,6148.0,72699.0,158762.0,146007.0,KQ.m@CFFEX.IC,86400
2062,2022-06-08 00:00:00+08:00,1560.0,6157.4,6214.0,6090.0,6190.0,90882.0,146007.0,142672.0,KQ.m@CFFEX.IC,86400
2063,2022-06-09 00:00:00+08:00,1561.0,6181.2,6191.0,6054.4,6119.8,85928.0,142672.0,134330.0,KQ.m@CFFEX.IC,86400
2064,2022-06-10 00:00:00+08:00,1562.0,6081.6,6260.0,6077.0,6250.4,92011.0,134330.0,126044.0,KQ.m@CFFEX.IC,86400
2065,2022-06-13 00:00:00+08:00,1563.0,6202.0,6248.8,6156.8,6217.8,94831.0,126044.0,114212.0,KQ.m@CFFEX.IC,86400
2066,2022-06-14 00:00:00+08:00,1564.0,6161.0,6288.0,6044.6,6281.2,112358.0,114212.0,98615.0,KQ.m@CFFEX.IC,86400
2067,2022-06-15 00:00:00+08:00,1565.0,6288.2,6413.8,6245.6,6251.6,94719.0,98615.0,69750.0,KQ.m@CFFEX.IC,86400
2068,2022-06-16 00:00:00+08:00,1566.0,6240.0,6298.0,6204.2,6211.6,68642.0,69750.0,107003.0,KQ.m@CFFEX.IC,86400
2069,2022-06-17 00:00:00+08:00,1567.0,6183.8,6305.0,6121.0,6282.4,98689.0,107003.0,129198.0,KQ.m@CFFEX.IC,86400
2070,2022-06-20 00:00:00+08:00,1568.0,6289.2,6328.6,6217.2,6265.0,79527.0,129198.0,122877.0,KQ.m@CFFEX.IC,86400
2071,2022-06-21 00:00:00+08:00,1569.0,6271.0,6288.8,6171.6,6224.2,87241.0,122877.0,126487.0,KQ.m@CFFEX.IC,86400
2072,2022-06-22 00:00:00+08:00,1570.0,6229.6,6237.8,6105.0,6115.2,89042.0,126487.0,127364.0,KQ.m@CFFEX.IC,86400
2073,2022-06-23 00:00:00+08:00,1571.0,6136.2,6278.2,6104.0,6273.2,87903.0,127364.0,127299.0,KQ.m@CFFEX.IC,86400
2074,2022-06-24 00:00:00+08:00,1572.0,6280.0,6361.8,6267.8,6348.6,80519.0,127299.0,125766.0,KQ.m@CFFEX.IC,86400
2075,2022-06-27 00:00:00+08:00,1573.0,6375.0,6431.2,6356.0,6363.6,77852.0,125766.0,124617.0,KQ.m@CFFEX.IC,86400
2076,2022-06-28 00:00:00+08:00,1574.0,6374.6,6496.0,6359.0,6477.0,69100.0,124617.0,121404.0,KQ.m@CFFEX.IC,86400
2077,2022-06-29 00:00:00+08:00,1575.0,6470.0,6482.6,6353.4,6382.2,83096.0,121404.0,126899.0,KQ.m@CFFEX.IC,86400
2078,2022-06-30 00:00:00+08:00,1576.0,6392.8,6472.2,6390.0,6425.8,84539.0,126899.0,121954.0,KQ.m@CFFEX.IC,86400
2079,2022-07-01 00:00:00+08:00,1577.0,6426.0,6464.0,6398.6,6413.2,64265.0,121954.0,117152.0,KQ.m@CFFEX.IC,86400
2080,2022-07-04 00:00:00+08:00,1578.0,6405.6,6496.4,6363.4,6491.8,65376.0,117152.0,113932.0,KQ.m@CFFEX.IC,86400
2081,2022-07-05 00:00:00+08:00,1579.0,6517.8,6532.4,6400.2,6476.4,82799.0,113932.0,115631.0,KQ.m@CFFEX.IC,86400
2082,2022-07-06 00:00:00+08:00,1580.0,6456.0,6476.8,6335.0,6401.6,77358.0,115631.0,109115.0,KQ.m@CFFEX.IC,86400
2083,2022-07-07 00:00:00+08:00,1581.0,6400.0,6473.8,6365.4,6421.6,69132.0,109115.0,104171.0,KQ.m@CFFEX.IC,86400
2084,2022-07-08 00:00:00+08:00,1582.0,6452.0,6468.8,6382.4,6383.2,65061.0,104171.0,98193.0,KQ.m@CFFEX.IC,86400
2085,2022-07-11 00:00:00+08:00,1583.0,6366.6,6367.8,6260.0,6303.8,72028.0,98193.0,93012.0,KQ.m@CFFEX.IC,86400
2086,2022-07-12 00:00:00+08:00,1584.0,6308.4,6338.0,6218.2,6225.6,74492.0,93012.0,80126.0,KQ.m@CFFEX.IC,86400
2087,2022-07-13 00:00:00+08:00,1585.0,6241.0,6274.8,6201.0,6240.2,68177.0,80126.0,60918.0,KQ.m@CFFEX.IC,86400
2088,2022-07-14 00:00:00+08:00,1586.0,6205.0,6295.8,6192.6,6266.4,54473.0,60918.0,79955.0,KQ.m@CFFEX.IC,86400
2089,2022-07-15 00:00:00+08:00,1587.0,6263.0,6292.0,6140.0,6142.4,75733.0,79955.0,100444.0,KQ.m@CFFEX.IC,86400
2090,2022-07-18 00:00:00+08:00,1588.0,6162.4,6291.8,6156.8,6270.0,70024.0,100444.0,98948.0,KQ.m@CFFEX.IC,86400
2091,2022-07-19 00:00:00+08:00,1589.0,6275.4,6309.0,6233.0,6287.4,61595.0,98948.0,96321.0,KQ.m@CFFEX.IC,86400
2092,2022-07-20 00:00:00+08:00,1590.0,6313.4,6394.6,6311.0,6373.0,54327.0,96321.0,95002.0,KQ.m@CFFEX.IC,86400
2093,2022-07-21 00:00:00+08:00,1591.0,6364.0,6377.8,6306.4,6310.2,53774.0,95002.0,93001.0,KQ.m@CFFEX.IC,86400
2094,2022-07-22 00:00:00+08:00,1592.0,6327.2,6347.0,6176.6,6244.8,76054.0,93001.0,96095.0,KQ.m@CFFEX.IC,86400
2095,2022-07-25 00:00:00+08:00,1593.0,6247.6,6279.8,6142.6,6173.6,64539.0,96095.0,92408.0,KQ.m@CFFEX.IC,86400
2096,2022-07-26 00:00:00+08:00,1594.0,6197.6,6296.6,6175.4,6273.4,61431.0,92408.0,89190.0,KQ.m@CFFEX.IC,86400
2097,2022-07-27 00:00:00+08:00,1595.0,6267.0,6317.0,6244.0,6298.0,47615.0,89190.0,87067.0,KQ.m@CFFEX.IC,86400
2098,2022-07-28 00:00:00+08:00,1596.0,6336.0,6381.0,6298.0,6305.6,56115.0,87067.0,88588.0,KQ.m@CFFEX.IC,86400
2099,2022-07-29 00:00:00+08:00,1597.0,6323.8,6343.8,6245.4,6255.2,55401.0,88588.0,86312.0,KQ.m@CFFEX.IC,86400
2100,2022-08-01 00:00:00+08:00,1598.0,6255.4,6318.0,6211.2,6311.4,55624.0,86312.0,86188.0,KQ.m@CFFEX.IC,86400
2101,2022-08-02 00:00:00+08:00,1599.0,6251.2,6251.6,6060.0,6167.4,94379.0,86188.0,98466.0,KQ.m@CFFEX.IC,86400
2102,2022-08-03 00:00:00+08:00,1600.0,6191.2,6257.4,6081.2,6102.6,72889.0,98466.0,87360.0,KQ.m@CFFEX.IC,86400
2103,2022-08-04 00:00:00+08:00,1601.0,6155.8,6157.0,6045.0,6124.4,68099.0,87360.0,86344.0,KQ.m@CFFEX.IC,86400
2104,2022-08-05 00:00:00+08:00,1602.0,6149.4,6267.0,6131.0,6258.0,63207.0,86344.0,81405.0,KQ.m@CFFEX.IC,86400
2105,2022-08-08 00:00:00+08:00,1603.0,6251.8,6304.8,6236.2,6291.4,42128.0,81405.0,76208.0,KQ.m@CFFEX.IC,86400
2106,2022-08-09 00:00:00+08:00,1604.0,6285.0,6316.0,6260.0,6309.4,40310.0,76208.0,74621.0,KQ.m@CFFEX.IC,86400
2107,2022-08-10 00:00:00+08:00,1605.0,6301.0,6337.8,6263.0,6291.0,43510.0,74621.0,74177.0,KQ.m@CFFEX.IC,86400
2108,2022-08-11 00:00:00+08:00,1606.0,6330.0,6436.8,6317.2,6426.2,52662.0,74177.0,72498.0,KQ.m@CFFEX.IC,86400
2109,2022-08-12 00:00:00+08:00,1607.0,6418.2,6449.2,6407.8,6418.4,41599.0,72498.0,64579.0,KQ.m@CFFEX.IC,86400
2110,2022-08-15 00:00:00+08:00,1608.0,6401.4,6469.2,6392.6,6429.0,45133.0,64579.0,61106.0,KQ.m@CFFEX.IC,86400
2111,2022-08-16 00:00:00+08:00,1609.0,6439.0,6498.6,6426.2,6454.0,43756.0,61106.0,52594.0,KQ.m@CFFEX.IC,86400
2112,2022-08-17 00:00:00+08:00,1610.0,6467.0,6511.8,6415.2,6492.4,44251.0,52594.0,40946.0,KQ.m@CFFEX.IC,86400
2113,2022-08-18 00:00:00+08:00,1611.0,6453.6,6459.0,6412.0,6439.0,44375.0,40946.0,155701.0,KQ.m@CFFEX.IC,86400
2114,2022-08-19 00:00:00+08:00,1612.0,6438.8,6457.0,6347.0,6350.2,65834.0,155701.0,170846.0,KQ.m@CFFEX.IC,86400
2115,2022-08-22 00:00:00+08:00,1613.0,6348.0,6450.0,6317.8,6428.6,61931.0,170846.0,166223.0,KQ.m@CFFEX.IC,86400
2116,2022-08-23 00:00:00+08:00,1614.0,6433.0,6436.2,6388.6,6432.0,50828.0,166223.0,163189.0,KQ.m@CFFEX.IC,86400
2117,2022-08-24 00:00:00+08:00,1615.0,6438.4,6442.4,6221.2,6247.4,79363.0,163189.0,172419.0,KQ.m@CFFEX.IC,86400
2118,2022-08-25 00:00:00+08:00,1616.0,6258.0,6284.8,6197.0,6278.4,72925.0,172419.0,165689.0,KQ.m@CFFEX.IC,86400
2119,2022-08-26 00:00:00+08:00,1617.0,6288.0,6339.6,6240.4,6269.0,61766.0,165689.0,161563.0,KQ.m@CFFEX.IC,86400
2120,2022-08-29 00:00:00+08:00,1618.0,6195.0,6291.8,6184.2,6272.0,64217.0,161563.0,158961.0,KQ.m@CFFEX.IC,86400
2121,2022-08-30 00:00:00+08:00,1619.0,6272.0,6282.8,6212.4,6267.0,57814.0,158961.0,157092.0,KQ.m@CFFEX.IC,86400
2122,2022-08-31 00:00:00+08:00,1620.0,6249.2,6265.6,6117.2,6139.4,83124.0,157092.0,164807.0,KQ.m@CFFEX.IC,86400
2123,2022-09-01 00:00:00+08:00,1621.0,6134.0,6194.0,6092.6,6115.0,66433.0,164807.0,154983.0,KQ.m@CFFEX.IC,86400
2124,2022-09-02 00:00:00+08:00,1622.0,6130.4,6169.6,6106.0,6130.2,63948.0,154983.0,149568.0,KQ.m@CFFEX.IC,86400
2125,2022-09-05 00:00:00+08:00,1623.0,6126.0,6174.6,6100.0,6158.4,64184.0,149568.0,141320.0,KQ.m@CFFEX.IC,86400
2126,2022-09-06 00:00:00+08:00,1624.0,6180.6,6279.2,6172.8,6272.6,67527.0,141320.0,133410.0,KQ.m@CFFEX.IC,86400
2127,2022-09-07 00:00:00+08:00,1625.0,6259.4,6304.8,6247.0,6293.0,49110.0,133410.0,121857.0,KQ.m@CFFEX.IC,86400
2128,2022-09-08 00:00:00+08:00,1626.0,6297.6,6304.4,6265.2,6269.6,46735.0,121857.0,118997.0,KQ.m@CFFEX.IC,86400
2129,2022-09-09 00:00:00+08:00,1627.0,6283.0,6328.8,6253.2,6314.6,57245.0,118997.0,109843.0,KQ.m@CFFEX.IC,86400
2130,2022-09-13 00:00:00+08:00,1628.0,6325.0,6355.0,6285.2,6292.6,62569.0,109843.0,95628.0,KQ.m@CFFEX.IC,86400
2131,2022-09-14 00:00:00+08:00,1629.0,6218.0,6279.0,6215.0,6252.8,69047.0,95628.0,72296.0,KQ.m@CFFEX.IC,86400
2132,2022-09-15 00:00:00+08:00,1630.0,6245.0,6250.0,6020.0,6068.0,65849.0,72296.0,90124.0,KQ.m@CFFEX.IC,86400
2133,2022-09-16 00:00:00+08:00,1631.0,6056.8,6079.6,5901.4,5918.0,76621.0,90124.0,106956.0,KQ.m@CFFEX.IC,86400
2134,2022-09-19 00:00:00+08:00,1632.0,5917.2,5931.2,5835.8,5876.8,64887.0,106956.0,106410.0,KQ.m@CFFEX.IC,86400
2135,2022-09-20 00:00:00+08:00,1633.0,5915.0,5984.6,5900.2,5918.6,52173.0,106410.0,101056.0,KQ.m@CFFEX.IC,86400
2136,2022-09-21 00:00:00+08:00,1634.0,5904.8,5976.8,5848.6,5949.2,57553.0,101056.0,104744.0,KQ.m@CFFEX.IC,86400
2137,2022-09-22 00:00:00+08:00,1635.0,5915.0,5992.4,5907.8,5938.6,53013.0,104744.0,99880.0,KQ.m@CFFEX.IC,86400
2138,2022-09-23 00:00:00+08:00,1636.0,5943.0,5957.0,5800.2,5873.4,76036.0,99880.0,112885.0,KQ.m@CFFEX.IC,86400
2139,2022-09-26 00:00:00+08:00,1637.0,5830.4,5929.8,5793.6,5804.4,68051.0,112885.0,104212.0,KQ.m@CFFEX.IC,86400
2140,2022-09-27 00:00:00+08:00,1638.0,5824.8,5927.0,5805.2,5912.6,63777.0,104212.0,99665.0,KQ.m@CFFEX.IC,86400
2141,2022-09-28 00:00:00+08:00,1639.0,5905.0,5912.0,5769.0,5772.0,69064.0,99665.0,102744.0,KQ.m@CFFEX.IC,86400
2142,2022-09-29 00:00:00+08:00,1640.0,5823.4,5866.0,5743.0,5790.8,64363.0,102744.0,99985.0,KQ.m@CFFEX.IC,86400
2143,2022-09-30 00:00:00+08:00,1641.0,5790.4,5816.4,5705.4,5710.2,64713.0,99985.0,101694.0,KQ.m@CFFEX.IC,86400
2144,2022-10-10 00:00:00+08:00,1642.0,5730.0,5772.0,5617.4,5639.8,62487.0,101694.0,98894.0,KQ.m@CFFEX.IC,86400
2145,2022-10-11 00:00:00+08:00,1643.0,5653.4,5715.4,5621.0,5682.8,59592.0,98894.0,98220.0,KQ.m@CFFEX.IC,86400
2146,2022-10-12 00:00:00+08:00,1644.0,5687.4,5830.2,5586.8,5812.8,81340.0,98220.0,102535.0,KQ.m@CFFEX.IC,86400
2147,2022-10-13 00:00:00+08:00,1645.0,5795.2,5878.4,5792.4,5830.2,59915.0,102535.0,90843.0,KQ.m@CFFEX.IC,86400
2148,2022-10-14 00:00:00+08:00,1646.0,5886.0,6012.4,5867.0,5983.8,68619.0,90843.0,87634.0,KQ.m@CFFEX.IC,86400
2149,2022-10-17 00:00:00+08:00,1647.0,5966.4,6036.0,5951.0,6002.4,53353.0,87634.0,73774.0,KQ.m@CFFEX.IC,86400
2150,2022-10-18 00:00:00+08:00,1648.0,6023.8,6080.0,5992.0,6035.2,53368.0,73774.0,65392.0,KQ.m@CFFEX.IC,86400
2151,2022-10-19 00:00:00+08:00,1649.0,6028.0,6048.2,5972.0,5981.2,48093.0,65392.0,49386.0,KQ.m@CFFEX.IC,86400
2152,2022-10-20 00:00:00+08:00,1650.0,5932.2,6026.4,5855.2,5938.0,56614.0,49386.0,77233.0,KQ.m@CFFEX.IC,86400
2153,2022-10-21 00:00:00+08:00,1651.0,5955.0,5985.2,5902.2,5943.8,62190.0,77233.0,87409.0,KQ.m@CFFEX.IC,86400
2154,2022-10-24 00:00:00+08:00,1652.0,5945.4,6082.0,5830.2,5897.2,78527.0,87409.0,96022.0,KQ.m@CFFEX.IC,86400
2155,2022-10-25 00:00:00+08:00,1653.0,5888.0,5936.8,5780.0,5863.6,79675.0,96022.0,99185.0,KQ.m@CFFEX.IC,86400
2156,2022-10-26 00:00:00+08:00,1654.0,5871.0,6035.2,5868.6,5975.8,75338.0,99185.0,93621.0,KQ.m@CFFEX.IC,86400
2157,2022-10-27 00:00:00+08:00,1655.0,5998.0,6039.8,5963.6,5971.2,58909.0,93621.0,91991.0,KQ.m@CFFEX.IC,86400
2158,2022-10-28 00:00:00+08:00,1656.0,5948.0,5952.4,5745.8,5771.0,75059.0,91991.0,98258.0,KQ.m@CFFEX.IC,86400
2159,2022-10-31 00:00:00+08:00,1657.0,5753.0,5874.6,5741.0,5805.0,72826.0,98258.0,94624.0,KQ.m@CFFEX.IC,86400
2160,2022-11-01 00:00:00+08:00,1658.0,5827.4,5974.4,5786.2,5965.4,86358.0,94624.0,96144.0,KQ.m@CFFEX.IC,86400
2161,2022-11-02 00:00:00+08:00,1659.0,5951.2,6038.2,5943.6,6001.4,56418.0,96144.0,84625.0,KQ.m@CFFEX.IC,86400
2162,2022-11-03 00:00:00+08:00,1660.0,5970.6,6026.6,5966.0,6003.0,47073.0,84625.0,82082.0,KQ.m@CFFEX.IC,86400
2163,2022-11-04 00:00:00+08:00,1661.0,6006.8,6181.4,6005.2,6156.2,63626.0,82082.0,83189.0,KQ.m@CFFEX.IC,86400
2164,2022-11-07 00:00:00+08:00,1662.0,6148.6,6182.8,6102.2,6136.4,52495.0,83189.0,75088.0,KQ.m@CFFEX.IC,86400
2165,2022-11-08 00:00:00+08:00,1663.0,6133.8,6148.8,6105.8,6144.8,42947.0,75088.0,70483.0,KQ.m@CFFEX.IC,86400
2166,2022-11-09 00:00:00+08:00,1664.0,6155.6,6196.4,6118.4,6123.2,43839.0,70483.0,69174.0,KQ.m@CFFEX.IC,86400
2167,2022-11-10 00:00:00+08:00,1665.0,6101.0,6132.0,6062.0,6106.0,48615.0,69174.0,66940.0,KQ.m@CFFEX.IC,86400
2168,2022-11-11 00:00:00+08:00,1666.0,6245.0,6281.0,6139.2,6139.6,66382.0,66940.0,70103.0,KQ.m@CFFEX.IC,86400
2169,2022-11-14 00:00:00+08:00,1667.0,6179.8,6213.0,6113.0,6126.4,52643.0,70103.0,61061.0,KQ.m@CFFEX.IC,86400
2170,2022-11-15 00:00:00+08:00,1668.0,6133.4,6246.0,6123.0,6231.2,50287.0,61061.0,51466.0,KQ.m@CFFEX.IC,86400
2171,2022-11-16 00:00:00+08:00,1669.0,6233.6,6266.0,6197.2,6206.4,37858.0,51466.0,37968.0,KQ.m@CFFEX.IC,86400
2172,2022-11-17 00:00:00+08:00,1670.0,6188.0,6229.2,6155.8,6226.8,55562.0,37968.0,167669.0,KQ.m@CFFEX.IC,86400
2173,2022-11-18 00:00:00+08:00,1671.0,6230.0,6272.2,6200.8,6215.6,62736.0,167669.0,175266.0,KQ.m@CFFEX.IC,86400
2174,2022-11-21 00:00:00+08:00,1672.0,6173.4,6218.0,6138.2,6204.2,60840.0,175266.0,176138.0,KQ.m@CFFEX.IC,86400
2175,2022-11-22 00:00:00+08:00,1673.0,6200.8,6206.0,6107.8,6136.6,69925.0,176138.0,174229.0,KQ.m@CFFEX.IC,86400
2176,2022-11-23 00:00:00+08:00,1674.0,6130.0,6162.0,6056.8,6128.6,68440.0,174229.0,172943.0,KQ.m@CFFEX.IC,86400
2177,2022-11-24 00:00:00+08:00,1675.0,6158.4,6168.6,6103.0,6133.4,55072.0,172943.0,166178.0,KQ.m@CFFEX.IC,86400
2178,2022-11-25 00:00:00+08:00,1676.0,6122.0,6127.4,6065.6,6096.2,55320.0,166178.0,164179.0,KQ.m@CFFEX.IC,86400
2179,2022-11-28 00:00:00+08:00,1677.0,6013.2,6080.0,5976.2,6074.8,66009.0,164179.0,165849.0,KQ.m@CFFEX.IC,86400
2180,2022-11-29 00:00:00+08:00,1678.0,6095.0,6204.8,6095.0,6172.8,71557.0,165849.0,159257.0,KQ.m@CFFEX.IC,86400
2181,2022-11-30 00:00:00+08:00,1679.0,6165.8,6194.8,6132.0,6163.8,49401.0,159257.0,149565.0,KQ.m@CFFEX.IC,86400
2182,2022-12-01 00:00:00+08:00,1680.0,6237.0,6256.0,6190.0,6190.0,53572.0,149565.0,146550.0,KQ.m@CFFEX.IC,86400
2183,2022-12-02 00:00:00+08:00,1681.0,6183.6,6234.2,6173.2,6176.0,44772.0,146550.0,141046.0,KQ.m@CFFEX.IC,86400
2184,2022-12-05 00:00:00+08:00,1682.0,6221.0,6230.6,6186.0,6209.6,57208.0,141046.0,133336.0,KQ.m@CFFEX.IC,86400
2185,2022-12-06 00:00:00+08:00,1683.0,6202.0,6265.6,6183.8,6214.6,55560.0,133336.0,128562.0,KQ.m@CFFEX.IC,86400
2186,2022-12-07 00:00:00+08:00,1684.0,6205.0,6255.0,6183.0,6201.2,53355.0,128562.0,120739.0,KQ.m@CFFEX.IC,86400
2187,2022-12-08 00:00:00+08:00,1685.0,6208.2,6214.4,6166.4,6192.2,50211.0,120739.0,111794.0,KQ.m@CFFEX.IC,86400
2188,2022-12-09 00:00:00+08:00,1686.0,6197.4,6231.8,6156.2,6204.2,60666.0,111794.0,108058.0,KQ.m@CFFEX.IC,86400
2189,2022-12-12 00:00:00+08:00,1687.0,6196.8,6197.6,6141.8,6169.6,58309.0,108058.0,93286.0,KQ.m@CFFEX.IC,86400
2190,2022-12-13 00:00:00+08:00,1688.0,6173.8,6174.0,6123.4,6137.0,51657.0,93286.0,79989.0,KQ.m@CFFEX.IC,86400
2191,2022-12-14 00:00:00+08:00,1689.0,6141.4,6158.8,6088.0,6104.0,54888.0,79989.0,59685.0,KQ.m@CFFEX.IC,86400
2192,2022-12-15 00:00:00+08:00,1690.0,6100.0,6129.0,6082.0,6105.6,38305.0,59685.0,80472.0,KQ.m@CFFEX.IC,86400
2193,2022-12-16 00:00:00+08:00,1691.0,6087.4,6108.8,6049.4,6106.0,53641.0,80472.0,98294.0,KQ.m@CFFEX.IC,86400
2194,2022-12-19 00:00:00+08:00,1692.0,6089.8,6111.6,5928.0,5971.8,54402.0,98294.0,103258.0,KQ.m@CFFEX.IC,86400
2195,2022-12-20 00:00:00+08:00,1693.0,5956.2,5958.4,5882.4,5897.4,46297.0,103258.0,103319.0,KQ.m@CFFEX.IC,86400
2196,2022-12-21 00:00:00+08:00,1694.0,5906.0,5914.4,5825.6,5865.8,40625.0,103319.0,99750.0,KQ.m@CFFEX.IC,86400
2197,2022-12-22 00:00:00+08:00,1695.0,5890.0,5897.8,5769.2,5802.0,48362.0,99750.0,105826.0,KQ.m@CFFEX.IC,86400
2198,2022-12-23 00:00:00+08:00,1696.0,5784.0,5838.0,5752.6,5791.8,47758.0,105826.0,103465.0,KQ.m@CFFEX.IC,86400
2199,2022-12-26 00:00:00+08:00,1697.0,5799.0,5883.0,5795.6,5860.6,40957.0,103465.0,100810.0,KQ.m@CFFEX.IC,86400
2200,2022-12-27 00:00:00+08:00,1698.0,5904.2,5909.4,5845.6,5897.6,35114.0,100810.0,97375.0,KQ.m@CFFEX.IC,86400
2201,2022-12-28 00:00:00+08:00,1699.0,5890.0,5905.0,5863.2,5882.4,32425.0,97375.0,98671.0,KQ.m@CFFEX.IC,86400
2202,2022-12-29 00:00:00+08:00,1700.0,5870.8,5922.2,5848.8,5869.4,37629.0,98671.0,96853.0,KQ.m@CFFEX.IC,86400
2203,2022-12-30 00:00:00+08:00,1701.0,5888.2,5900.0,5856.6,5870.8,33059.0,96853.0,94133.0,KQ.m@CFFEX.IC,86400
2204,2023-01-03 00:00:00+08:00,1702.0,5854.2,5982.4,5850.2,5958.8,45375.0,94133.0,97189.0,KQ.m@CFFEX.IC,86400
2205,2023-01-04 00:00:00+08:00,1703.0,5958.0,5973.4,5924.2,5957.0,34515.0,97189.0,90831.0,KQ.m@CFFEX.IC,86400
2206,2023-01-05 00:00:00+08:00,1704.0,5975.0,6035.2,5954.4,6019.4,40375.0,90831.0,90180.0,KQ.m@CFFEX.IC,86400
2207,2023-01-06 00:00:00+08:00,1705.0,6015.0,6066.8,6006.8,6024.2,37667.0,90180.0,85799.0,KQ.m@CFFEX.IC,86400
2208,2023-01-09 00:00:00+08:00,1706.0,6049.8,6084.6,6033.2,6033.6,36880.0,85799.0,82611.0,KQ.m@CFFEX.IC,86400
2209,2023-01-10 00:00:00+08:00,1707.0,6043.4,6064.0,6019.2,6051.8,31116.0,82611.0,76759.0,KQ.m@CFFEX.IC,86400
2210,2023-01-11 00:00:00+08:00,1708.0,6051.8,6080.0,6013.0,6025.2,38639.0,76759.0,76769.0,KQ.m@CFFEX.IC,86400
2211,2023-01-12 00:00:00+08:00,1709.0,6036.8,6064.0,6005.8,6021.6,38363.0,76769.0,70213.0,KQ.m@CFFEX.IC,86400
2212,2023-01-13 00:00:00+08:00,1710.0,6042.0,6082.0,6024.0,6082.0,39954.0,70213.0,67777.0,KQ.m@CFFEX.IC,86400
2213,2023-01-16 00:00:00+08:00,1711.0,6089.6,6194.6,6086.0,6132.0,52212.0,67777.0,63185.0,KQ.m@CFFEX.IC,86400
2214,2023-01-17 00:00:00+08:00,1712.0,6142.0,6157.6,6126.8,6137.2,34508.0,63185.0,50785.0,KQ.m@CFFEX.IC,86400
2215,2023-01-18 00:00:00+08:00,1713.0,6149.0,6183.4,6144.8,6153.4,35887.0,50785.0,38134.0,KQ.m@CFFEX.IC,86400
2216,2023-01-19 00:00:00+08:00,1714.0,6167.0,6240.2,6150.4,6235.8,28473.0,38134.0,59456.0,KQ.m@CFFEX.IC,86400
2217,2023-01-20 00:00:00+08:00,1715.0,6258.0,6281.4,6244.4,6276.2,35832.0,59456.0,68523.0,KQ.m@CFFEX.IC,86400
2218,2023-01-30 00:00:00+08:00,1716.0,6362.0,6378.0,6280.0,6282.6,41691.0,68523.0,71159.0,KQ.m@CFFEX.IC,86400
2219,2023-01-31 00:00:00+08:00,1717.0,6280.4,6328.6,6272.6,6302.0,32558.0,71159.0,68385.0,KQ.m@CFFEX.IC,86400
2220,2023-02-01 00:00:00+08:00,1718.0,6314.6,6374.2,6300.6,6361.0,39323.0,68385.0,68659.0,KQ.m@CFFEX.IC,86400
2221,2023-02-02 00:00:00+08:00,1719.0,6386.6,6413.0,6344.6,6369.0,37662.0,68659.0,66246.0,KQ.m@CFFEX.IC,86400
2222,2023-02-03 00:00:00+08:00,1720.0,6358.4,6361.6,6273.0,6343.2,44997.0,66246.0,66562.0,KQ.m@CFFEX.IC,86400
2223,2023-02-06 00:00:00+08:00,1721.0,6315.6,6333.8,6270.2,6312.2,39926.0,66562.0,63229.0,KQ.m@CFFEX.IC,86400
2224,2023-02-07 00:00:00+08:00,1722.0,6320.8,6328.6,6262.4,6320.0,40393.0,63229.0,63297.0,KQ.m@CFFEX.IC,86400
2225,2023-02-08 00:00:00+08:00,1723.0,6323.0,6331.0,6251.0,6266.0,39164.0,63297.0,62861.0,KQ.m@CFFEX.IC,86400
2226,2023-02-09 00:00:00+08:00,1724.0,6261.6,6366.8,6250.6,6363.0,47732.0,62861.0,59079.0,KQ.m@CFFEX.IC,86400
2227,2023-02-10 00:00:00+08:00,1725.0,6355.0,6368.6,6282.4,6337.4,43404.0,59079.0,55328.0,KQ.m@CFFEX.IC,86400
2228,2023-02-13 00:00:00+08:00,1726.0,6329.2,6387.6,6323.0,6371.2,38180.0,55328.0,49070.0,KQ.m@CFFEX.IC,86400
2229,2023-02-14 00:00:00+08:00,1727.0,6383.6,6408.0,6360.8,6395.8,28775.0,49070.0,42884.0,KQ.m@CFFEX.IC,86400
2230,2023-02-15 00:00:00+08:00,1728.0,6390.0,6409.8,6355.6,6379.0,33118.0,42884.0,33258.0,KQ.m@CFFEX.IC,86400
2231,2023-02-16 00:00:00+08:00,1729.0,6372.8,6428.2,6243.0,6286.4,63267.0,33258.0,156834.0,KQ.m@CFFEX.IC,86400
2232,2023-02-17 00:00:00+08:00,1730.0,6294.6,6309.0,6222.2,6236.6,52718.0,156834.0,153714.0,KQ.m@CFFEX.IC,86400
2233,2023-02-20 00:00:00+08:00,1731.0,6250.0,6335.8,6208.0,6327.6,59574.0,153714.0,154233.0,KQ.m@CFFEX.IC,86400
2234,2023-02-21 00:00:00+08:00,1732.0,6334.0,6387.8,6321.2,6355.0,50536.0,154233.0,146861.0,KQ.m@CFFEX.IC,86400
2235,2023-02-22 00:00:00+08:00,1733.0,6336.2,6387.6,6333.2,6363.0,40090.0,146861.0,143602.0,KQ.m@CFFEX.IC,86400
2236,2023-02-23 00:00:00+08:00,1734.0,6367.2,6380.8,6304.4,6351.8,44646.0,143602.0,143618.0,KQ.m@CFFEX.IC,86400
2237,2023-02-24 00:00:00+08:00,1735.0,6358.2,6365.6,6276.0,6339.4,42216.0,143618.0,139385.0,KQ.m@CFFEX.IC,86400
2238,2023-02-27 00:00:00+08:00,1736.0,6322.2,6332.0,6261.2,6302.6,48121.0,139385.0,141306.0,KQ.m@CFFEX.IC,86400
2239,2023-02-28 00:00:00+08:00,1737.0,6321.8,6356.8,6275.2,6345.8,48820.0,141306.0,137300.0,KQ.m@CFFEX.IC,86400
2240,2023-03-01 00:00:00+08:00,1738.0,6350.6,6406.0,6331.0,6387.0,44332.0,137300.0,132447.0,KQ.m@CFFEX.IC,86400
2241,2023-03-02 00:00:00+08:00,1739.0,6385.2,6408.0,6363.0,6381.0,34285.0,132447.0,126714.0,KQ.m@CFFEX.IC,86400
2242,2023-03-03 00:00:00+08:00,1740.0,6392.4,6397.8,6332.2,6372.6,40723.0,126714.0,126170.0,KQ.m@CFFEX.IC,86400
2243,2023-03-06 00:00:00+08:00,1741.0,6378.0,6396.4,6336.8,6364.0,45103.0,126170.0,123011.0,KQ.m@CFFEX.IC,86400
2244,2023-03-07 00:00:00+08:00,1742.0,6360.2,6375.0,6275.0,6276.6,53463.0,123011.0,122933.0,KQ.m@CFFEX.IC,86400
2245,2023-03-08 00:00:00+08:00,1743.0,6258.2,6304.4,6256.2,6288.0,45796.0,122933.0,113225.0,KQ.m@CFFEX.IC,86400
2246,2023-03-09 00:00:00+08:00,1744.0,6299.0,6300.0,6244.0,6278.2,44396.0,113225.0,105030.0,KQ.m@CFFEX.IC,86400
2247,2023-03-10 00:00:00+08:00,1745.0,6249.0,6262.4,6190.0,6203.0,50820.0,105030.0,101305.0,KQ.m@CFFEX.IC,86400
2248,2023-03-13 00:00:00+08:00,1746.0,6204.0,6244.0,6175.0,6241.8,54004.0,101305.0,86656.0,KQ.m@CFFEX.IC,86400
2249,2023-03-14 00:00:00+08:00,1747.0,6233.8,6242.2,6131.8,6197.0,56198.0,86656.0,74941.0,KQ.m@CFFEX.IC,86400
2250,2023-03-15 00:00:00+08:00,1748.0,6219.8,6258.8,6212.0,6228.4,52928.0,74941.0,50235.0,KQ.m@CFFEX.IC,86400
2251,2023-03-16 00:00:00+08:00,1749.0,6188.0,6203.4,6122.2,6134.0,42094.0,50235.0,73281.0,KQ.m@CFFEX.IC,86400
2252,2023-03-17 00:00:00+08:00,1750.0,6177.0,6243.8,6157.0,6177.4,54179.0,73281.0,83023.0,KQ.m@CFFEX.IC,86400
2253,2023-03-20 00:00:00+08:00,1751.0,6195.0,6207.4,6151.0,6165.2,36029.0,83023.0,79790.0,KQ.m@CFFEX.IC,86400
2254,2023-03-21 00:00:00+08:00,1752.0,6181.0,6238.8,6180.0,6226.2,36180.0,79790.0,80291.0,KQ.m@CFFEX.IC,86400
2255,2023-03-22 00:00:00+08:00,1753.0,6239.8,6268.6,6238.2,6264.2,30316.0,80291.0,78300.0,KQ.m@CFFEX.IC,86400
2256,2023-03-23 00:00:00+08:00,1754.0,6253.0,6299.0,6249.4,6298.8,31091.0,78300.0,78956.0,KQ.m@CFFEX.IC,86400
2257,2023-03-24 00:00:00+08:00,1755.0,6299.0,6312.8,6280.2,6308.6,30200.0,78956.0,77063.0,KQ.m@CFFEX.IC,86400
2258,2023-03-27 00:00:00+08:00,1756.0,6304.4,6315.8,6262.4,6296.2,36681.0,77063.0,78534.0,KQ.m@CFFEX.IC,86400
2259,2023-03-28 00:00:00+08:00,1757.0,6298.6,6318.6,6271.0,6287.8,35845.0,78534.0,77309.0,KQ.m@CFFEX.IC,86400
2260,2023-03-29 00:00:00+08:00,1758.0,6305.0,6307.8,6250.0,6261.2,35128.0,77309.0,76088.0,KQ.m@CFFEX.IC,86400
2261,2023-03-30 00:00:00+08:00,1759.0,6267.0,6304.0,6227.0,6303.0,39677.0,76088.0,76985.0,KQ.m@CFFEX.IC,86400
2262,2023-03-31 00:00:00+08:00,1760.0,6309.6,6349.4,6296.6,6347.0,34338.0,76985.0,74024.0,KQ.m@CFFEX.IC,86400
2263,2023-04-03 00:00:00+08:00,1761.0,6356.0,6429.6,6353.0,6406.0,38583.0,74024.0,76993.0,KQ.m@CFFEX.IC,86400
2264,2023-04-04 00:00:00+08:00,1762.0,6410.0,6417.2,6382.2,6415.0,33237.0,76993.0,74309.0,KQ.m@CFFEX.IC,86400
2265,2023-04-06 00:00:00+08:00,1763.0,6396.0,6427.2,6391.0,6411.4,32892.0,74309.0,73761.0,KQ.m@CFFEX.IC,86400
2266,2023-04-07 00:00:00+08:00,1764.0,6418.2,6471.8,6411.6,6457.0,32621.0,73761.0,72129.0,KQ.m@CFFEX.IC,86400
2267,2023-04-10 00:00:00+08:00,1765.0,6466.2,6471.4,6405.2,6420.4,37086.0,72129.0,70377.0,KQ.m@CFFEX.IC,86400
2268,2023-04-11 00:00:00+08:00,1766.0,6424.0,6433.6,6395.2,6416.0,32567.0,70377.0,66741.0,KQ.m@CFFEX.IC,86400
2269,2023-04-12 00:00:00+08:00,1767.0,6413.6,6442.0,6410.0,6436.2,29838.0,66741.0,64560.0,KQ.m@CFFEX.IC,86400
2270,2023-04-13 00:00:00+08:00,1768.0,6428.0,6441.2,6402.2,6408.0,37781.0,64560.0,66628.0,KQ.m@CFFEX.IC,86400
2271,2023-04-14 00:00:00+08:00,1769.0,6425.0,6451.6,6401.8,6423.8,36562.0,66628.0,62936.0,KQ.m@CFFEX.IC,86400
2272,2023-04-17 00:00:00+08:00,1770.0,6417.4,6460.4,6410.6,6454.4,36940.0,62936.0,57241.0,KQ.m@CFFEX.IC,86400
2273,2023-04-18 00:00:00+08:00,1771.0,6450.0,6455.0,6415.0,6439.0,36553.0,57241.0,48349.0,KQ.m@CFFEX.IC,86400
2274,2023-04-19 00:00:00+08:00,1772.0,6439.0,6453.4,6400.0,6414.6,33114.0,48349.0,37280.0,KQ.m@CFFEX.IC,86400
2275,2023-04-20 00:00:00+08:00,1773.0,6393.2,6396.8,6366.4,6389.0,29749.0,37280.0,55314.0,KQ.m@CFFEX.IC,86400
2276,2023-04-21 00:00:00+08:00,1774.0,6389.0,6393.4,6239.0,6240.6,50064.0,55314.0,76560.0,KQ.m@CFFEX.IC,86400
2277,2023-04-24 00:00:00+08:00,1775.0,6249.6,6253.4,6180.2,6204.0,43410.0,76560.0,71013.0,KQ.m@CFFEX.IC,86400
2278,2023-04-25 00:00:00+08:00,1776.0,6203.8,6210.0,6037.4,6108.6,53066.0,71013.0,78774.0,KQ.m@CFFEX.IC,86400
2279,2023-04-26 00:00:00+08:00,1777.0,6096.8,6162.2,6095.0,6131.6,44770.0,78774.0,72489.0,KQ.m@CFFEX.IC,86400
2280,2023-04-27 00:00:00+08:00,1778.0,6122.6,6198.0,6121.0,6171.4,38057.0,72489.0,71242.0,KQ.m@CFFEX.IC,86400
2281,2023-04-28 00:00:00+08:00,1779.0,6172.4,6259.6,6171.6,6254.6,34719.0,71242.0,68773.0,KQ.m@CFFEX.IC,86400
2282,2023-05-04 00:00:00+08:00,1780.0,6239.6,6256.6,6226.0,6256.6,28165.0,68773.0,65412.0,KQ.m@CFFEX.IC,86400
2283,2023-05-05 00:00:00+08:00,1781.0,6254.8,6256.6,6164.4,6196.4,35761.0,65412.0,67272.0,KQ.m@CFFEX.IC,86400
2284,2023-05-08 00:00:00+08:00,1782.0,6207.0,6259.8,6191.0,6229.4,32906.0,67272.0,63191.0,KQ.m@CFFEX.IC,86400
2285,2023-05-09 00:00:00+08:00,1783.0,6230.8,6262.0,6170.0,6175.6,37679.0,63191.0,65883.0,KQ.m@CFFEX.IC,86400
2286,2023-05-10 00:00:00+08:00,1784.0,6170.6,6205.2,6140.6,6167.2,39682.0,65883.0,64134.0,KQ.m@CFFEX.IC,86400
2287,2023-05-11 00:00:00+08:00,1785.0,6184.2,6195.0,6142.0,6147.4,26437.0,64134.0,58806.0,KQ.m@CFFEX.IC,86400
2288,2023-05-12 00:00:00+08:00,1786.0,6140.4,6177.8,6079.4,6082.2,36409.0,58806.0,61796.0,KQ.m@CFFEX.IC,86400
2289,2023-05-15 00:00:00+08:00,1787.0,6089.8,6164.0,6042.2,6154.2,41347.0,61796.0,54347.0,KQ.m@CFFEX.IC,86400
2290,2023-05-16 00:00:00+08:00,1788.0,6152.4,6157.4,6094.0,6113.2,36444.0,54347.0,44816.0,KQ.m@CFFEX.IC,86400
2291,2023-05-17 00:00:00+08:00,1789.0,6108.2,6144.4,6092.2,6116.0,32170.0,44816.0,34517.0,KQ.m@CFFEX.IC,86400
2292,2023-05-18 00:00:00+08:00,1790.0,6105.6,6131.2,6072.2,6101.4,41295.0,34517.0,147213.0,KQ.m@CFFEX.IC,86400
2293,2023-05-19 00:00:00+08:00,1791.0,6097.0,6138.0,6060.4,6108.8,45326.0,147213.0,153405.0,KQ.m@CFFEX.IC,86400
2294,2023-05-22 00:00:00+08:00,1792.0,6106.0,6128.8,6064.4,6093.8,44608.0,153405.0,152455.0,KQ.m@CFFEX.IC,86400
2295,2023-05-23 00:00:00+08:00,1793.0,6093.0,6104.6,6030.2,6030.4,42104.0,152455.0,149979.0,KQ.m@CFFEX.IC,86400
2296,2023-05-24 00:00:00+08:00,1794.0,6016.6,6049.8,5977.6,5992.8,51894.0,149979.0,152439.0,KQ.m@CFFEX.IC,86400
2297,2023-05-25 00:00:00+08:00,1795.0,5992.0,6022.8,5904.0,5966.6,55222.0,152439.0,152088.0,KQ.m@CFFEX.IC,86400
2298,2023-05-26 00:00:00+08:00,1796.0,5961.0,6037.0,5937.0,6022.6,46201.0,152088.0,145478.0,KQ.m@CFFEX.IC,86400
2299,2023-05-29 00:00:00+08:00,1797.0,6042.0,6054.6,5987.4,6015.8,40043.0,145478.0,139004.0,KQ.m@CFFEX.IC,86400
2300,2023-05-30 00:00:00+08:00,1798.0,6005.8,6056.0,5952.0,6047.6,45824.0,139004.0,139794.0,KQ.m@CFFEX.IC,86400
2301,2023-05-31 00:00:00+08:00,1799.0,6030.2,6054.8,5992.2,6033.6,46120.0,139794.0,135807.0,KQ.m@CFFEX.IC,86400
2302,2023-06-01 00:00:00+08:00,1800.0,6019.0,6088.6,6003.4,6047.0,50046.0,135807.0,133382.0,KQ.m@CFFEX.IC,86400
2303,2023-06-02 00:00:00+08:00,1801.0,6071.4,6113.4,6064.8,6096.4,40771.0,133382.0,126071.0,KQ.m@CFFEX.IC,86400
2304,2023-06-05 00:00:00+08:00,1802.0,6094.8,6096.0,6065.0,6080.0,31316.0,126071.0,120287.0,KQ.m@CFFEX.IC,86400
2305,2023-06-06 00:00:00+08:00,1803.0,6076.8,6077.8,5956.8,5962.0,53235.0,120287.0,125201.0,KQ.m@CFFEX.IC,86400
2306,2023-06-07 00:00:00+08:00,1804.0,5972.0,6003.4,5959.4,5971.0,42979.0,125201.0,113380.0,KQ.m@CFFEX.IC,86400
2307,2023-06-08 00:00:00+08:00,1805.0,5965.8,5990.8,5914.6,5959.2,51140.0,113380.0,114670.0,KQ.m@CFFEX.IC,86400
2308,2023-06-09 00:00:00+08:00,1806.0,5963.4,6017.6,5955.8,6009.4,46418.0,114670.0,101217.0,KQ.m@CFFEX.IC,86400
2309,2023-06-12 00:00:00+08:00,1807.0,6000.0,6045.8,5992.0,6016.0,51203.0,101217.0,93097.0,KQ.m@CFFEX.IC,86400
2310,2023-06-13 00:00:00+08:00,1808.0,6010.8,6046.6,6007.2,6040.0,47403.0,93097.0,73348.0,KQ.m@CFFEX.IC,86400
2311,2023-06-14 00:00:00+08:00,1809.0,6044.0,6064.0,6029.2,6042.8,47548.0,73348.0,54937.0,KQ.m@CFFEX.IC,86400
2312,2023-06-15 00:00:00+08:00,1810.0,6038.6,6091.8,6030.0,6077.2,35239.0,54937.0,75439.0,KQ.m@CFFEX.IC,86400
2313,2023-06-16 00:00:00+08:00,1811.0,6085.2,6146.6,6078.0,6133.8,41618.0,75439.0,86420.0,KQ.m@CFFEX.IC,86400
2314,2023-06-19 00:00:00+08:00,1812.0,6125.2,6137.6,6105.2,6109.8,30734.0,86420.0,84134.0,KQ.m@CFFEX.IC,86400
2315,2023-06-20 00:00:00+08:00,1813.0,6109.0,6126.8,6089.0,6106.2,28947.0,84134.0,84952.0,KQ.m@CFFEX.IC,86400
2316,2023-06-21 00:00:00+08:00,1814.0,6088.2,6091.6,5974.0,5979.2,45594.0,84952.0,93014.0,KQ.m@CFFEX.IC,86400
2317,2023-06-26 00:00:00+08:00,1815.0,5950.0,5967.0,5873.6,5890.0,49983.0,93014.0,97104.0,KQ.m@CFFEX.IC,86400
2318,2023-06-27 00:00:00+08:00,1816.0,5900.6,5938.2,5883.0,5923.0,38005.0,97104.0,92442.0,KQ.m@CFFEX.IC,86400
2319,2023-06-28 00:00:00+08:00,1817.0,5917.2,5934.2,5836.2,5931.6,42816.0,92442.0,93883.0,KQ.m@CFFEX.IC,86400
2320,2023-06-29 00:00:00+08:00,1818.0,5924.2,5945.6,5903.4,5926.4,31267.0,93883.0,88225.0,KQ.m@CFFEX.IC,86400
2321,2023-06-30 00:00:00+08:00,1819.0,5917.8,6008.0,5914.2,5992.8,37050.0,88225.0,88109.0,KQ.m@CFFEX.IC,86400
2322,2023-07-03 00:00:00+08:00,1820.0,6001.6,6047.4,5985.6,6020.4,35072.0,88109.0,84705.0,KQ.m@CFFEX.IC,86400
2323,2023-07-04 00:00:00+08:00,1821.0,6022.8,6039.0,6014.8,6037.4,23567.0,84705.0,79760.0,KQ.m@CFFEX.IC,86400
2324,2023-07-05 00:00:00+08:00,1822.0,6029.2,6037.0,5993.0,6007.2,28418.0,79760.0,79451.0,KQ.m@CFFEX.IC,86400
2325,2023-07-06 00:00:00+08:00,1823.0,5996.8,6036.4,5962.4,5966.6,34447.0,79451.0,80742.0,KQ.m@CFFEX.IC,86400
2326,2023-07-07 00:00:00+08:00,1824.0,5956.4,5973.6,5920.0,5951.0,34365.0,80742.0,79427.0,KQ.m@CFFEX.IC,86400
2327,2023-07-10 00:00:00+08:00,1825.0,5979.6,5998.4,5941.4,5968.2,27705.0,79427.0,75994.0,KQ.m@CFFEX.IC,86400
2328,2023-07-11 00:00:00+08:00,1826.0,5980.2,6027.0,5966.6,6019.6,29191.0,75994.0,73335.0,KQ.m@CFFEX.IC,86400
2329,2023-07-12 00:00:00+08:00,1827.0,6025.8,6028.8,5954.6,5958.8,31690.0,73335.0,73488.0,KQ.m@CFFEX.IC,86400
2330,2023-07-13 00:00:00+08:00,1828.0,5987.0,6054.0,5985.0,6051.2,38964.0,73488.0,71505.0,KQ.m@CFFEX.IC,86400
2331,2023-07-14 00:00:00+08:00,1829.0,6058.8,6062.4,6023.2,6026.2,25545.0,71505.0,64635.0,KQ.m@CFFEX.IC,86400
2332,2023-07-17 00:00:00+08:00,1830.0,6012.0,6016.6,5971.2,6006.6,34423.0,64635.0,58766.0,KQ.m@CFFEX.IC,86400
2333,2023-07-18 00:00:00+08:00,1831.0,6009.8,6025.0,5972.6,5997.4,36104.0,58766.0,48853.0,KQ.m@CFFEX.IC,86400
2334,2023-07-19 00:00:00+08:00,1832.0,5995.2,6015.8,5961.2,5993.2,34608.0,48853.0,36406.0,KQ.m@CFFEX.IC,86400
2335,2023-07-20 00:00:00+08:00,1833.0,5990.0,6006.0,5910.6,5918.6,36414.0,36406.0,63777.0,KQ.m@CFFEX.IC,86400
2336,2023-07-21 00:00:00+08:00,1834.0,5911.0,5967.2,5907.2,5925.4,37288.0,63777.0,71122.0,KQ.m@CFFEX.IC,86400
2337,2023-07-24 00:00:00+08:00,1835.0,5909.8,5959.0,5897.0,5916.4,27193.0,71122.0,69384.0,KQ.m@CFFEX.IC,86400
2338,2023-07-25 00:00:00+08:00,1836.0,5987.8,6027.0,5980.6,6019.6,41047.0,69384.0,72519.0,KQ.m@CFFEX.IC,86400
2339,2023-07-26 00:00:00+08:00,1837.0,6016.0,6019.4,5985.4,6005.0,23917.0,72519.0,66841.0,KQ.m@CFFEX.IC,86400
2340,2023-07-27 00:00:00+08:00,1838.0,6010.0,6018.0,5950.0,5964.0,29643.0,66841.0,67413.0,KQ.m@CFFEX.IC,86400
2341,2023-07-28 00:00:00+08:00,1839.0,5952.0,6063.4,5936.6,6052.2,40121.0,67413.0,68759.0,KQ.m@CFFEX.IC,86400
2342,2023-07-31 00:00:00+08:00,1840.0,6092.0,6159.0,6070.4,6094.4,39311.0,68759.0,68979.0,KQ.m@CFFEX.IC,86400
2343,2023-08-01 00:00:00+08:00,1841.0,6098.4,6128.8,6091.6,6099.0,27819.0,68979.0,65658.0,KQ.m@CFFEX.IC,86400
2344,2023-08-02 00:00:00+08:00,1842.0,6092.4,6118.4,6056.4,6075.8,29365.0,65658.0,63260.0,KQ.m@CFFEX.IC,86400
2345,2023-08-03 00:00:00+08:00,1843.0,6064.8,6094.0,6044.0,6093.2,28339.0,63260.0,62341.0,KQ.m@CFFEX.IC,86400
2346,2023-08-04 00:00:00+08:00,1844.0,6131.0,6172.2,6100.0,6126.6,39612.0,62341.0,65414.0,KQ.m@CFFEX.IC,86400
2347,2023-08-07 00:00:00+08:00,1845.0,6115.6,6133.0,6086.6,6104.4,29179.0,65414.0,60449.0,KQ.m@CFFEX.IC,86400
2348,2023-08-08 00:00:00+08:00,1846.0,6090.6,6095.0,6050.8,6077.2,30015.0,60449.0,60878.0,KQ.m@CFFEX.IC,86400
2349,2023-08-09 00:00:00+08:00,1847.0,6066.8,6077.8,6025.2,6036.0,27057.0,60878.0,59034.0,KQ.m@CFFEX.IC,86400
2350,2023-08-10 00:00:00+08:00,1848.0,6033.6,6051.4,6004.4,6030.4,25990.0,59034.0,57522.0,KQ.m@CFFEX.IC,86400
2351,2023-08-11 00:00:00+08:00,1849.0,6037.2,6038.0,5907.2,5910.2,37162.0,57522.0,61901.0,KQ.m@CFFEX.IC,86400
2352,2023-08-14 00:00:00+08:00,1850.0,5879.0,5926.0,5836.2,5911.8,39389.0,61901.0,56933.0,KQ.m@CFFEX.IC,86400
2353,2023-08-15 00:00:00+08:00,1851.0,5924.2,5934.4,5830.4,5880.2,39492.0,56933.0,49554.0,KQ.m@CFFEX.IC,86400
2354,2023-08-16 00:00:00+08:00,1852.0,5868.0,5895.0,5842.2,5843.4,31285.0,49554.0,145878.0,KQ.m@CFFEX.IC,86400
2355,2023-08-17 00:00:00+08:00,1853.0,5823.4,5899.0,5791.0,5882.0,51665.0,145878.0,167873.0,KQ.m@CFFEX.IC,86400
2356,2023-08-18 00:00:00+08:00,1854.0,5886.0,5907.6,5783.6,5787.0,51131.0,167873.0,173997.0,KQ.m@CFFEX.IC,86400
2357,2023-08-21 00:00:00+08:00,1855.0,5774.6,5819.6,5700.0,5714.8,53628.0,173997.0,178504.0,KQ.m@CFFEX.IC,86400
2358,2023-08-22 00:00:00+08:00,1856.0,5744.0,5759.0,5652.4,5731.2,61907.0,178504.0,175949.0,KQ.m@CFFEX.IC,86400
2359,2023-08-23 00:00:00+08:00,1857.0,5726.0,5729.0,5621.8,5637.6,53216.0,175949.0,173867.0,KQ.m@CFFEX.IC,86400
2360,2023-08-24 00:00:00+08:00,1858.0,5660.0,5712.0,5627.8,5650.2,48540.0,173867.0,168948.0,KQ.m@CFFEX.IC,86400
2361,2023-08-25 00:00:00+08:00,1859.0,5626.4,5660.0,5557.0,5587.8,59665.0,168948.0,170870.0,KQ.m@CFFEX.IC,86400
2362,2023-08-28 00:00:00+08:00,1860.0,5890.0,5904.0,5622.4,5647.2,75320.0,170870.0,168575.0,KQ.m@CFFEX.IC,86400
2363,2023-08-29 00:00:00+08:00,1861.0,5640.4,5816.0,5638.0,5771.2,77388.0,168575.0,161131.0,KQ.m@CFFEX.IC,86400
2364,2023-08-30 00:00:00+08:00,1862.0,5788.8,5828.4,5756.8,5770.6,47784.0,161131.0,148477.0,KQ.m@CFFEX.IC,86400
2365,2023-08-31 00:00:00+08:00,1863.0,5770.0,5794.0,5728.8,5742.4,40238.0,148477.0,145273.0,KQ.m@CFFEX.IC,86400
2366,2023-09-01 00:00:00+08:00,1864.0,5759.8,5784.0,5734.8,5751.0,38680.0,145273.0,138630.0,KQ.m@CFFEX.IC,86400
2367,2023-09-04 00:00:00+08:00,1865.0,5787.6,5840.0,5761.2,5833.8,51084.0,138630.0,136637.0,KQ.m@CFFEX.IC,86400
2368,2023-09-05 00:00:00+08:00,1866.0,5824.0,5831.4,5775.6,5787.4,38471.0,136637.0,127547.0,KQ.m@CFFEX.IC,86400
2369,2023-09-06 00:00:00+08:00,1867.0,5774.6,5813.8,5740.6,5786.2,42662.0,127547.0,124456.0,KQ.m@CFFEX.IC,86400
2370,2023-09-07 00:00:00+08:00,1868.0,5770.6,5779.0,5693.2,5701.6,51480.0,124456.0,121164.0,KQ.m@CFFEX.IC,86400
2371,2023-09-08 00:00:00+08:00,1869.0,5688.0,5725.2,5684.0,5697.0,40131.0,121164.0,109631.0,KQ.m@CFFEX.IC,86400
2372,2023-09-11 00:00:00+08:00,1870.0,5711.2,5806.0,5690.6,5760.0,65707.0,109631.0,108701.0,KQ.m@CFFEX.IC,86400
2373,2023-09-12 00:00:00+08:00,1871.0,5764.0,5789.2,5754.2,5769.0,41967.0,108701.0,86436.0,KQ.m@CFFEX.IC,86400
2374,2023-09-13 00:00:00+08:00,1872.0,5761.2,5772.0,5677.0,5712.4,57694.0,86436.0,64052.0,KQ.m@CFFEX.IC,86400
2375,2023-09-14 00:00:00+08:00,1873.0,5702.4,5713.4,5670.0,5706.8,37010.0,64052.0,85130.0,KQ.m@CFFEX.IC,86400
2376,2023-09-15 00:00:00+08:00,1874.0,5716.6,5744.4,5673.6,5714.0,46985.0,85130.0,100385.0,KQ.m@CFFEX.IC,86400
2377,2023-09-18 00:00:00+08:00,1875.0,5697.0,5755.0,5666.0,5731.6,50433.0,100385.0,102899.0,KQ.m@CFFEX.IC,86400
2378,2023-09-19 00:00:00+08:00,1876.0,5730.4,5733.0,5680.0,5707.6,38166.0,102899.0,100398.0,KQ.m@CFFEX.IC,86400
2379,2023-09-20 00:00:00+08:00,1877.0,5692.4,5707.0,5667.0,5668.6,26685.0,100398.0,98540.0,KQ.m@CFFEX.IC,86400
2380,2023-09-21 00:00:00+08:00,1878.0,5654.0,5685.6,5618.0,5622.8,38495.0,98540.0,103615.0,KQ.m@CFFEX.IC,86400
2381,2023-09-22 00:00:00+08:00,1879.0,5622.0,5727.0,5618.0,5726.6,48324.0,103615.0,100750.0,KQ.m@CFFEX.IC,86400
2382,2023-09-25 00:00:00+08:00,1880.0,5719.2,5722.0,5666.0,5687.2,34497.0,100750.0,95577.0,KQ.m@CFFEX.IC,86400
2383,2023-09-26 00:00:00+08:00,1881.0,5680.8,5698.2,5668.4,5671.8,26566.0,95577.0,93727.0,KQ.m@CFFEX.IC,86400
2384,2023-09-27 00:00:00+08:00,1882.0,5670.6,5728.6,5667.6,5700.0,40101.0,93727.0,97308.0,KQ.m@CFFEX.IC,86400
2385,2023-09-28 00:00:00+08:00,1883.0,5719.0,5723.8,5691.0,5695.0,26112.0,97308.0,90738.0,KQ.m@CFFEX.IC,86400
2386,2023-10-09 00:00:00+08:00,1884.0,5691.4,5696.0,5634.6,5658.2,38748.0,90738.0,94441.0,KQ.m@CFFEX.IC,86400
2387,2023-10-10 00:00:00+08:00,1885.0,5681.2,5699.4,5628.8,5635.4,30733.0,94441.0,88469.0,KQ.m@CFFEX.IC,86400
2388,2023-10-11 00:00:00+08:00,1886.0,5653.4,5689.4,5614.0,5621.2,39135.0,88469.0,87972.0,KQ.m@CFFEX.IC,86400
2389,2023-10-12 00:00:00+08:00,1887.0,5662.8,5679.0,5641.0,5665.8,34460.0,87972.0,80050.0,KQ.m@CFFEX.IC,86400
2390,2023-10-13 00:00:00+08:00,1888.0,5645.2,5648.0,5620.0,5643.8,28108.0,80050.0,78993.0,KQ.m@CFFEX.IC,86400
2391,2023-10-16 00:00:00+08:00,1889.0,5643.8,5645.8,5564.0,5586.2,38082.0,78993.0,73999.0,KQ.m@CFFEX.IC,86400
2392,2023-10-17 00:00:00+08:00,1890.0,5593.0,5596.0,5556.2,5589.4,39131.0,73999.0,60891.0,KQ.m@CFFEX.IC,86400
2393,2023-10-18 00:00:00+08:00,1891.0,5579.6,5587.0,5515.0,5527.4,40621.0,60891.0,46640.0,KQ.m@CFFEX.IC,86400
2394,2023-10-19 00:00:00+08:00,1892.0,5510.0,5537.8,5425.0,5472.0,37678.0,46640.0,72084.0,KQ.m@CFFEX.IC,86400
2395,2023-10-20 00:00:00+08:00,1893.0,5461.0,5479.0,5405.8,5428.6,44602.0,72084.0,86413.0,KQ.m@CFFEX.IC,86400
2396,2023-10-23 00:00:00+08:00,1894.0,5410.0,5412.4,5235.2,5267.0,51542.0,86413.0,87061.0,KQ.m@CFFEX.IC,86400
2397,2023-10-24 00:00:00+08:00,1895.0,5289.6,5351.0,5262.0,5315.8,50034.0,87061.0,84459.0,KQ.m@CFFEX.IC,86400
2398,2023-10-25 00:00:00+08:00,1896.0,5375.0,5413.0,5347.2,5347.8,37767.0,84459.0,78304.0,KQ.m@CFFEX.IC,86400
2399,2023-10-26 00:00:00+08:00,1897.0,5329.0,5403.8,5326.8,5379.4,40289.0,78304.0,80024.0,KQ.m@CFFEX.IC,86400
2400,2023-10-27 00:00:00+08:00,1898.0,5365.0,5516.6,5363.2,5487.0,52504.0,80024.0,79081.0,KQ.m@CFFEX.IC,86400
2401,2023-10-30 00:00:00+08:00,1899.0,5477.6,5557.6,5476.0,5527.8,41180.0,79081.0,76447.0,KQ.m@CFFEX.IC,86400
2402,2023-10-31 00:00:00+08:00,1900.0,5531.2,5544.4,5492.0,5515.4,33440.0,76447.0,75497.0,KQ.m@CFFEX.IC,86400
2403,2023-11-01 00:00:00+08:00,1901.0,5524.6,5528.8,5477.4,5507.2,31757.0,75497.0,72121.0,KQ.m@CFFEX.IC,86400
2404,2023-11-02 00:00:00+08:00,1902.0,5510.0,5529.8,5452.8,5459.4,31139.0,72121.0,71287.0,KQ.m@CFFEX.IC,86400
2405,2023-11-03 00:00:00+08:00,1903.0,5469.6,5545.8,5467.2,5502.8,41427.0,71287.0,73272.0,KQ.m@CFFEX.IC,86400
2406,2023-11-06 00:00:00+08:00,1904.0,5552.0,5608.4,5543.2,5596.0,37407.0,73272.0,71232.0,KQ.m@CFFEX.IC,86400
2407,2023-11-07 00:00:00+08:00,1905.0,5588.0,5629.6,5571.2,5598.0,29492.0,71232.0,68658.0,KQ.m@CFFEX.IC,86400
2408,2023-11-08 00:00:00+08:00,1906.0,5588.8,5624.6,5566.2,5593.0,33256.0,68658.0,67166.0,KQ.m@CFFEX.IC,86400
2409,2023-11-09 00:00:00+08:00,1907.0,5588.0,5637.6,5566.2,5582.8,33708.0,67166.0,65992.0,KQ.m@CFFEX.IC,86400
2410,2023-11-10 00:00:00+08:00,1908.0,5566.0,5577.0,5537.0,5561.2,31596.0,65992.0,62285.0,KQ.m@CFFEX.IC,86400
2411,2023-11-13 00:00:00+08:00,1909.0,5574.8,5594.8,5540.4,5590.6,35452.0,62285.0,56700.0,KQ.m@CFFEX.IC,86400
2412,2023-11-14 00:00:00+08:00,1910.0,5590.0,5633.4,5583.4,5616.6,37758.0,56700.0,48253.0,KQ.m@CFFEX.IC,86400
2413,2023-11-15 00:00:00+08:00,1911.0,5681.0,5686.0,5632.2,5655.6,36300.0,48253.0,35350.0,KQ.m@CFFEX.IC,86400
2414,2023-11-16 00:00:00+08:00,1912.0,5621.4,5627.2,5576.4,5580.2,43423.0,35350.0,163548.0,KQ.m@CFFEX.IC,86400
2415,2023-11-17 00:00:00+08:00,1913.0,5567.2,5604.6,5562.0,5591.6,43019.0,163548.0,168926.0,KQ.m@CFFEX.IC,86400
2416,2023-11-20 00:00:00+08:00,1914.0,5599.0,5646.0,5557.0,5633.0,50620.0,168926.0,172231.0,KQ.m@CFFEX.IC,86400
2417,2023-11-21 00:00:00+08:00,1915.0,5650.0,5679.6,5604.2,5617.2,45856.0,172231.0,166138.0,KQ.m@CFFEX.IC,86400
2418,2023-11-22 00:00:00+08:00,1916.0,5606.0,5627.2,5545.0,5550.8,46239.0,166138.0,168651.0,KQ.m@CFFEX.IC,86400
2419,2023-11-23 00:00:00+08:00,1917.0,5550.0,5619.4,5521.0,5612.4,49835.0,168651.0,164460.0,KQ.m@CFFEX.IC,86400
2420,2023-11-24 00:00:00+08:00,1918.0,5598.0,5599.4,5531.0,5550.8,48819.0,164460.0,163064.0,KQ.m@CFFEX.IC,86400
2421,2023-11-27 00:00:00+08:00,1919.0,5545.0,5565.4,5505.4,5546.4,43660.0,163064.0,158301.0,KQ.m@CFFEX.IC,86400
2422,2023-11-28 00:00:00+08:00,1920.0,5540.8,5577.4,5492.2,5561.8,44141.0,158301.0,157404.0,KQ.m@CFFEX.IC,86400
2423,2023-11-29 00:00:00+08:00,1921.0,5560.0,5569.6,5517.0,5539.2,35981.0,157404.0,150751.0,KQ.m@CFFEX.IC,86400
2424,2023-11-30 00:00:00+08:00,1922.0,5531.0,5542.0,5481.4,5518.2,43241.0,150751.0,153569.0,KQ.m@CFFEX.IC,86400
2425,2023-12-01 00:00:00+08:00,1923.0,5519.0,5557.8,5485.2,5536.0,49316.0,153569.0,146355.0,KQ.m@CFFEX.IC,86400
2426,2023-12-04 00:00:00+08:00,1924.0,5545.6,5565.0,5521.4,5522.2,45905.0,146355.0,142923.0,KQ.m@CFFEX.IC,86400
2427,2023-12-05 00:00:00+08:00,1925.0,5510.0,5514.4,5427.2,5436.2,52694.0,142923.0,139140.0,KQ.m@CFFEX.IC,86400
2428,2023-12-06 00:00:00+08:00,1926.0,5429.2,5505.0,5416.8,5467.4,51642.0,139140.0,131630.0,KQ.m@CFFEX.IC,86400
2429,2023-12-07 00:00:00+08:00,1927.0,5459.0,5499.4,5414.4,5477.0,60029.0,131630.0,118448.0,KQ.m@CFFEX.IC,86400
2430,2023-12-08 00:00:00+08:00,1928.0,5484.2,5524.0,5474.2,5498.4,53519.0,118448.0,106254.0,KQ.m@CFFEX.IC,86400
2431,2023-12-11 00:00:00+08:00,1929.0,5478.4,5588.0,5433.0,5558.2,68289.0,106254.0,97226.0,KQ.m@CFFEX.IC,86400
2432,2023-12-12 00:00:00+08:00,1930.0,5550.2,5577.0,5543.4,5570.2,50814.0,97226.0,74562.0,KQ.m@CFFEX.IC,86400
2433,2023-12-13 00:00:00+08:00,1931.0,5558.0,5559.8,5506.4,5513.6,51104.0,74562.0,53405.0,KQ.m@CFFEX.IC,86400
2434,2023-12-14 00:00:00+08:00,1932.0,5514.2,5541.6,5459.0,5470.0,41604.0,53405.0,88601.0,KQ.m@CFFEX.IC,86400
2435,2023-12-15 00:00:00+08:00,1933.0,5490.0,5513.0,5410.2,5431.2,55385.0,88601.0,103851.0,KQ.m@CFFEX.IC,86400
2436,2023-12-18 00:00:00+08:00,1934.0,5420.2,5437.6,5368.6,5383.8,42319.0,103851.0,102958.0,KQ.m@CFFEX.IC,86400
2437,2023-12-19 00:00:00+08:00,1935.0,5379.2,5406.8,5342.0,5373.2,39793.0,102958.0,103504.0,KQ.m@CFFEX.IC,86400
2438,2023-12-20 00:00:00+08:00,1936.0,5387.8,5391.4,5310.2,5320.2,39830.0,103504.0,102429.0,KQ.m@CFFEX.IC,86400
2439,2023-12-21 00:00:00+08:00,1937.0,5300.2,5366.6,5259.0,5335.6,52996.0,102429.0,108174.0,KQ.m@CFFEX.IC,86400
2440,2023-12-22 00:00:00+08:00,1938.0,5333.2,5371.0,5288.2,5322.4,52328.0,108174.0,107588.0,KQ.m@CFFEX.IC,86400
2441,2023-12-25 00:00:00+08:00,1939.0,5324.8,5359.0,5294.2,5316.2,33528.0,107588.0,103223.0,KQ.m@CFFEX.IC,86400
2442,2023-12-26 00:00:00+08:00,1940.0,5312.8,5313.6,5241.0,5270.4,38732.0,103223.0,105485.0,KQ.m@CFFEX.IC,86400
2443,2023-12-27 00:00:00+08:00,1941.0,5277.2,5301.6,5232.4,5282.8,38581.0,105485.0,102594.0,KQ.m@CFFEX.IC,86400
2444,2023-12-28 00:00:00+08:00,1942.0,5277.2,5404.8,5271.0,5388.0,52382.0,102594.0,104640.0,KQ.m@CFFEX.IC,86400
2445,2023-12-29 00:00:00+08:00,1943.0,5384.4,5454.2,5384.2,5431.8,46787.0,104640.0,99964.0,KQ.m@CFFEX.IC,86400
2446,2024-01-02 00:00:00+08:00,1944.0,5434.0,5438.8,5392.8,5394.2,30655.0,99964.0,96410.0,KQ.m@CFFEX.IC,86400
2447,2024-01-03 00:00:00+08:00,1945.0,5383.0,5421.4,5362.0,5388.6,34628.0,96410.0,95551.0,KQ.m@CFFEX.IC,86400
2448,2024-01-04 00:00:00+08:00,1946.0,5382.0,5384.0,5314.0,5347.8,39887.0,95551.0,91439.0,KQ.m@CFFEX.IC,86400
2449,2024-01-05 00:00:00+08:00,1947.0,5337.0,5361.0,5258.0,5282.2,45095.0,91439.0,95383.0,KQ.m@CFFEX.IC,86400
2450,2024-01-08 00:00:00+08:00,1948.0,5273.0,5275.6,5124.4,5130.6,60279.0,95383.0,96235.0,KQ.m@CFFEX.IC,86400
2451,2024-01-09 00:00:00+08:00,1949.0,5142.0,5208.8,5129.0,5155.0,56505.0,96235.0,89635.0,KQ.m@CFFEX.IC,86400
2452,2024-01-10 00:00:00+08:00,1950.0,5140.0,5207.8,5087.0,5138.8,55534.0,89635.0,89322.0,KQ.m@CFFEX.IC,86400
2453,2024-01-11 00:00:00+08:00,1951.0,5136.0,5246.8,5129.4,5209.6,52504.0,89322.0,82600.0,KQ.m@CFFEX.IC,86400
2454,2024-01-12 00:00:00+08:00,1952.0,5197.6,5256.6,5186.8,5188.6,44392.0,82600.0,78690.0,KQ.m@CFFEX.IC,86400
2455,2024-01-15 00:00:00+08:00,1953.0,5168.6,5238.0,5155.0,5178.2,50038.0,78690.0,72121.0,KQ.m@CFFEX.IC,86400
2456,2024-01-16 00:00:00+08:00,1954.0,5171.4,5198.8,5105.4,5173.4,57848.0,72121.0,62289.0,KQ.m@CFFEX.IC,86400
2457,2024-01-17 00:00:00+08:00,1955.0,5162.2,5165.2,5000.2,5017.8,52304.0,62289.0,46327.0,KQ.m@CFFEX.IC,86400
2458,2024-01-18 00:00:00+08:00,1956.0,4965.8,4997.0,4796.2,4983.4,61479.0,46327.0,66660.0,KQ.m@CFFEX.IC,86400
2459,2024-01-19 00:00:00+08:00,1957.0,4965.0,5035.0,4935.2,4950.8,51428.0,66660.0,71103.0,KQ.m@CFFEX.IC,86400
2460,2024-01-22 00:00:00+08:00,1958.0,4946.0,4950.4,4560.8,4645.6,75305.0,71103.0,83516.0,KQ.m@CFFEX.IC,86400
2461,2024-01-23 00:00:00+08:00,1959.0,4658.0,4849.0,4608.6,4800.4,82012.0,83516.0,78655.0,KQ.m@CFFEX.IC,86400
2462,2024-01-24 00:00:00+08:00,1960.0,4850.6,4898.4,4683.8,4890.2,77260.0,78655.0,77739.0,KQ.m@CFFEX.IC,86400
2463,2024-01-25 00:00:00+08:00,1961.0,4870.0,5062.6,4846.4,5060.0,69226.0,77739.0,70030.0,KQ.m@CFFEX.IC,86400
2464,2024-01-26 00:00:00+08:00,1962.0,5044.0,5056.4,4969.0,4992.6,49945.0,70030.0,63599.0,KQ.m@CFFEX.IC,86400
2465,2024-01-29 00:00:00+08:00,1963.0,5018.0,5030.0,4886.4,4893.2,53988.0,63599.0,66393.0,KQ.m@CFFEX.IC,86400
2466,2024-01-30 00:00:00+08:00,1964.0,4860.4,4916.6,4745.2,4767.8,56343.0,66393.0,65536.0,KQ.m@CFFEX.IC,86400
2467,2024-01-31 00:00:00+08:00,1965.0,4748.4,4799.6,4648.0,4657.4,74594.0,65536.0,72767.0,KQ.m@CFFEX.IC,86400
2468,2024-02-01 00:00:00+08:00,1966.0,4653.2,4762.4,4596.0,4648.8,69782.0,72767.0,66686.0,KQ.m@CFFEX.IC,86400
2469,2024-02-02 00:00:00+08:00,1967.0,4674.8,4718.0,4346.6,4512.8,82847.0,66686.0,70234.0,KQ.m@CFFEX.IC,86400
2470,2024-02-05 00:00:00+08:00,1968.0,4473.2,4585.0,4208.4,4380.0,105377.0,70234.0,68243.0,KQ.m@CFFEX.IC,86400
2471,2024-02-06 00:00:00+08:00,1969.0,4360.0,4843.8,4360.0,4822.6,99950.0,68243.0,55643.0,KQ.m@CFFEX.IC,86400
2472,2024-02-07 00:00:00+08:00,1970.0,4805.0,5134.6,4802.0,5128.6,140872.0,55643.0,155341.0,KQ.m@CFFEX.IC,86400
2473,2024-02-08 00:00:00+08:00,1971.0,5181.4,5399.0,5085.2,5110.6,168495.0,155341.0,166374.0,KQ.m@CFFEX.IC,86400
2474,2024-02-19 00:00:00+08:00,1972.0,5201.2,5213.0,5025.0,5083.4,92112.0,166374.0,153397.0,KQ.m@CFFEX.IC,86400
2475,2024-02-20 00:00:00+08:00,1973.0,5067.8,5122.6,5038.6,5097.4,69995.0,153397.0,146886.0,KQ.m@CFFEX.IC,86400
2476,2024-02-21 00:00:00+08:00,1974.0,5067.8,5248.6,5058.8,5107.2,94047.0,146886.0,149251.0,KQ.m@CFFEX.IC,86400
2477,2024-02-22 00:00:00+08:00,1975.0,5117.0,5175.0,5097.0,5159.2,70369.0,149251.0,139574.0,KQ.m@CFFEX.IC,86400
2478,2024-02-23 00:00:00+08:00,1976.0,5182.2,5193.2,5092.0,5186.0,73823.0,139574.0,138926.0,KQ.m@CFFEX.IC,86400
2479,2024-02-26 00:00:00+08:00,1977.0,5179.0,5247.8,5142.0,5168.2,73623.0,138926.0,136199.0,KQ.m@CFFEX.IC,86400
2480,2024-02-27 00:00:00+08:00,1978.0,5162.2,5308.8,5146.0,5307.8,74463.0,136199.0,132320.0,KQ.m@CFFEX.IC,86400
2481,2024-02-28 00:00:00+08:00,1979.0,5319.6,5382.8,5170.2,5175.2,103190.0,132320.0,135550.0,KQ.m@CFFEX.IC,86400
2482,2024-02-29 00:00:00+08:00,1980.0,5175.0,5362.6,5164.0,5346.4,88875.0,135550.0,126850.0,KQ.m@CFFEX.IC,86400
2483,2024-03-01 00:00:00+08:00,1981.0,5343.2,5394.4,5319.2,5382.6,66208.0,126850.0,117269.0,KQ.m@CFFEX.IC,86400
2484,2024-03-04 00:00:00+08:00,1982.0,5391.4,5404.6,5315.0,5377.0,56578.0,117269.0,110228.0,KQ.m@CFFEX.IC,86400
2485,2024-03-05 00:00:00+08:00,1983.0,5351.0,5377.0,5311.0,5334.8,59014.0,110228.0,106718.0,KQ.m@CFFEX.IC,86400
2486,2024-03-06 00:00:00+08:00,1984.0,5321.0,5413.4,5291.0,5342.8,64312.0,106718.0,100276.0,KQ.m@CFFEX.IC,86400
2487,2024-03-07 00:00:00+08:00,1985.0,5351.0,5385.0,5270.8,5272.4,56194.0,100276.0,94313.0,KQ.m@CFFEX.IC,86400
2488,2024-03-08 00:00:00+08:00,1986.0,5294.2,5368.4,5266.0,5346.2,55520.0,94313.0,88671.0,KQ.m@CFFEX.IC,86400
2489,2024-03-11 00:00:00+08:00,1987.0,5338.8,5459.2,5335.0,5456.2,57947.0,88671.0,81182.0,KQ.m@CFFEX.IC,86400
2490,2024-03-12 00:00:00+08:00,1988.0,5462.6,5486.0,5387.0,5427.6,62896.0,81182.0,71960.0,KQ.m@CFFEX.IC,86400
2491,2024-03-13 00:00:00+08:00,1989.0,5441.0,5469.8,5390.4,5417.0,51162.0,71960.0,55066.0,KQ.m@CFFEX.IC,86400
2492,2024-03-14 00:00:00+08:00,1990.0,5396.8,5436.8,5338.4,5382.2,41073.0,55066.0,73953.0,KQ.m@CFFEX.IC,86400
2493,2024-03-15 00:00:00+08:00,1991.0,5370.0,5456.8,5338.8,5452.6,53911.0,73953.0,86695.0,KQ.m@CFFEX.IC,86400
2494,2024-03-18 00:00:00+08:00,1992.0,5466.0,5536.8,5446.2,5533.0,43646.0,86695.0,84233.0,KQ.m@CFFEX.IC,86400
2495,2024-03-19 00:00:00+08:00,1993.0,5516.8,5525.6,5465.0,5472.2,42311.0,84233.0,84591.0,KQ.m@CFFEX.IC,86400
2496,2024-03-20 00:00:00+08:00,1994.0,5470.6,5505.0,5452.0,5486.0,41659.0,84591.0,80698.0,KQ.m@CFFEX.IC,86400
2497,2024-03-21 00:00:00+08:00,1995.0,5500.0,5512.8,5446.4,5457.8,41773.0,80698.0,82577.0,KQ.m@CFFEX.IC,86400
2498,2024-03-22 00:00:00+08:00,1996.0,5448.0,5458.8,5343.0,5367.0,56065.0,82577.0,85047.0,KQ.m@CFFEX.IC,86400
2499,2024-03-25 00:00:00+08:00,1997.0,5353.4,5392.8,5280.2,5293.8,50558.0,85047.0,83424.0,KQ.m@CFFEX.IC,86400
2500,2024-03-26 00:00:00+08:00,1998.0,5299.8,5317.8,5240.2,5267.4,54258.0,83424.0,84644.0,KQ.m@CFFEX.IC,86400
2501,2024-03-27 00:00:00+08:00,1999.0,5265.0,5272.4,5145.2,5150.6,51953.0,84644.0,83080.0,KQ.m@CFFEX.IC,86400
2502,2024-03-28 00:00:00+08:00,2000.0,5170.0,5280.0,5160.0,5216.8,57584.0,83080.0,83780.0,KQ.m@CFFEX.IC,86400
2503,2024-03-29 00:00:00+08:00,2001.0,5214.4,5293.6,5201.8,5288.4,45985.0,83780.0,79535.0,KQ.m@CFFEX.IC,86400
2504,2024-04-01 00:00:00+08:00,2002.0,5318.0,5414.8,5315.0,5404.0,45712.0,79535.0,78350.0,KQ.m@CFFEX.IC,86400
2505,2024-04-02 00:00:00+08:00,2003.0,5392.8,5413.8,5351.8,5381.8,37735.0,78350.0,75006.0,KQ.m@CFFEX.IC,86400
2506,2024-04-03 00:00:00+08:00,2004.0,5372.4,5379.4,5342.0,5372.0,37639.0,75006.0,74445.0,KQ.m@CFFEX.IC,86400
2507,2024-04-08 00:00:00+08:00,2005.0,5360.0,5379.0,5282.0,5286.2,45568.0,74445.0,77333.0,KQ.m@CFFEX.IC,86400
2508,2024-04-09 00:00:00+08:00,2006.0,5292.2,5338.8,5284.2,5334.2,38161.0,77333.0,71430.0,KQ.m@CFFEX.IC,86400
2509,2024-04-10 00:00:00+08:00,2007.0,5327.4,5330.6,5225.4,5269.0,46073.0,71430.0,74638.0,KQ.m@CFFEX.IC,86400
2510,2024-04-11 00:00:00+08:00,2008.0,5244.0,5360.0,5233.8,5303.0,49594.0,74638.0,69638.0,KQ.m@CFFEX.IC,86400
2511,2024-04-12 00:00:00+08:00,2009.0,5313.0,5341.0,5260.0,5263.2,45254.0,69638.0,66969.0,KQ.m@CFFEX.IC,86400
2512,2024-04-15 00:00:00+08:00,2010.0,5268.6,5385.4,5216.8,5345.0,61873.0,66969.0,67012.0,KQ.m@CFFEX.IC,86400
2513,2024-04-16 00:00:00+08:00,2011.0,5325.6,5353.6,5175.6,5198.0,62405.0,67012.0,58968.0,KQ.m@CFFEX.IC,86400
2514,2024-04-17 00:00:00+08:00,2012.0,5245.2,5346.6,5221.0,5341.8,57438.0,58968.0,43600.0,KQ.m@CFFEX.IC,86400
2515,2024-04-18 00:00:00+08:00,2013.0,5311.0,5406.4,5278.6,5336.8,40593.0,43600.0,62892.0,KQ.m@CFFEX.IC,86400
2516,2024-04-19 00:00:00+08:00,2014.0,5324.8,5358.8,5271.0,5288.0,46356.0,62892.0,71294.0,KQ.m@CFFEX.IC,86400
2517,2024-04-22 00:00:00+08:00,2015.0,5271.0,5332.2,5235.6,5246.2,40714.0,71294.0,70069.0,KQ.m@CFFEX.IC,86400
2518,2024-04-23 00:00:00+08:00,2016.0,5255.8,5285.0,5174.8,5185.6,42948.0,70069.0,72218.0,KQ.m@CFFEX.IC,86400
2519,2024-04-24 00:00:00+08:00,2017.0,5210.0,5253.6,5160.4,5251.0,37906.0,72218.0,67484.0,KQ.m@CFFEX.IC,86400
2520,2024-04-25 00:00:00+08:00,2018.0,5230.0,5288.8,5212.0,5246.8,39479.0,67484.0,69547.0,KQ.m@CFFEX.IC,86400
2521,2024-04-26 00:00:00+08:00,2019.0,5262.0,5391.2,5262.0,5373.4,54249.0,69547.0,69033.0,KQ.m@CFFEX.IC,86400
2522,2024-04-29 00:00:00+08:00,2020.0,5395.0,5505.4,5393.0,5484.8,47894.0,69033.0,64704.0,KQ.m@CFFEX.IC,86400
2523,2024-04-30 00:00:00+08:00,2021.0,5489.8,5493.0,5438.0,5442.0,34131.0,64704.0,60240.0,KQ.m@CFFEX.IC,86400
2524,2024-05-06 00:00:00+08:00,2022.0,5528.6,5548.0,5500.2,5523.4,39670.0,60240.0,60437.0,KQ.m@CFFEX.IC,86400
2525,2024-05-07 00:00:00+08:00,2023.0,5528.0,5542.8,5501.2,5522.0,27593.0,60437.0,55708.0,KQ.m@CFFEX.IC,86400
2526,2024-05-08 00:00:00+08:00,2024.0,5507.0,5508.8,5444.6,5450.6,29707.0,55708.0,55026.0,KQ.m@CFFEX.IC,86400
2527,2024-05-09 00:00:00+08:00,2025.0,5467.8,5572.0,5459.8,5548.6,37228.0,55026.0,54778.0,KQ.m@CFFEX.IC,86400
2528,2024-05-10 00:00:00+08:00,2026.0,5558.6,5576.8,5486.2,5530.8,37466.0,54778.0,54730.0,KQ.m@CFFEX.IC,86400
2529,2024-05-13 00:00:00+08:00,2027.0,5483.6,5526.6,5451.0,5497.0,38609.0,54730.0,49042.0,KQ.m@CFFEX.IC,86400
2530,2024-05-14 00:00:00+08:00,2028.0,5518.0,5544.2,5473.2,5488.6,34136.0,49042.0,42045.0,KQ.m@CFFEX.IC,86400
2531,2024-05-15 00:00:00+08:00,2029.0,5483.0,5492.6,5428.0,5443.4,31763.0,42045.0,31948.0,KQ.m@CFFEX.IC,86400
2532,2024-05-16 00:00:00+08:00,2030.0,5431.0,5445.0,5358.6,5378.4,47928.0,31948.0,139471.0,KQ.m@CFFEX.IC,86400
2533,2024-05-17 00:00:00+08:00,2031.0,5386.4,5468.2,5370.0,5460.4,59718.0,139471.0,146236.0,KQ.m@CFFEX.IC,86400
2534,2024-05-20 00:00:00+08:00,2032.0,5472.0,5511.6,5446.6,5474.0,49483.0,146236.0,143402.0,KQ.m@CFFEX.IC,86400
2535,2024-05-21 00:00:00+08:00,2033.0,5466.0,5474.2,5414.8,5440.6,36500.0,143402.0,139151.0,KQ.m@CFFEX.IC,86400
2536,2024-05-22 00:00:00+08:00,2034.0,5440.0,5448.0,5410.6,5424.0,33716.0,139151.0,137594.0,KQ.m@CFFEX.IC,86400
2537,2024-05-23 00:00:00+08:00,2035.0,5405.8,5410.0,5300.4,5326.0,49426.0,137594.0,139981.0,KQ.m@CFFEX.IC,86400
2538,2024-05-24 00:00:00+08:00,2036.0,5320.0,5368.8,5266.6,5270.4,48421.0,139981.0,136215.0,KQ.m@CFFEX.IC,86400
2539,2024-05-27 00:00:00+08:00,2037.0,5292.6,5329.8,5238.6,5322.4,46017.0,136215.0,134563.0,KQ.m@CFFEX.IC,86400
2540,2024-05-28 00:00:00+08:00,2038.0,5312.8,5322.0,5261.2,5280.0,42705.0,134563.0,130995.0,KQ.m@CFFEX.IC,86400
2541,2024-05-29 00:00:00+08:00,2039.0,5284.2,5337.0,5267.6,5290.0,47891.0,130995.0,131357.0,KQ.m@CFFEX.IC,86400
2542,2024-05-30 00:00:00+08:00,2040.0,5279.4,5324.8,5260.6,5287.0,46055.0,131357.0,130700.0,KQ.m@CFFEX.IC,86400
2543,2024-05-31 00:00:00+08:00,2041.0,5317.4,5341.6,5280.2,5282.2,42065.0,130700.0,127291.0,KQ.m@CFFEX.IC,86400
2544,2024-06-03 00:00:00+08:00,2042.0,5280.2,5295.0,5194.0,5239.8,53319.0,127291.0,129982.0,KQ.m@CFFEX.IC,86400
2545,2024-06-04 00:00:00+08:00,2043.0,5229.0,5330.0,5218.0,5307.2,53950.0,129982.0,124382.0,KQ.m@CFFEX.IC,86400
2546,2024-06-05 00:00:00+08:00,2044.0,5300.2,5318.0,5245.6,5247.6,41265.0,124382.0,120090.0,KQ.m@CFFEX.IC,86400
2547,2024-06-06 00:00:00+08:00,2045.0,5279.0,5285.6,5183.6,5208.2,61802.0,120090.0,125513.0,KQ.m@CFFEX.IC,86400
2548,2024-06-07 00:00:00+08:00,2046.0,5240.0,5248.6,5149.0,5178.0,53160.0,125513.0,117522.0,KQ.m@CFFEX.IC,86400
2549,2024-06-11 00:00:00+08:00,2047.0,5155.0,5217.8,5134.2,5198.6,46475.0,117522.0,114628.0,KQ.m@CFFEX.IC,86400
2550,2024-06-12 00:00:00+08:00,2048.0,5190.0,5228.8,5186.0,5210.0,39378.0,114628.0,107441.0,KQ.m@CFFEX.IC,86400
2551,2024-06-13 00:00:00+08:00,2049.0,5218.2,5222.8,5162.2,5184.0,42403.0,107441.0,105389.0,KQ.m@CFFEX.IC,86400
2552,2024-06-14 00:00:00+08:00,2050.0,5177.4,5239.0,5152.0,5211.6,58607.0,105389.0,101834.0,KQ.m@CFFEX.IC,86400
2553,2024-06-17 00:00:00+08:00,2051.0,5193.0,5220.8,5186.2,5198.2,44082.0,101834.0,85316.0,KQ.m@CFFEX.IC,86400
2554,2024-06-18 00:00:00+08:00,2052.0,5206.0,5247.8,5201.8,5226.6,50125.0,85316.0,73449.0,KQ.m@CFFEX.IC,86400
2555,2024-06-19 00:00:00+08:00,2053.0,5237.0,5244.8,5162.4,5169.2,50079.0,73449.0,54168.0,KQ.m@CFFEX.IC,86400
2556,2024-06-20 00:00:00+08:00,2054.0,5134.6,5153.8,5052.0,5058.8,38865.0,54168.0,73173.0,KQ.m@CFFEX.IC,86400
2557,2024-06-21 00:00:00+08:00,2055.0,5049.0,5097.4,5041.4,5060.6,46410.0,73173.0,84177.0,KQ.m@CFFEX.IC,86400
2558,2024-06-24 00:00:00+08:00,2056.0,5040.0,5048.0,4949.2,4965.0,56646.0,84177.0,91613.0,KQ.m@CFFEX.IC,86400
2559,2024-06-25 00:00:00+08:00,2057.0,4978.2,4982.8,4882.4,4923.4,55099.0,91613.0,87480.0,KQ.m@CFFEX.IC,86400
2560,2024-06-26 00:00:00+08:00,2058.0,4922.0,5003.8,4886.6,4990.2,55463.0,87480.0,89747.0,KQ.m@CFFEX.IC,86400
2561,2024-06-27 00:00:00+08:00,2059.0,4979.0,4981.8,4892.0,4908.0,47806.0,89747.0,85347.0,KQ.m@CFFEX.IC,86400
2562,2024-06-28 00:00:00+08:00,2060.0,4900.6,4992.0,4897.2,4909.0,53004.0,85347.0,85881.0,KQ.m@CFFEX.IC,86400
2563,2024-07-01 00:00:00+08:00,2061.0,4921.2,4998.4,4898.2,4968.2,45638.0,85881.0,81015.0,KQ.m@CFFEX.IC,86400
2564,2024-07-02 00:00:00+08:00,2062.0,4965.0,4973.2,4902.4,4924.6,41411.0,81015.0,81373.0,KQ.m@CFFEX.IC,86400
2565,2024-07-03 00:00:00+08:00,2063.0,4923.2,4933.2,4875.0,4879.8,39403.0,81373.0,80403.0,KQ.m@CFFEX.IC,86400
2566,2024-07-04 00:00:00+08:00,2064.0,4894.4,4907.8,4795.0,4803.8,45177.0,80403.0,82880.0,KQ.m@CFFEX.IC,86400
2567,2024-07-05 00:00:00+08:00,2065.0,4807.0,4857.6,4771.2,4842.0,48528.0,82880.0,80750.0,KQ.m@CFFEX.IC,86400
2568,2024-07-08 00:00:00+08:00,2066.0,4837.0,4840.0,4738.6,4762.4,42429.0,80750.0,79318.0,KQ.m@CFFEX.IC,86400
2569,2024-07-09 00:00:00+08:00,2067.0,4758.0,4881.0,4731.2,4854.8,60958.0,79318.0,83955.0,KQ.m@CFFEX.IC,86400
2570,2024-07-10 00:00:00+08:00,2068.0,4850.0,4881.8,4827.0,4831.4,40434.0,83955.0,73064.0,KQ.m@CFFEX.IC,86400
2571,2024-07-11 00:00:00+08:00,2069.0,4887.6,4939.6,4855.2,4925.4,47850.0,73064.0,73676.0,KQ.m@CFFEX.IC,86400
2572,2024-07-12 00:00:00+08:00,2070.0,4920.0,4934.6,4893.6,4908.0,32287.0,73676.0,66163.0,KQ.m@CFFEX.IC,86400
2573,2024-07-15 00:00:00+08:00,2071.0,4895.0,4898.0,4851.0,4862.6,36883.0,66163.0,62485.0,KQ.m@CFFEX.IC,86400
2574,2024-07-16 00:00:00+08:00,2072.0,4861.2,4903.0,4834.2,4881.2,42351.0,62485.0,54561.0,KQ.m@CFFEX.IC,86400
2575,2024-07-17 00:00:00+08:00,2073.0,4880.0,4894.8,4840.0,4851.2,41903.0,54561.0,42908.0,KQ.m@CFFEX.IC,86400
2576,2024-07-18 00:00:00+08:00,2074.0,4802.0,4855.0,4758.2,4853.4,41540.0,42908.0,58530.0,KQ.m@CFFEX.IC,86400
2577,2024-07-19 00:00:00+08:00,2075.0,4830.0,4882.2,4807.8,4846.2,45201.0,58530.0,66032.0,KQ.m@CFFEX.IC,86400
2578,2024-07-22 00:00:00+08:00,2076.0,4857.0,4874.4,4807.0,4834.4,35928.0,66032.0,62556.0,KQ.m@CFFEX.IC,86400
2579,2024-07-23 00:00:00+08:00,2077.0,4845.0,4855.0,4690.2,4691.0,43339.0,62556.0,68698.0,KQ.m@CFFEX.IC,86400
2580,2024-07-24 00:00:00+08:00,2078.0,4691.2,4711.4,4624.8,4631.4,49659.0,68698.0,71779.0,KQ.m@CFFEX.IC,86400
2581,2024-07-25 00:00:00+08:00,2079.0,4616.2,4692.8,4608.0,4627.2,49530.0,71779.0,69577.0,KQ.m@CFFEX.IC,86400
2582,2024-07-26 00:00:00+08:00,2080.0,4652.4,4727.0,4647.2,4709.4,47643.0,69577.0,64715.0,KQ.m@CFFEX.IC,86400
2583,2024-07-29 00:00:00+08:00,2081.0,4718.0,4719.4,4672.0,4679.4,32458.0,64715.0,61877.0,KQ.m@CFFEX.IC,86400
2584,2024-07-30 00:00:00+08:00,2082.0,4666.0,4694.0,4618.6,4673.0,40323.0,61877.0,64786.0,KQ.m@CFFEX.IC,86400
2585,2024-07-31 00:00:00+08:00,2083.0,4676.0,4892.4,4660.0,4890.2,65007.0,64786.0,67227.0,KQ.m@CFFEX.IC,86400
2586,2024-08-01 00:00:00+08:00,2084.0,4893.6,4936.2,4816.6,4841.0,47712.0,67227.0,61766.0,KQ.m@CFFEX.IC,86400
2587,2024-08-02 00:00:00+08:00,2085.0,4805.2,4871.4,4768.2,4777.8,44787.0,61766.0,62374.0,KQ.m@CFFEX.IC,86400
2588,2024-08-05 00:00:00+08:00,2086.0,4753.0,4849.6,4676.4,4689.8,63016.0,62374.0,68586.0,KQ.m@CFFEX.IC,86400
2589,2024-08-06 00:00:00+08:00,2087.0,4759.6,4777.2,4685.4,4738.2,47514.0,68586.0,60159.0,KQ.m@CFFEX.IC,86400
2590,2024-08-07 00:00:00+08:00,2088.0,4730.0,4780.0,4704.0,4735.6,38749.0,60159.0,56394.0,KQ.m@CFFEX.IC,86400
2591,2024-08-08 00:00:00+08:00,2089.0,4727.0,4793.0,4691.4,4752.4,45060.0,56394.0,57247.0,KQ.m@CFFEX.IC,86400
2592,2024-08-09 00:00:00+08:00,2090.0,4783.8,4808.2,4703.2,4707.8,38544.0,57247.0,51672.0,KQ.m@CFFEX.IC,86400
2593,2024-08-12 00:00:00+08:00,2091.0,4705.0,4738.0,4683.2,4717.6,35050.0,51672.0,48471.0,KQ.m@CFFEX.IC,86400
2594,2024-08-13 00:00:00+08:00,2092.0,4719.0,4734.8,4675.0,4729.2,37932.0,48471.0,42772.0,KQ.m@CFFEX.IC,86400
2595,2024-08-14 00:00:00+08:00,2093.0,4726.2,4728.8,4653.2,4653.8,35579.0,42772.0,31077.0,KQ.m@CFFEX.IC,86400
2596,2024-08-15 00:00:00+08:00,2094.0,4618.0,4735.8,4616.0,4661.2,60654.0,31077.0,136994.0,KQ.m@CFFEX.IC,86400
2597,2024-08-16 00:00:00+08:00,2095.0,4676.8,4685.4,4639.0,4642.8,44945.0,136994.0,134326.0,KQ.m@CFFEX.IC,86400
2598,2024-08-19 00:00:00+08:00,2096.0,4640.4,4720.4,4638.8,4662.0,44914.0,134326.0,136594.0,KQ.m@CFFEX.IC,86400
2599,2024-08-20 00:00:00+08:00,2097.0,4668.0,4670.0,4553.2,4572.0,56620.0,136594.0,136971.0,KQ.m@CFFEX.IC,86400
2600,2024-08-21 00:00:00+08:00,2098.0,4569.2,4586.0,4556.6,4570.6,36116.0,136971.0,130895.0,KQ.m@CFFEX.IC,86400
2601,2024-08-22 00:00:00+08:00,2099.0,4581.0,4582.0,4497.0,4514.6,49428.0,130895.0,135888.0,KQ.m@CFFEX.IC,86400
2602,2024-08-23 00:00:00+08:00,2100.0,4515.6,4538.6,4500.6,4518.6,46541.0,135888.0,130612.0,KQ.m@CFFEX.IC,86400
2603,2024-08-26 00:00:00+08:00,2101.0,4535.0,4548.0,4505.2,4527.0,39957.0,130612.0,129985.0,KQ.m@CFFEX.IC,86400
2604,2024-08-27 00:00:00+08:00,2102.0,4517.8,4518.0,4472.8,4480.2,42750.0,129985.0,126574.0,KQ.m@CFFEX.IC,86400
2605,2024-08-28 00:00:00+08:00,2103.0,4475.4,4520.6,4468.0,4483.0,44030.0,126574.0,125415.0,KQ.m@CFFEX.IC,86400
2606,2024-08-29 00:00:00+08:00,2104.0,4468.0,4576.2,4461.6,4547.2,61142.0,125415.0,127976.0,KQ.m@CFFEX.IC,86400
2607,2024-08-30 00:00:00+08:00,2105.0,4547.4,4711.2,4542.0,4628.4,78511.0,127976.0,125643.0,KQ.m@CFFEX.IC,86400
2608,2024-09-02 00:00:00+08:00,2106.0,4623.0,4631.8,4526.8,4532.4,49899.0,125643.0,117722.0,KQ.m@CFFEX.IC,86400
2609,2024-09-03 00:00:00+08:00,2107.0,4541.0,4607.6,4532.8,4576.0,50062.0,117722.0,117199.0,KQ.m@CFFEX.IC,86400
2610,2024-09-04 00:00:00+08:00,2108.0,4555.0,4618.4,4532.0,4569.2,50798.0,117199.0,112275.0,KQ.m@CFFEX.IC,86400
2611,2024-09-05 00:00:00+08:00,2109.0,4581.0,4628.6,4569.6,4592.4,43941.0,112275.0,108401.0,KQ.m@CFFEX.IC,86400
2612,2024-09-06 00:00:00+08:00,2110.0,4604.8,4615.4,4512.8,4524.2,50076.0,108401.0,105680.0,KQ.m@CFFEX.IC,86400
2613,2024-09-09 00:00:00+08:00,2111.0,4514.0,4543.0,4475.0,4494.6,50661.0,105680.0,102710.0,KQ.m@CFFEX.IC,86400
2614,2024-09-10 00:00:00+08:00,2112.0,4505.0,4524.2,4411.6,4493.0,67033.0,102710.0,103023.0,KQ.m@CFFEX.IC,86400
2615,2024-09-11 00:00:00+08:00,2113.0,4484.4,4525.0,4463.2,4509.2,48234.0,103023.0,89613.0,KQ.m@CFFEX.IC,86400
2616,2024-09-12 00:00:00+08:00,2114.0,4524.8,4573.8,4485.4,4496.4,52479.0,89613.0,86927.0,KQ.m@CFFEX.IC,86400
2617,2024-09-13 00:00:00+08:00,2115.0,4505.0,4510.0,4444.0,4444.8,49248.0,86927.0,73474.0,KQ.m@CFFEX.IC,86400
2618,2024-09-18 00:00:00+08:00,2116.0,4451.2,4476.6,4385.0,4460.0,61868.0,73474.0,58145.0,KQ.m@CFFEX.IC,86400
2619,2024-09-19 00:00:00+08:00,2117.0,4448.6,4557.0,4400.0,4508.6,51097.0,58145.0,68067.0,KQ.m@CFFEX.IC,86400
2620,2024-09-20 00:00:00+08:00,2118.0,4498.0,4500.0,4446.2,4474.8,49475.0,68067.0,76816.0,KQ.m@CFFEX.IC,86400
2621,2024-09-23 00:00:00+08:00,2119.0,4469.0,4538.8,4452.8,4478.4,45993.0,76816.0,75491.0,KQ.m@CFFEX.IC,86400
2622,2024-09-24 00:00:00+08:00,2120.0,4531.8,4706.0,4490.8,4705.6,90166.0,75491.0,94988.0,KQ.m@CFFEX.IC,86400
2623,2024-09-25 00:00:00+08:00,2121.0,4756.8,4851.4,4720.4,4732.0,83625.0,94988.0,81009.0,KQ.m@CFFEX.IC,86400
2624,2024-09-26 00:00:00+08:00,2122.0,4731.6,5002.0,4723.2,4995.2,85335.0,81009.0,88026.0,KQ.m@CFFEX.IC,86400
2625,2024-09-27 00:00:00+08:00,2123.0,5099.0,5432.4,5027.0,5430.2,130777.0,88026.0,86381.0,KQ.m@CFFEX.IC,86400
2626,2024-09-30 00:00:00+08:00,2124.0,5636.6,5902.8,5451.0,5902.8,120986.0,86381.0,79435.0,KQ.m@CFFEX.IC,86400
2627,2024-10-08 00:00:00+08:00,2125.0,6483.0,6483.0,5876.0,6098.2,152218.0,79435.0,75282.0,KQ.m@CFFEX.IC,86400
2628,2024-10-09 00:00:00+08:00,2126.0,6008.0,6108.2,5690.0,5790.8,137726.0,75282.0,77596.0,KQ.m@CFFEX.IC,86400
2629,2024-10-10 00:00:00+08:00,2127.0,5854.0,5915.6,5635.4,5712.6,105722.0,77596.0,75588.0,KQ.m@CFFEX.IC,86400
2630,2024-10-11 00:00:00+08:00,2128.0,5681.0,5684.8,5403.6,5485.0,91837.0,75588.0,71095.0,KQ.m@CFFEX.IC,86400
2631,2024-10-14 00:00:00+08:00,2129.0,5534.2,5643.0,5411.2,5605.4,77725.0,71095.0,64894.0,KQ.m@CFFEX.IC,86400
2632,2024-10-15 00:00:00+08:00,2130.0,5568.8,5669.2,5450.2,5456.4,65132.0,64894.0,53556.0,KQ.m@CFFEX.IC,86400
2633,2024-10-16 00:00:00+08:00,2131.0,5411.6,5565.2,5407.6,5463.8,63349.0,53556.0,48601.0,KQ.m@CFFEX.IC,86400
2634,2024-10-17 00:00:00+08:00,2132.0,5494.2,5548.6,5399.6,5401.2,42967.0,48601.0,51455.0,KQ.m@CFFEX.IC,86400
2635,2024-10-18 00:00:00+08:00,2133.0,5423.0,5865.0,5405.4,5613.4,90320.0,51455.0,75520.0,KQ.m@CFFEX.IC,86400
2636,2024-10-21 00:00:00+08:00,2134.0,5657.0,5795.8,5629.8,5686.6,67280.0,75520.0,61197.0,KQ.m@CFFEX.IC,86400
2637,2024-10-22 00:00:00+08:00,2135.0,5682.4,5775.6,5660.0,5750.0,51137.0,61197.0,58879.0,KQ.m@CFFEX.IC,86400
2638,2024-10-23 00:00:00+08:00,2136.0,5729.2,5850.0,5712.6,5755.8,66531.0,58879.0,132028.0,KQ.m@CFFEX.IC,86400
2639,2024-10-24 00:00:00+08:00,2137.0,5731.6,5749.6,5678.0,5710.0,53231.0,132028.0,127202.0,KQ.m@CFFEX.IC,86400
2640,2024-10-25 00:00:00+08:00,2138.0,5724.8,5839.2,5712.4,5797.0,62103.0,127202.0,131157.0,KQ.m@CFFEX.IC,86400
2641,2024-10-28 00:00:00+08:00,2139.0,5802.4,5867.0,5763.0,5857.8,50896.0,131157.0,125430.0,KQ.m@CFFEX.IC,86400
2642,2024-10-29 00:00:00+08:00,2140.0,5881.0,5900.0,5777.0,5800.8,60932.0,125430.0,128113.0,KQ.m@CFFEX.IC,86400
2643,2024-10-30 00:00:00+08:00,2141.0,5791.0,5858.6,5746.8,5814.4,61665.0,128113.0,126673.0,KQ.m@CFFEX.IC,86400
2644,2024-10-31 00:00:00+08:00,2142.0,5821.0,5920.8,5783.6,5859.6,76331.0,126673.0,130021.0,KQ.m@CFFEX.IC,86400
2645,2024-11-01 00:00:00+08:00,2143.0,5851.0,5899.0,5773.8,5821.0,74508.0,130021.0,128218.0,KQ.m@CFFEX.IC,86400
2646,2024-11-04 00:00:00+08:00,2144.0,5838.0,5920.0,5822.0,5917.4,52732.0,128218.0,125022.0,KQ.m@CFFEX.IC,86400
2647,2024-11-05 00:00:00+08:00,2145.0,5907.6,6118.6,5889.0,6093.8,77965.0,125022.0,133194.0,KQ.m@CFFEX.IC,86400
2648,2024-11-06 00:00:00+08:00,2146.0,6100.0,6186.6,6044.0,6096.0,89343.0,133194.0,131757.0,KQ.m@CFFEX.IC,86400
2649,2024-11-07 00:00:00+08:00,2147.0,6066.0,6219.6,6044.0,6207.8,73005.0,131757.0,128719.0,KQ.m@CFFEX.IC,86400
2650,2024-11-08 00:00:00+08:00,2148.0,6267.6,6304.8,6151.6,6174.0,81457.0,128719.0,130741.0,KQ.m@CFFEX.IC,86400
2651,2024-11-11 00:00:00+08:00,2149.0,6148.8,6274.6,6134.0,6240.0,72838.0,130741.0,126557.0,KQ.m@CFFEX.IC,86400
2652,2024-11-12 00:00:00+08:00,2150.0,6249.8,6316.8,6153.0,6184.0,84331.0,126557.0,130737.0,KQ.m@CFFEX.IC,86400
2653,2024-11-13 00:00:00+08:00,2151.0,6150.8,6220.0,6118.4,6186.4,77789.0,130737.0,130456.0,KQ.m@CFFEX.IC,86400
2654,2024-11-14 00:00:00+08:00,2152.0,6170.0,6174.8,6035.2,6057.4,84085.0,130456.0,137171.0,KQ.m@CFFEX.IC,86400
2655,2024-11-15 00:00:00+08:00,2153.0,6065.6,6076.6,5909.0,5913.2,102856.0,137171.0,146968.0,KQ.m@CFFEX.IC,86400
2656,2024-11-18 00:00:00+08:00,2154.0,5945.0,5949.0,5772.2,5822.0,99016.0,146968.0,147138.0,KQ.m@CFFEX.IC,86400
2657,2024-11-19 00:00:00+08:00,2155.0,5836.8,5915.0,5769.0,5890.2,96561.0,147138.0,141704.0,KQ.m@CFFEX.IC,86400
2658,2024-11-20 00:00:00+08:00,2156.0,5877.6,5979.8,5872.0,5943.8,83254.0,141704.0,135112.0,KQ.m@CFFEX.IC,86400
2659,2024-11-21 00:00:00+08:00,2157.0,5932.0,5962.8,5891.2,5933.4,67277.0,135112.0,130116.0,KQ.m@CFFEX.IC,86400
2660,2024-11-22 00:00:00+08:00,2158.0,5928.0,5937.4,5703.6,5709.0,87656.0,130116.0,138053.0,KQ.m@CFFEX.IC,86400
2661,2024-11-25 00:00:00+08:00,2159.0,5732.4,5739.0,5628.0,5688.8,89635.0,138053.0,134408.0,KQ.m@CFFEX.IC,86400
2662,2024-11-26 00:00:00+08:00,2160.0,5670.4,5726.0,5631.2,5652.8,74672.0,134408.0,126937.0,KQ.m@CFFEX.IC,86400
2663,2024-11-27 00:00:00+08:00,2161.0,5642.0,5784.8,5571.6,5767.6,98774.0,126937.0,132981.0,KQ.m@CFFEX.IC,86400
2664,2024-11-28 00:00:00+08:00,2162.0,5756.8,5798.0,5700.6,5723.6,73551.0,132981.0,122078.0,KQ.m@CFFEX.IC,86400
2665,2024-11-29 00:00:00+08:00,2163.0,5730.0,5892.6,5702.0,5822.4,97959.0,122078.0,127620.0,KQ.m@CFFEX.IC,86400
2666,2024-12-02 00:00:00+08:00,2164.0,5828.8,5948.0,5822.2,5912.0,79923.0,127620.0,117198.0,KQ.m@CFFEX.IC,86400
2667,2024-12-03 00:00:00+08:00,2165.0,5915.4,5938.2,5851.2,5903.2,73607.0,117198.0,115373.0,KQ.m@CFFEX.IC,86400
2668,2024-12-04 00:00:00+08:00,2166.0,5893.8,5913.4,5818.2,5860.0,64609.0,115373.0,109719.0,KQ.m@CFFEX.IC,86400
2669,2024-12-05 00:00:00+08:00,2167.0,5844.6,5908.0,5826.4,5878.0,63859.0,109719.0,111266.0,KQ.m@CFFEX.IC,86400
2670,2024-12-06 00:00:00+08:00,2168.0,5880.8,6006.4,5838.2,5963.4,89397.0,111266.0,116512.0,KQ.m@CFFEX.IC,86400
2671,2024-12-09 00:00:00+08:00,2169.0,5960.0,5985.0,5880.0,5922.6,65617.0,116512.0,104031.0,KQ.m@CFFEX.IC,86400
2672,2024-12-10 00:00:00+08:00,2170.0,6130.4,6165.0,5967.6,5991.4,84052.0,104031.0,110258.0,KQ.m@CFFEX.IC,86400
2673,2024-12-11 00:00:00+08:00,2171.0,5998.8,6055.4,5985.4,6036.4,63842.0,110258.0,97017.0,KQ.m@CFFEX.IC,86400
2674,2024-12-12 00:00:00+08:00,2172.0,6038.0,6115.6,6018.0,6093.0,64420.0,97017.0,96338.0,KQ.m@CFFEX.IC,86400
2675,2024-12-13 00:00:00+08:00,2173.0,6050.0,6056.4,5966.6,5998.2,82430.0,96338.0,92066.0,KQ.m@CFFEX.IC,86400
2676,2024-12-16 00:00:00+08:00,2174.0,6002.2,6002.2,5888.6,5908.0,60429.0,92066.0,78993.0,KQ.m@CFFEX.IC,86400
2677,2024-12-17 00:00:00+08:00,2175.0,5901.4,5926.6,5840.4,5850.8,66735.0,78993.0,72044.0,KQ.m@CFFEX.IC,86400
2678,2024-12-18 00:00:00+08:00,2176.0,5880.6,5930.0,5850.0,5888.6,55904.0,72044.0,51345.0,KQ.m@CFFEX.IC,86400
2679,2024-12-19 00:00:00+08:00,2177.0,5766.6,5858.0,5740.0,5837.2,34199.0,51345.0,104284.0,KQ.m@CFFEX.IC,86400
2680,2024-12-20 00:00:00+08:00,2178.0,5873.2,5946.4,5870.0,5895.6,47129.0,104284.0,77801.0,KQ.m@CFFEX.IC,86400
2681,2024-12-23 00:00:00+08:00,2179.0,5899.2,5916.0,5799.6,5803.0,55190.0,77801.0,81572.0,KQ.m@CFFEX.IC,86400
2682,2024-12-24 00:00:00+08:00,2180.0,5815.6,5892.2,5815.0,5879.2,54464.0,81572.0,77334.0,KQ.m@CFFEX.IC,86400
2683,2024-12-25 00:00:00+08:00,2181.0,5871.2,5878.2,5771.2,5828.4,59311.0,77334.0,83082.0,KQ.m@CFFEX.IC,86400
2684,2024-12-26 00:00:00+08:00,2182.0,5824.6,5887.0,5820.8,5870.0,40658.0,83082.0,74324.0,KQ.m@CFFEX.IC,86400
2685,2024-12-27 00:00:00+08:00,2183.0,5879.2,5975.6,5860.0,5887.8,54899.0,74324.0,81821.0,KQ.m@CFFEX.IC,86400
2686,2024-12-30 00:00:00+08:00,2184.0,5887.2,5923.6,5855.2,5889.2,45391.0,81821.0,75459.0,KQ.m@CFFEX.IC,86400
2687,2024-12-31 00:00:00+08:00,2185.0,5897.0,5905.0,5691.6,5693.0,64273.0,75459.0,83952.0,KQ.m@CFFEX.IC,86400
2688,2025-01-02 00:00:00+08:00,2186.0,5695.8,5706.8,5477.2,5534.6,65758.0,83952.0,82376.0,KQ.m@CFFEX.IC,86400
2689,2025-01-03 00:00:00+08:00,2187.0,5548.0,5567.0,5408.0,5428.8,70670.0,82376.0,83774.0,KQ.m@CFFEX.IC,86400
2690,2025-01-06 00:00:00+08:00,2188.0,5422.0,5476.0,5381.0,5418.0,61530.0,83774.0,77477.0,KQ.m@CFFEX.IC,86400
2691,2025-01-07 00:00:00+08:00,2189.0,5419.0,5482.0,5395.0,5468.8,54204.0,77477.0,73498.0,KQ.m@CFFEX.IC,86400
2692,2025-01-08 00:00:00+08:00,2190.0,5456.4,5498.8,5308.6,5448.2,73640.0,73498.0,79061.0,KQ.m@CFFEX.IC,86400
2693,2025-01-09 00:00:00+08:00,2191.0,5436.0,5485.8,5427.6,5437.2,43668.0,79061.0,67920.0,KQ.m@CFFEX.IC,86400
2694,2025-01-10 00:00:00+08:00,2192.0,5435.8,5496.0,5365.2,5365.6,49653.0,67920.0,68288.0,KQ.m@CFFEX.IC,86400
2695,2025-01-13 00:00:00+08:00,2193.0,5324.2,5425.6,5321.0,5385.6,60597.0,68288.0,63807.0,KQ.m@CFFEX.IC,86400
2696,2025-01-14 00:00:00+08:00,2194.0,5398.0,5594.6,5369.8,5569.0,67439.0,63807.0,55396.0,KQ.m@CFFEX.IC,86400
2697,2025-01-15 00:00:00+08:00,2195.0,5563.6,5567.6,5511.4,5526.0,43243.0,55396.0,36978.0,KQ.m@CFFEX.IC,86400
2698,2025-01-16 00:00:00+08:00,2196.0,5508.0,5602.0,5457.2,5493.4,49136.0,36978.0,121834.0,KQ.m@CFFEX.IC,86400
2699,2025-01-17 00:00:00+08:00,2197.0,5477.6,5587.8,5468.2,5550.8,57692.0,121834.0,121560.0,KQ.m@CFFEX.IC,86400
2700,2025-01-20 00:00:00+08:00,2198.0,5598.0,5644.2,5564.4,5579.6,49383.0,121560.0,121521.0,KQ.m@CFFEX.IC,86400
2701,2025-01-21 00:00:00+08:00,2199.0,5616.0,5622.4,5536.0,5595.0,47880.0,121521.0,121095.0,KQ.m@CFFEX.IC,86400
2702,2025-01-22 00:00:00+08:00,2200.0,5583.0,5584.0,5510.2,5572.6,49093.0,121095.0,121304.0,KQ.m@CFFEX.IC,86400
2703,2025-01-23 00:00:00+08:00,2201.0,5632.4,5704.0,5536.6,5540.2,73922.0,121304.0,129382.0,KQ.m@CFFEX.IC,86400
2704,2025-01-24 00:00:00+08:00,2202.0,5543.4,5648.0,5540.0,5638.6,62668.0,129382.0,120968.0,KQ.m@CFFEX.IC,86400
2705,2025-01-27 00:00:00+08:00,2203.0,5647.0,5658.8,5525.0,5532.8,48896.0,120968.0,118922.0,KQ.m@CFFEX.IC,86400
2706,2025-02-05 00:00:00+08:00,2204.0,5608.0,5613.0,5540.6,5567.8,51569.0,118922.0,120208.0,KQ.m@CFFEX.IC,86400
2707,2025-02-06 00:00:00+08:00,2205.0,5566.6,5728.0,5551.4,5712.8,60055.0,120208.0,123482.0,KQ.m@CFFEX.IC,86400
2708,2025-02-07 00:00:00+08:00,2206.0,5712.8,5877.4,5703.6,5807.6,79118.0,123482.0,130027.0,KQ.m@CFFEX.IC,86400
2709,2025-02-10 00:00:00+08:00,2207.0,5831.4,5863.8,5804.0,5844.0,50534.0,130027.0,120007.0,KQ.m@CFFEX.IC,86400
2710,2025-02-11 00:00:00+08:00,2208.0,5848.6,5848.8,5782.6,5822.8,46781.0,120007.0,119161.0,KQ.m@CFFEX.IC,86400
2711,2025-02-12 00:00:00+08:00,2209.0,5813.8,5916.2,5809.4,5902.6,58621.0,119161.0,121108.0,KQ.m@CFFEX.IC,86400
2712,2025-02-13 00:00:00+08:00,2210.0,5894.4,5917.8,5850.0,5873.0,59053.0,121108.0,120734.0,KQ.m@CFFEX.IC,86400
2713,2025-02-14 00:00:00+08:00,2211.0,5882.8,5933.8,5855.0,5925.0,62706.0,120734.0,122642.0,KQ.m@CFFEX.IC,86400
2714,2025-02-17 00:00:00+08:00,2212.0,5958.0,5960.0,5860.6,5909.4,64852.0,122642.0,123874.0,KQ.m@CFFEX.IC,86400
2715,2025-02-18 00:00:00+08:00,2213.0,5900.0,5919.2,5783.0,5822.6,69781.0,123874.0,127510.0,KQ.m@CFFEX.IC,86400
2716,2025-02-19 00:00:00+08:00,2214.0,5822.4,5924.6,5806.6,5913.4,70237.0,127510.0,130879.0,KQ.m@CFFEX.IC,86400
2717,2025-02-20 00:00:00+08:00,2215.0,5899.0,5948.8,5881.8,5918.0,63368.0,130879.0,128818.0,KQ.m@CFFEX.IC,86400
2718,2025-02-21 00:00:00+08:00,2216.0,5933.4,6048.2,5909.0,6028.8,81002.0,128818.0,141410.0,KQ.m@CFFEX.IC,86400
2719,2025-02-24 00:00:00+08:00,2217.0,6025.0,6030.0,5958.0,5994.4,71380.0,141410.0,128858.0,KQ.m@CFFEX.IC,86400
2720,2025-02-25 00:00:00+08:00,2218.0,5941.2,5998.8,5916.6,5950.4,68917.0,128858.0,129120.0,KQ.m@CFFEX.IC,86400
2721,2025-02-26 00:00:00+08:00,2219.0,5962.4,6029.6,5922.6,5997.0,79564.0,129120.0,127921.0,KQ.m@CFFEX.IC,86400
2722,2025-02-27 00:00:00+08:00,2220.0,5991.0,6014.4,5888.6,5982.4,84699.0,127921.0,125657.0,KQ.m@CFFEX.IC,86400
2723,2025-02-28 00:00:00+08:00,2221.0,5961.8,5965.0,5808.4,5838.4,85967.0,125657.0,124084.0,KQ.m@CFFEX.IC,86400
2724,2025-03-03 00:00:00+08:00,2222.0,5854.0,5938.0,5822.2,5847.2,80874.0,124084.0,118799.0,KQ.m@CFFEX.IC,86400
2725,2025-03-04 00:00:00+08:00,2223.0,5811.6,5921.4,5810.0,5896.4,67897.0,118799.0,115404.0,KQ.m@CFFEX.IC,86400
2726,2025-03-05 00:00:00+08:00,2224.0,5896.0,5919.0,5837.0,5905.8,71038.0,115404.0,113848.0,KQ.m@CFFEX.IC,86400
2727,2025-03-06 00:00:00+08:00,2225.0,5948.0,6047.0,5940.0,6020.0,77533.0,113848.0,113238.0,KQ.m@CFFEX.IC,86400
2728,2025-03-07 00:00:00+08:00,2226.0,6006.2,6036.0,5968.2,5992.4,64656.0,113238.0,106650.0,KQ.m@CFFEX.IC,86400
2729,2025-03-10 00:00:00+08:00,2227.0,5987.0,6008.4,5920.2,5961.2,66437.0,106650.0,102298.0,KQ.m@CFFEX.IC,86400
2730,2025-03-11 00:00:00+08:00,2228.0,5909.6,6011.8,5901.0,6011.0,68926.0,102298.0,99223.0,KQ.m@CFFEX.IC,86400
2731,2025-03-12 00:00:00+08:00,2229.0,6033.0,6079.8,5998.6,6019.0,67452.0,99223.0,96372.0,KQ.m@CFFEX.IC,86400
2732,2025-03-13 00:00:00+08:00,2230.0,6013.4,6027.8,5914.6,5967.8,71591.0,96372.0,92425.0,KQ.m@CFFEX.IC,86400
2733,2025-03-14 00:00:00+08:00,2231.0,5970.4,6099.2,5951.4,6096.2,85658.0,92425.0,93645.0,KQ.m@CFFEX.IC,86400
2734,2025-03-17 00:00:00+08:00,2232.0,6108.8,6110.0,6077.2,6083.0,57551.0,93645.0,75358.0,KQ.m@CFFEX.IC,86400
2735,2025-03-18 00:00:00+08:00,2233.0,6105.0,6165.0,6094.6,6112.4,54619.0,75358.0,69267.0,KQ.m@CFFEX.IC,86400
2736,2025-03-19 00:00:00+08:00,2234.0,6099.8,6121.0,6058.2,6099.4,53329.0,69267.0,52332.0,KQ.m@CFFEX.IC,86400
2737,2025-03-20 00:00:00+08:00,2235.0,6048.8,6057.2,5994.8,6005.6,34844.0,52332.0,58277.0,KQ.m@CFFEX.IC,86400
2738,2025-03-21 00:00:00+08:00,2236.0,5999.0,6020.0,5880.4,5913.6,58354.0,58277.0,77193.0,KQ.m@CFFEX.IC,86400
2739,2025-03-24 00:00:00+08:00,2237.0,5915.2,5933.4,5838.6,5903.8,52006.0,77193.0,71554.0,KQ.m@CFFEX.IC,86400
2740,2025-03-25 00:00:00+08:00,2238.0,5901.0,5936.0,5864.0,5895.2,49430.0,71554.0,73750.0,KQ.m@CFFEX.IC,86400
2741,2025-03-26 00:00:00+08:00,2239.0,5894.4,5949.8,5893.6,5895.8,46238.0,73750.0,71729.0,KQ.m@CFFEX.IC,86400
2742,2025-03-27 00:00:00+08:00,2240.0,5893.0,5967.0,5836.4,5922.2,52431.0,71729.0,75832.0,KQ.m@CFFEX.IC,86400
2743,2025-03-28 00:00:00+08:00,2241.0,5920.2,5941.4,5855.8,5869.6,44969.0,75832.0,69932.0,KQ.m@CFFEX.IC,86400
2744,2025-03-31 00:00:00+08:00,2242.0,5848.0,5875.0,5751.2,5819.6,54572.0,69932.0,76650.0,KQ.m@CFFEX.IC,86400
2745,2025-04-01 00:00:00+08:00,2243.0,5835.0,5898.2,5825.0,5850.6,42101.0,76650.0,68724.0,KQ.m@CFFEX.IC,86400
2746,2025-04-02 00:00:00+08:00,2244.0,5850.6,5910.8,5843.4,5868.6,35926.0,68724.0,68392.0,KQ.m@CFFEX.IC,86400
2747,2025-04-03 00:00:00+08:00,2245.0,5826.0,5887.8,5788.0,5822.4,51562.0,68392.0,74249.0,KQ.m@CFFEX.IC,86400
2748,2025-04-07 00:00:00+08:00,2246.0,5640.0,5659.8,5236.2,5236.2,77945.0,74249.0,79616.0,KQ.m@CFFEX.IC,86400
2749,2025-04-08 00:00:00+08:00,2247.0,5300.8,5351.4,5172.0,5271.0,89328.0,79616.0,82696.0,KQ.m@CFFEX.IC,86400
2750,2025-04-09 00:00:00+08:00,2248.0,5192.0,5442.6,5101.4,5387.2,89534.0,82696.0,77524.0,KQ.m@CFFEX.IC,86400
2751,2025-04-10 00:00:00+08:00,2249.0,5500.0,5598.8,5467.0,5509.0,60899.0,77524.0,65270.0,KQ.m@CFFEX.IC,86400
2752,2025-04-11 00:00:00+08:00,2250.0,5501.8,5620.0,5492.0,5555.8,48540.0,65270.0,62461.0,KQ.m@CFFEX.IC,86400
2753,2025-04-14 00:00:00+08:00,2251.0,5610.6,5638.0,5580.2,5584.8,38051.0,62461.0,51902.0,KQ.m@CFFEX.IC,86400
2754,2025-04-15 00:00:00+08:00,2252.0,5588.8,5598.8,5542.2,5580.0,38649.0,51902.0,46610.0,KQ.m@CFFEX.IC,86400
2755,2025-04-16 00:00:00+08:00,2253.0,5568.4,5571.0,5483.8,5540.4,44211.0,46610.0,36562.0,KQ.m@CFFEX.IC,86400
2756,2025-04-17 00:00:00+08:00,2254.0,5351.0,5454.0,5347.0,5406.6,44149.0,36562.0,99918.0,KQ.m@CFFEX.IC,86400
2757,2025-04-18 00:00:00+08:00,2255.0,5402.2,5446.0,5366.0,5400.0,42314.0,99918.0,100600.0,KQ.m@CFFEX.IC,86400
2758,2025-04-21 00:00:00+08:00,2256.0,5395.0,5521.8,5375.4,5499.8,42483.0,100600.0,99810.0,KQ.m@CFFEX.IC,86400
2759,2025-04-22 00:00:00+08:00,2257.0,5498.0,5514.6,5467.4,5486.0,37064.0,99810.0,97788.0,KQ.m@CFFEX.IC,86400
2760,2025-04-23 00:00:00+08:00,2258.0,5530.0,5564.6,5476.0,5495.0,45995.0,97788.0,101966.0,KQ.m@CFFEX.IC,86400
2761,2025-04-24 00:00:00+08:00,2259.0,5493.8,5515.6,5443.0,5478.0,39686.0,101966.0,99171.0,KQ.m@CFFEX.IC,86400
2762,2025-04-25 00:00:00+08:00,2260.0,5495.0,5546.2,5467.0,5498.6,43767.0,99171.0,99051.0,KQ.m@CFFEX.IC,86400
2763,2025-04-28 00:00:00+08:00,2261.0,5495.0,5509.0,5444.2,5471.0,37058.0,99051.0,96080.0,KQ.m@CFFEX.IC,86400
2764,2025-04-29 00:00:00+08:00,2262.0,5460.0,5505.8,5440.8,5487.2,34048.0,96080.0,95869.0,KQ.m@CFFEX.IC,86400
2765,2025-04-30 00:00:00+08:00,2263.0,5493.6,5531.8,5484.8,5497.0,38409.0,95869.0,94639.0,KQ.m@CFFEX.IC,86400
2766,2025-05-06 00:00:00+08:00,2264.0,5538.0,5625.4,5537.0,5622.0,43200.0,94639.0,97319.0,KQ.m@CFFEX.IC,86400
2767,2025-05-07 00:00:00+08:00,2265.0,5708.0,5748.0,5591.4,5620.2,54572.0,97319.0,100287.0,KQ.m@CFFEX.IC,86400
2768,2025-05-08 00:00:00+08:00,2266.0,5610.0,5685.6,5609.6,5660.0,43288.0,100287.0,98379.0,KQ.m@CFFEX.IC,86400
2769,2025-05-09 00:00:00+08:00,2267.0,5656.8,5658.0,5583.0,5604.8,44378.0,98379.0,98899.0,KQ.m@CFFEX.IC,86400
2770,2025-05-12 00:00:00+08:00,2268.0,5659.0,5692.0,5625.0,5688.0,52449.0,98899.0,101404.0,KQ.m@CFFEX.IC,86400
2771,2025-05-13 00:00:00+08:00,2269.0,5708.0,5717.8,5639.8,5654.6,49100.0,101404.0,102084.0,KQ.m@CFFEX.IC,86400
2772,2025-05-14 00:00:00+08:00,2270.0,5664.0,5749.2,5635.8,5697.8,72621.0,102084.0,117024.0,KQ.m@CFFEX.IC,86400
2773,2025-05-15 00:00:00+08:00,2271.0,5685.0,5689.8,5602.6,5623.0,58925.0,117024.0,117015.0,KQ.m@CFFEX.IC,86400
2774,2025-05-16 00:00:00+08:00,2272.0,5616.0,5641.6,5601.2,5601.8,47834.0,117015.0,116190.0,KQ.m@CFFEX.IC,86400
2775,2025-05-19 00:00:00+08:00,2273.0,5600.0,5628.0,5548.2,5623.0,51297.0,116190.0,118428.0,KQ.m@CFFEX.IC,86400
2776,2025-05-20 00:00:00+08:00,2274.0,5631.4,5663.0,5596.6,5650.8,45384.0,118428.0,112947.0,KQ.m@CFFEX.IC,86400
2777,2025-05-21 00:00:00+08:00,2275.0,5640.0,5665.8,5628.0,5655.6,39909.0,112947.0,111497.0,KQ.m@CFFEX.IC,86400
2778,2025-05-22 00:00:00+08:00,2276.0,5648.4,5686.6,5598.0,5614.8,53832.0,111497.0,116140.0,KQ.m@CFFEX.IC,86400
2779,2025-05-23 00:00:00+08:00,2277.0,5612.0,5664.8,5557.0,5561.8,67871.0,116140.0,118330.0,KQ.m@CFFEX.IC,86400
2780,2025-05-26 00:00:00+08:00,2278.0,5569.6,5622.0,5560.0,5594.6,56454.0,118330.0,110791.0,KQ.m@CFFEX.IC,86400
2781,2025-05-27 00:00:00+08:00,2279.0,5591.0,5599.8,5545.2,5578.0,52001.0,110791.0,109673.0,KQ.m@CFFEX.IC,86400
2782,2025-05-28 00:00:00+08:00,2280.0,5588.4,5596.0,5549.0,5568.0,42102.0,109673.0,104395.0,KQ.m@CFFEX.IC,86400
2783,2025-05-29 00:00:00+08:00,2281.0,5582.0,5685.2,5572.0,5668.6,68773.0,104395.0,112167.0,KQ.m@CFFEX.IC,86400
2784,2025-05-30 00:00:00+08:00,2282.0,5641.0,5645.0,5590.2,5627.8,53557.0,112167.0,101945.0,KQ.m@CFFEX.IC,86400
2785,2025-06-03 00:00:00+08:00,2283.0,5616.4,5670.8,5603.2,5638.4,46453.0,101945.0,104981.0,KQ.m@CFFEX.IC,86400
2786,2025-06-04 00:00:00+08:00,2284.0,5643.8,5706.0,5641.4,5688.8,38714.0,104981.0,98287.0,KQ.m@CFFEX.IC,86400
2787,2025-06-05 00:00:00+08:00,2285.0,5691.2,5741.0,5671.0,5723.6,43186.0,98287.0,100210.0,KQ.m@CFFEX.IC,86400
2788,2025-06-06 00:00:00+08:00,2286.0,5725.2,5734.6,5708.0,5725.4,34070.0,100210.0,94713.0,KQ.m@CFFEX.IC,86400
2789,2025-06-09 00:00:00+08:00,2287.0,5740.0,5801.0,5729.8,5766.4,46713.0,94713.0,99590.0,KQ.m@CFFEX.IC,86400
2790,2025-06-10 00:00:00+08:00,2288.0,5767.8,5774.0,5685.6,5718.2,52147.0,99590.0,93852.0,KQ.m@CFFEX.IC,86400
2791,2025-06-11 00:00:00+08:00,2289.0,5734.0,5800.0,5725.2,5761.2,47295.0,93852.0,89802.0,KQ.m@CFFEX.IC,86400
2792,2025-06-12 00:00:00+08:00,2290.0,5751.0,5787.6,5731.4,5780.0,40513.0,89802.0,84586.0,KQ.m@CFFEX.IC,86400
2793,2025-06-13 00:00:00+08:00,2291.0,5766.6,5774.0,5705.0,5729.0,53130.0,84586.0,81891.0,KQ.m@CFFEX.IC,86400
2794,2025-06-16 00:00:00+08:00,2292.0,5722.8,5773.4,5718.4,5756.2,47548.0,81891.0,69823.0,KQ.m@CFFEX.IC,86400
2795,2025-06-17 00:00:00+08:00,2293.0,5760.2,5768.8,5726.4,5748.4,45830.0,69823.0,60777.0,KQ.m@CFFEX.IC,86400
2796,2025-06-18 00:00:00+08:00,2294.0,5742.2,5755.0,5700.0,5738.0,43253.0,60777.0,49346.0,KQ.m@CFFEX.IC,86400
2797,2025-06-19 00:00:00+08:00,2295.0,5553.2,5569.6,5477.0,5504.4,27057.0,49346.0,85504.0,KQ.m@CFFEX.IC,86400
2798,2025-06-20 00:00:00+08:00,2296.0,5510.0,5520.6,5480.0,5484.0,26566.0,85504.0,86194.0,KQ.m@CFFEX.IC,86400
2799,2025-06-23 00:00:00+08:00,2297.0,5462.6,5541.0,5457.2,5524.0,30037.0,86194.0,90933.0,KQ.m@CFFEX.IC,86400
2800,2025-06-24 00:00:00+08:00,2298.0,5537.6,5650.4,5536.0,5632.6,37274.0,90933.0,91749.0,KQ.m@CFFEX.IC,86400
2801,2025-06-25 00:00:00+08:00,2299.0,5640.0,5770.8,5634.0,5759.8,44001.0,91749.0,97035.0,KQ.m@CFFEX.IC,86400
2802,2025-06-26 00:00:00+08:00,2300.0,5750.0,5763.2,5722.8,5729.0,29745.0,97035.0,91466.0,KQ.m@CFFEX.IC,86400
2803,2025-06-27 00:00:00+08:00,2301.0,5748.0,5801.0,5724.0,5745.0,32557.0,91466.0,94551.0,KQ.m@CFFEX.IC,86400
2804,2025-06-30 00:00:00+08:00,2302.0,5770.0,5788.6,5748.0,5768.8,27514.0,94551.0,91475.0,KQ.m@CFFEX.IC,86400
2805,2025-07-01 00:00:00+08:00,2303.0,5760.0,5781.2,5722.0,5764.6,26248.0,91475.0,92761.0,KQ.m@CFFEX.IC,86400
2806,2025-07-02 00:00:00+08:00,2304.0,5752.2,5763.6,5724.6,5756.6,25123.0,92761.0,91128.0,KQ.m@CFFEX.IC,86400
2807,2025-07-03 00:00:00+08:00,2305.0,5769.0,5787.8,5735.0,5769.2,26648.0,91128.0,91494.0,KQ.m@CFFEX.IC,86400
2808,2025-07-04 00:00:00+08:00,2306.0,5763.0,5836.0,5726.0,5765.4,40420.0,91494.0,97724.0,KQ.m@CFFEX.IC,86400
2809,2025-07-07 00:00:00+08:00,2307.0,5755.0,5775.0,5735.0,5747.6,21867.0,97724.0,90717.0,KQ.m@CFFEX.IC,86400
2810,2025-07-08 00:00:00+08:00,2308.0,5750.4,5859.8,5743.2,5858.0,36690.0,90717.0,95947.0,KQ.m@CFFEX.IC,86400
2811,2025-07-09 00:00:00+08:00,2309.0,5853.6,5858.0,5818.0,5823.4,26515.0,95947.0,90098.0,KQ.m@CFFEX.IC,86400
2812,2025-07-10 00:00:00+08:00,2310.0,5830.4,5880.4,5813.6,5854.2,28492.0,90098.0,93498.0,KQ.m@CFFEX.IC,86400
2813,2025-07-11 00:00:00+08:00,2311.0,5854.0,5964.8,5829.0,5920.4,47871.0,93498.0,99117.0,KQ.m@CFFEX.IC,86400
2814,2025-07-14 00:00:00+08:00,2312.0,5920.8,5928.0,5895.8,5897.6,22467.0,99117.0,94404.0,KQ.m@CFFEX.IC,86400
2815,2025-07-15 00:00:00+08:00,2313.0,5900.4,5942.0,5847.8,5893.4,38675.0,94404.0,99289.0,KQ.m@CFFEX.IC,86400
2816,2025-07-16 00:00:00+08:00,2314.0,5899.8,5961.2,5873.0,5895.2,37648.0,99289.0,98197.0,KQ.m@CFFEX.IC,86400
2817,2025-07-17 00:00:00+08:00,2315.0,5899.8,5981.0,5890.8,5978.0,38304.0,98197.0,102295.0,KQ.m@CFFEX.IC,86400
2818,2025-07-18 00:00:00+08:00,2316.0,5990.4,6022.0,5968.0,6000.8,41183.0,102295.0,104430.0,KQ.m@CFFEX.IC,86400
2819,2025-07-21 00:00:00+08:00,2317.0,6036.0,6077.4,6022.2,6055.6,42464.0,104430.0,106804.0,KQ.m@CFFEX.IC,86400
2820,2025-07-22 00:00:00+08:00,2318.0,6064.0,6133.0,6050.0,6129.4,49010.0,106804.0,108997.0,KQ.m@CFFEX.IC,86400
2821,2025-07-23 00:00:00+08:00,2319.0,6137.6,6184.8,6101.8,6120.0,54336.0,108997.0,109396.0,KQ.m@CFFEX.IC,86400
2822,2025-07-24 00:00:00+08:00,2320.0,6117.8,6234.6,6115.0,6226.0,49292.0,109396.0,109680.0,KQ.m@CFFEX.IC,86400
2823,2025-07-25 00:00:00+08:00,2321.0,6226.0,6232.0,6189.6,6216.0,39078.0,109680.0,106883.0,KQ.m@CFFEX.IC,86400
2824,2025-07-28 00:00:00+08:00,2322.0,6219.8,6251.8,6176.2,6222.0,46353.0,106883.0,108139.0,KQ.m@CFFEX.IC,86400
2825,2025-07-29 00:00:00+08:00,2323.0,6211.0,6267.0,6161.4,6263.0,46670.0,108139.0,105314.0,KQ.m@CFFEX.IC,86400
2826,2025-07-30 00:00:00+08:00,2324.0,6253.0,6275.0,6173.2,6215.4,58280.0,105314.0,108507.0,KQ.m@CFFEX.IC,86400
2827,2025-07-31 00:00:00+08:00,2325.0,6198.0,6228.0,6084.4,6124.0,65759.0,108507.0,107159.0,KQ.m@CFFEX.IC,86400
2828,2025-08-01 00:00:00+08:00,2326.0,6127.2,6163.8,6078.8,6104.0,49203.0,107159.0,103426.0,KQ.m@CFFEX.IC,86400
2829,2025-08-04 00:00:00+08:00,2327.0,6089.0,6169.8,6083.2,6169.0,42885.0,103426.0,102178.0,KQ.m@CFFEX.IC,86400
2830,2025-08-05 00:00:00+08:00,2328.0,6181.0,6204.0,6160.0,6198.6,34079.0,102178.0,100647.0,KQ.m@CFFEX.IC,86400
2831,2025-08-06 00:00:00+08:00,2329.0,6196.0,6274.0,6192.0,6263.2,37260.0,100647.0,103512.0,KQ.m@CFFEX.IC,86400
2832,2025-08-07 00:00:00+08:00,2330.0,6262.4,6288.8,6195.2,6226.4,48504.0,103512.0,106065.0,KQ.m@CFFEX.IC,86400
2833,2025-08-08 00:00:00+08:00,2331.0,6219.2,6251.0,6196.0,6227.0,37017.0,106065.0,101969.0,KQ.m@CFFEX.IC,86400
2834,2025-08-11 00:00:00+08:00,2332.0,6250.0,6339.0,6240.8,6298.8,48225.0,101969.0,108767.0,KQ.m@CFFEX.IC,86400
2835,2025-08-12 00:00:00+08:00,2333.0,6303.2,6347.8,6281.0,6342.6,42560.0,108767.0,106131.0,KQ.m@CFFEX.IC,86400
2836,2025-08-13 00:00:00+08:00,2334.0,6356.8,6466.0,6351.0,6451.8,57282.0,106131.0,118359.0,KQ.m@CFFEX.IC,86400
2837,2025-08-14 00:00:00+08:00,2335.0,6466.0,6469.2,6358.2,6380.2,65643.0,118359.0,119381.0,KQ.m@CFFEX.IC,86400
2838,2025-08-15 00:00:00+08:00,2336.0,6366.0,6541.0,6365.0,6531.0,77380.0,119381.0,133486.0,KQ.m@CFFEX.IC,86400
2839,2025-08-18 00:00:00+08:00,2337.0,6555.6,6684.6,6530.0,6608.0,83689.0,133486.0,129184.0,KQ.m@CFFEX.IC,86400
2840,2025-08-19 00:00:00+08:00,2338.0,6608.0,6652.0,6583.2,6600.0,64150.0,129184.0,123458.0,KQ.m@CFFEX.IC,86400
2841,2025-08-20 00:00:00+08:00,2339.0,6567.8,6699.4,6522.0,6695.2,77339.0,123458.0,127360.0,KQ.m@CFFEX.IC,86400
2842,2025-08-21 00:00:00+08:00,2340.0,6703.0,6724.4,6618.4,6656.4,75992.0,127360.0,121846.0,KQ.m@CFFEX.IC,86400
2843,2025-08-22 00:00:00+08:00,2341.0,6666.0,6812.0,6660.2,6810.4,81929.0,121846.0,124020.0,KQ.m@CFFEX.IC,86400
2844,2025-08-25 00:00:00+08:00,2342.0,6845.6,6958.2,6831.0,6909.6,93555.0,124020.0,127766.0,KQ.m@CFFEX.IC,86400
2845,2025-08-26 00:00:00+08:00,2343.0,6888.0,6983.2,6872.0,6916.4,75616.0,127766.0,117469.0,KQ.m@CFFEX.IC,86400
2846,2025-08-27 00:00:00+08:00,2344.0,6930.0,7042.8,6813.4,6837.8,109151.0,117469.0,130217.0,KQ.m@CFFEX.IC,86400
2847,2025-08-28 00:00:00+08:00,2345.0,6849.0,6977.2,6761.4,6967.0,114593.0,130217.0,126262.0,KQ.m@CFFEX.IC,86400
2848,2025-08-29 00:00:00+08:00,2346.0,6965.8,7039.4,6925.2,6996.8,102806.0,126262.0,123989.0,KQ.m@CFFEX.IC,86400
2849,2025-09-01 00:00:00+08:00,2347.0,7034.0,7065.0,6975.0,7014.8,76930.0,123989.0,112621.0,KQ.m@CFFEX.IC,86400
2850,2025-09-02 00:00:00+08:00,2348.0,7025.0,7031.8,6830.0,6896.2,105870.0,112621.0,124446.0,KQ.m@CFFEX.IC,86400
2851,2025-09-03 00:00:00+08:00,2349.0,6934.4,6945.0,6758.2,6788.8,100697.0,124446.0,116185.0,KQ.m@CFFEX.IC,86400
2852,2025-09-04 00:00:00+08:00,2350.0,6816.8,6857.2,6550.0,6647.0,113276.0,116185.0,125882.0,KQ.m@CFFEX.IC,86400
2853,2025-09-05 00:00:00+08:00,2351.0,6666.0,6905.2,6637.8,6898.6,97724.0,125882.0,113160.0,KQ.m@CFFEX.IC,86400
2854,2025-09-08 00:00:00+08:00,2352.0,6906.8,6953.4,6841.6,6920.8,80662.0,113160.0,111009.0,KQ.m@CFFEX.IC,86400
2855,2025-09-09 00:00:00+08:00,2353.0,6899.0,6948.4,6832.0,6872.8,75927.0,111009.0,104281.0,KQ.m@CFFEX.IC,86400
2856,2025-09-10 00:00:00+08:00,2354.0,6881.2,6948.8,6833.0,6863.4,75803.0,104281.0,105294.0,KQ.m@CFFEX.IC,86400
2857,2025-09-11 00:00:00+08:00,2355.0,6861.0,7125.8,6825.0,7124.6,103556.0,105294.0,105917.0,KQ.m@CFFEX.IC,86400
2858,2025-09-12 00:00:00+08:00,2356.0,7112.0,7198.0,7107.6,7140.0,86462.0,105917.0,98187.0,KQ.m@CFFEX.IC,86400
2859,2025-09-15 00:00:00+08:00,2357.0,7162.8,7168.8,7101.2,7114.2,67687.0,98187.0,78004.0,KQ.m@CFFEX.IC,86400
2860,2025-09-16 00:00:00+08:00,2358.0,7142.2,7190.2,7053.6,7165.2,72243.0,78004.0,76600.0,KQ.m@CFFEX.IC,86400
2861,2025-09-17 00:00:00+08:00,2359.0,7152.2,7263.4,7128.0,7252.4,67086.0,76600.0,56442.0,KQ.m@CFFEX.IC,86400
2862,2025-09-18 00:00:00+08:00,2360.0,7071.0,7189.8,6891.0,6985.4,101129.0,56442.0,130507.0,KQ.m@CFFEX.IC,86400
2863,2025-09-19 00:00:00+08:00,2361.0,6996.0,7036.8,6924.0,6984.0,90167.0,130507.0,131765.0,KQ.m@CFFEX.IC,86400
2864,2025-09-22 00:00:00+08:00,2362.0,7009.0,7019.8,6925.2,7013.2,67975.0,131765.0,128272.0,KQ.m@CFFEX.IC,86400
2865,2025-09-23 00:00:00+08:00,2363.0,7035.0,7038.0,6789.0,6940.6,107027.0,128272.0,138800.0,KQ.m@CFFEX.IC,86400
2866,2025-09-24 00:00:00+08:00,2364.0,6910.0,7162.6,6906.0,7157.0,103608.0,138800.0,136396.0,KQ.m@CFFEX.IC,86400
2867,2025-09-25 00:00:00+08:00,2365.0,7143.0,7212.8,7132.4,7166.6,76629.0,136396.0,132726.0,KQ.m@CFFEX.IC,86400
2868,2025-09-26 00:00:00+08:00,2366.0,7142.6,7196.6,7080.0,7080.0,82089.0,132726.0,135754.0,KQ.m@CFFEX.IC,86400
2869,2025-09-29 00:00:00+08:00,2367.0,7092.0,7266.0,7058.0,7232.2,91906.0,135754.0,135897.0,KQ.m@CFFEX.IC,86400
2870,2025-09-30 00:00:00+08:00,2368.0,7250.0,7323.0,7236.2,7290.4,71590.0,135897.0,131766.0,KQ.m@CFFEX.IC,86400
2871,2025-10-09 00:00:00+08:00,2369.0,7345.0,7469.6,7323.8,7415.8,88806.0,131766.0,143814.0,KQ.m@CFFEX.IC,86400
2872,2025-10-10 00:00:00+08:00,2370.0,7393.4,7398.8,7252.2,7266.0,99771.0,143814.0,140200.0,KQ.m@CFFEX.IC,86400
2873,2025-10-13 00:00:00+08:00,2371.0,7099.8,7251.0,7075.0,7231.0,101843.0,140200.0,143038.0,KQ.m@CFFEX.IC,86400
2874,2025-10-14 00:00:00+08:00,2372.0,7264.0,7317.8,6971.8,7010.0,131717.0,143038.0,151940.0,KQ.m@CFFEX.IC,86400
2875,2025-10-15 00:00:00+08:00,2373.0,7060.6,7166.0,7008.0,7140.2,105607.0,151940.0,141518.0,KQ.m@CFFEX.IC,86400
2876,2025-10-16 00:00:00+08:00,2374.0,7122.0,7144.0,7018.0,7062.0,88010.0,141518.0,138071.0,KQ.m@CFFEX.IC,86400
2877,2025-10-17 00:00:00+08:00,2375.0,7061.0,7098.2,6840.0,6863.2,97770.0,138071.0,140473.0,KQ.m@CFFEX.IC,86400
2878,2025-10-20 00:00:00+08:00,2376.0,6968.0,6997.4,6885.0,6909.2,81712.0,140473.0,135493.0,KQ.m@CFFEX.IC,86400
2879,2025-10-21 00:00:00+08:00,2377.0,6948.6,7098.0,6948.0,7052.8,89215.0,135493.0,139981.0,KQ.m@CFFEX.IC,86400
2880,2025-10-22 00:00:00+08:00,2378.0,7021.6,7052.4,6970.0,7011.6,68879.0,139981.0,131680.0,KQ.m@CFFEX.IC,86400
2881,2025-10-23 00:00:00+08:00,2379.0,6994.0,7047.4,6893.8,7040.0,92122.0,131680.0,140501.0,KQ.m@CFFEX.IC,86400
2882,2025-10-24 00:00:00+08:00,2380.0,7080.0,7159.8,7043.6,7159.8,84722.0,140501.0,134444.0,KQ.m@CFFEX.IC,86400
2883,2025-10-27 00:00:00+08:00,2381.0,7228.8,7285.8,7191.0,7254.4,87202.0,134444.0,140233.0,KQ.m@CFFEX.IC,86400
2884,2025-10-28 00:00:00+08:00,2382.0,7238.8,7313.0,7203.6,7231.0,82049.0,140233.0,133968.0,KQ.m@CFFEX.IC,86400
2885,2025-10-29 00:00:00+08:00,2383.0,7260.4,7395.0,7257.6,7390.0,88124.0,133968.0,140222.0,KQ.m@CFFEX.IC,86400
2886,2025-10-30 00:00:00+08:00,2384.0,7369.6,7374.0,7265.0,7299.0,106213.0,140222.0,141423.0,KQ.m@CFFEX.IC,86400
2887,2025-10-31 00:00:00+08:00,2385.0,7321.8,7355.0,7239.6,7242.4,92416.0,141423.0,138903.0,KQ.m@CFFEX.IC,86400
2888,2025-11-03 00:00:00+08:00,2386.0,7243.4,7250.8,7108.0,7239.6,90896.0,138903.0,137332.0,KQ.m@CFFEX.IC,86400
2889,2025-11-04 00:00:00+08:00,2387.0,7226.2,7227.2,7032.2,7094.6,90041.0,137332.0,135390.0,KQ.m@CFFEX.IC,86400
2890,2025-11-05 00:00:00+08:00,2388.0,7033.6,7159.0,7006.0,7108.0,93164.0,135390.0,136756.0,KQ.m@CFFEX.IC,86400
2891,2025-11-06 00:00:00+08:00,2389.0,7130.0,7261.8,7120.0,7246.4,85816.0,136756.0,134122.0,KQ.m@CFFEX.IC,86400
2892,2025-11-07 00:00:00+08:00,2390.0,7211.8,7268.8,7172.0,7230.2,68877.0,134122.0,127129.0,KQ.m@CFFEX.IC,86400
2893,2025-11-10 00:00:00+08:00,2391.0,7263.0,7301.0,7176.2,7235.8,76452.0,127129.0,132910.0,KQ.m@CFFEX.IC,86400
2894,2025-11-11 00:00:00+08:00,2392.0,7280.0,7296.0,7160.0,7173.0,69626.0,132910.0,127025.0,KQ.m@CFFEX.IC,86400
2895,2025-11-12 00:00:00+08:00,2393.0,7166.0,7215.0,7081.0,7155.2,90041.0,127025.0,141389.0,KQ.m@CFFEX.IC,86400
2896,2025-11-13 00:00:00+08:00,2394.0,7140.4,7278.2,7138.0,7269.0,80371.0,141389.0,129916.0,KQ.m@CFFEX.IC,86400
2897,2025-11-14 00:00:00+08:00,2395.0,7218.0,7240.0,7136.8,7137.4,71699.0,129916.0,130526.0,KQ.m@CFFEX.IC,86400
2898,2025-11-17 00:00:00+08:00,2396.0,7165.2,7181.8,7107.0,7143.4,73642.0,130526.0,133431.0,KQ.m@CFFEX.IC,86400
2899,2025-11-18 00:00:00+08:00,2397.0,7110.0,7139.0,7028.0,7079.8,83267.0,133431.0,139697.0,KQ.m@CFFEX.IC,86400
2900,2025-11-19 00:00:00+08:00,2398.0,7084.2,7113.6,7013.0,7054.8,83682.0,139697.0,141911.0,KQ.m@CFFEX.IC,86400
2901,2025-11-20 00:00:00+08:00,2399.0,7118.0,7124.2,6988.4,7000.0,89650.0,141911.0,154013.0,KQ.m@CFFEX.IC,86400
2902,2025-11-21 00:00:00+08:00,2400.0,6949.0,6964.8,6765.0,6770.0,131128.0,154013.0,165935.0,KQ.m@CFFEX.IC,86400
2903,2025-11-24 00:00:00+08:00,2401.0,6803.2,6867.8,6754.4,6827.6,92262.0,165935.0,151377.0,KQ.m@CFFEX.IC,86400
2904,2025-11-25 00:00:00+08:00,2402.0,6876.0,6991.8,6873.0,6900.0,93552.0,151377.0,152439.0,KQ.m@CFFEX.IC,86400
2905,2025-11-26 00:00:00+08:00,2403.0,6912.8,6978.0,6890.0,6909.4,74334.0,152439.0,143910.0,KQ.m@CFFEX.IC,86400
2906,2025-11-27 00:00:00+08:00,2404.0,6916.6,7008.8,6881.2,6896.2,76028.0,143910.0,145804.0,KQ.m@CFFEX.IC,86400
2907,2025-11-28 00:00:00+08:00,2405.0,6902.0,6982.6,6887.4,6974.2,72395.0,145804.0,139454.0,KQ.m@CFFEX.IC,86400
2908,2025-12-01 00:00:00+08:00,2406.0,6997.8,7049.0,6977.4,7031.6,64309.0,139454.0,134509.0,KQ.m@CFFEX.IC,86400
2909,2025-12-02 00:00:00+08:00,2407.0,7024.0,7026.8,6966.0,6982.2,54148.0,134509.0,127620.0,KQ.m@CFFEX.IC,86400
2910,2025-12-03 00:00:00+08:00,2408.0,6988.2,7018.0,6925.4,6950.4,67339.0,127620.0,133791.0,KQ.m@CFFEX.IC,86400
2911,2025-12-04 00:00:00+08:00,2409.0,6970.2,7005.6,6912.0,6983.2,64721.0,133791.0,123278.0,KQ.m@CFFEX.IC,86400
2912,2025-12-05 00:00:00+08:00,2410.0,6978.0,7087.4,6921.2,7083.2,83349.0,123278.0,130990.0,KQ.m@CFFEX.IC,86400
2913,2025-12-08 00:00:00+08:00,2411.0,7110.0,7173.0,7096.0,7144.0,63355.0,130990.0,116565.0,KQ.m@CFFEX.IC,86400
2914,2025-12-09 00:00:00+08:00,2412.0,7130.0,7161.2,7082.4,7094.4,57109.0,116565.0,114015.0,KQ.m@CFFEX.IC,86400
2915,2025-12-10 00:00:00+08:00,2413.0,7084.0,7143.6,7040.0,7122.2,69706.0,114015.0,109494.0,KQ.m@CFFEX.IC,86400
2916,2025-12-11 00:00:00+08:00,2414.0,7141.2,7151.6,7066.4,7074.4,63847.0,109494.0,99580.0,KQ.m@CFFEX.IC,86400
2917,2025-12-12 00:00:00+08:00,2415.0,7100.6,7188.4,7058.4,7174.0,82739.0,99580.0,99631.0,KQ.m@CFFEX.IC,86400
2918,2025-12-15 00:00:00+08:00,2416.0,7130.2,7179.8,7110.0,7115.8,65014.0,99631.0,80379.0,KQ.m@CFFEX.IC,86400
2919,2025-12-16 00:00:00+08:00,2417.0,7100.0,7103.6,6958.6,7010.2,78132.0,80379.0,75305.0,KQ.m@CFFEX.IC,86400
2920,2025-12-17 00:00:00+08:00,2418.0,7013.8,7178.8,6987.6,7146.8,75907.0,75305.0,56653.0,KQ.m@CFFEX.IC,86400
2921,2025-12-18 00:00:00+08:00,2419.0,6954.0,7039.8,6950.4,6973.6,57027.0,56653.0,127506.0,KQ.m@CFFEX.IC,86400
2922,2025-12-19 00:00:00+08:00,2420.0,7003.0,7087.8,6988.0,7055.4,69784.0,127506.0,137059.0,KQ.m@CFFEX.IC,86400
2923,2025-12-22 00:00:00+08:00,2421.0,7101.2,7170.0,7088.6,7123.2,58271.0,137059.0,138149.0,KQ.m@CFFEX.IC,86400
2924,2025-12-23 00:00:00+08:00,2422.0,7129.6,7178.6,7108.0,7133.2,53906.0,138149.0,136107.0,KQ.m@CFFEX.IC,86400
2925,2025-12-24 00:00:00+08:00,2423.0,7143.0,7271.6,7128.8,7240.4,69984.0,136107.0,146995.0,KQ.m@CFFEX.IC,86400
2926,2025-12-25 00:00:00+08:00,2424.0,7238.2,7344.0,7219.8,7320.6,63146.0,146995.0,144535.0,KQ.m@CFFEX.IC,86400
2927,2025-12-26 00:00:00+08:00,2425.0,7335.0,7431.2,7330.0,7388.0,84671.0,144535.0,157607.0,KQ.m@CFFEX.IC,86400
2928,2025-12-29 00:00:00+08:00,2426.0,7390.8,7414.6,7318.0,7336.6,63940.0,157607.0,146816.0,KQ.m@CFFEX.IC,86400
2929,2025-12-30 00:00:00+08:00,2427.0,7317.2,7425.2,7308.8,7381.0,66223.0,146816.0,153828.0,KQ.m@CFFEX.IC,86400
2930,2025-12-31 00:00:00+08:00,2428.0,7394.0,7400.2,7335.0,7362.8,62267.0,153828.0,145074.0,KQ.m@CFFEX.IC,86400
2931,2026-01-05 00:00:00+08:00,2429.0,7424.6,7599.2,7422.0,7596.0,79757.0,145074.0,160143.0,KQ.m@CFFEX.IC,86400
2932,2026-01-06 00:00:00+08:00,2430.0,7628.0,7786.4,7616.0,7786.4,94435.0,160143.0,164336.0,KQ.m@CFFEX.IC,86400
2933,2026-01-07 00:00:00+08:00,2431.0,7805.0,7845.6,7770.0,7802.6,85963.0,164336.0,164218.0,KQ.m@CFFEX.IC,86400
2934,2026-01-08 00:00:00+08:00,2432.0,7786.0,7883.8,7774.6,7814.4,87667.0,164218.0,158547.0,KQ.m@CFFEX.IC,86400
2935,2026-01-09 00:00:00+08:00,2433.0,7825.0,8037.8,7822.0,8037.8,110023.0,158547.0,174403.0,KQ.m@CFFEX.IC,86400
2936,2026-01-12 00:00:00+08:00,2434.0,8101.8,8268.0,8044.0,8236.6,114590.0,174403.0,167535.0,KQ.m@CFFEX.IC,86400
2937,2026-01-13 00:00:00+08:00,2435.0,8260.6,8265.0,8078.0,8131.2,120900.0,167535.0,171420.0,KQ.m@CFFEX.IC,86400
2938,2026-01-14 00:00:00+08:00,2436.0,8167.8,8388.6,8059.4,8197.8,173512.0,171420.0,180823.0,KQ.m@CFFEX.IC,86400
2939,2026-01-15 00:00:00+08:00,2437.0,8129.8,8239.2,8115.0,8206.8,110213.0,180823.0,176008.0,KQ.m@CFFEX.IC,86400
2940,2026-01-16 00:00:00+08:00,2438.0,8273.0,8280.2,8162.4,8210.4,102740.0,176008.0,174492.0,KQ.m@CFFEX.IC,86400
2941,2026-01-19 00:00:00+08:00,2439.0,8189.4,8324.8,8172.2,8266.0,98224.0,174492.0,177228.0,KQ.m@CFFEX.IC,86400
2942,2026-01-20 00:00:00+08:00,2440.0,8289.4,8348.0,8112.0,8248.8,123309.0,177228.0,180970.0,KQ.m@CFFEX.IC,86400
2943,2026-01-21 00:00:00+08:00,2441.0,8216.8,8372.0,8205.0,8371.0,101832.0,180970.0,175976.0,KQ.m@CFFEX.IC,86400
2944,2026-01-22 00:00:00+08:00,2442.0,8405.0,8434.0,8333.6,8400.0,81239.0,175976.0,174152.0,KQ.m@CFFEX.IC,86400
2945,2026-01-23 00:00:00+08:00,2443.0,8442.2,8660.0,8427.0,8658.2,103171.0,174152.0,179892.0,KQ.m@CFFEX.IC,86400
2946,2026-01-26 00:00:00+08:00,2444.0,8694.8,8728.2,8428.2,8470.0,128932.0,179892.0,174418.0,KQ.m@CFFEX.IC,86400
2947,2026-01-27 00:00:00+08:00,2445.0,8460.8,8604.6,8346.0,8547.6,121961.0,174418.0,173219.0,KQ.m@CFFEX.IC,86400
2948,2026-01-28 00:00:00+08:00,2446.0,8572.2,8658.0,8515.2,8622.0,94115.0,173219.0,167295.0,KQ.m@CFFEX.IC,86400
2949,2026-01-29 00:00:00+08:00,2447.0,8613.2,8700.0,8488.2,8517.6,115687.0,167295.0,170962.0,KQ.m@CFFEX.IC,86400
2950,2026-01-30 00:00:00+08:00,2448.0,8470.2,8535.0,8135.0,8362.4,137793.0,170962.0,163697.0,KQ.m@CFFEX.IC,86400
2951,2026-02-02 00:00:00+08:00,2449.0,8268.2,8334.4,7832.0,7903.2,151002.0,163697.0,153481.0,KQ.m@CFFEX.IC,86400
2952,2026-02-03 00:00:00+08:00,2450.0,8117.0,8296.8,8011.2,8282.0,122145.0,153481.0,151098.0,KQ.m@CFFEX.IC,86400
2953,2026-02-04 00:00:00+08:00,2451.0,8250.2,8317.8,8133.6,8313.6,100543.0,151098.0,145579.0,KQ.m@CFFEX.IC,86400
2954,2026-02-05 00:00:00+08:00,2452.0,8221.0,8229.0,8030.0,8120.2,112281.0,145579.0,149924.0,KQ.m@CFFEX.IC,86400
2955,2026-02-06 00:00:00+08:00,2453.0,8000.0,8249.6,7950.0,8117.4,113205.0,149924.0,146089.0,KQ.m@CFFEX.IC,86400
2956,2026-02-09 00:00:00+08:00,2454.0,8261.2,8324.0,8220.0,8311.6,76113.0,146089.0,138576.0,KQ.m@CFFEX.IC,86400
2957,2026-02-10 00:00:00+08:00,2455.0,8318.0,8329.0,8244.8,8290.8,54914.0,138576.0,134825.0,KQ.m@CFFEX.IC,86400
2958,2026-02-11 00:00:00+08:00,2456.0,8290.0,8384.0,8282.8,8336.4,59866.0,134825.0,135346.0,KQ.m@CFFEX.IC,86400
2959,2026-02-12 00:00:00+08:00,2457.0,8348.4,8458.8,8331.2,8448.8,69413.0,135346.0,142445.0,KQ.m@CFFEX.IC,86400
2960,2026-02-13 00:00:00+08:00,2458.0,8392.4,8419.0,8250.0,8274.8,81351.0,142445.0,140501.0,KQ.m@CFFEX.IC,86400
2961,2026-02-24 00:00:00+08:00,2459.0,8370.0,8455.0,8314.0,8371.6,73322.0,140501.0,139597.0,KQ.m@CFFEX.IC,86400
2962,2026-02-25 00:00:00+08:00,2460.0,8411.0,8558.0,8394.0,8529.0,77377.0,139597.0,143448.0,KQ.m@CFFEX.IC,86400
2963,2026-02-26 00:00:00+08:00,2461.0,8558.2,8568.0,8477.4,8537.4,68251.0,143448.0,136686.0,KQ.m@CFFEX.IC,86400
2964,2026-02-27 00:00:00+08:00,2462.0,8492.4,8650.0,8484.0,8645.4,78564.0,136686.0,138970.0,KQ.m@CFFEX.IC,86400
2965,2026-03-02 00:00:00+08:00,2463.0,8600.0,8686.0,8519.8,8627.0,105223.0,138970.0,143041.0,KQ.m@CFFEX.IC,86400
2966,2026-03-03 00:00:00+08:00,2464.0,8641.8,8642.0,8238.8,8266.2,150232.0,143041.0,148457.0,KQ.m@CFFEX.IC,86400
2967,2026-03-04 00:00:00+08:00,2465.0,8240.0,8380.4,8193.0,8219.4,121611.0,148457.0,134589.0,KQ.m@CFFEX.IC,86400
2968,2026-03-05 00:00:00+08:00,2466.0,8343.2,8361.4,8180.6,8255.6,100813.0,134589.0,125426.0,KQ.m@CFFEX.IC,86400
2969,2026-03-06 00:00:00+08:00,2467.0,8241.2,8379.8,8224.2,8322.6,81441.0,125426.0,116622.0,KQ.m@CFFEX.IC,86400
2970,2026-03-09 00:00:00+08:00,2468.0,8190.0,8294.2,7710.0,8267.0,116276.0,116622.0,122938.0,KQ.m@CFFEX.IC,86400
2971,2026-03-10 00:00:00+08:00,2469.0,8351.4,8405.8,8290.0,8393.6,83464.0,122938.0,107374.0,KQ.m@CFFEX.IC,86400
2972,2026-03-11 00:00:00+08:00,2470.0,8401.2,8434.4,8346.0,8360.0,60985.0,107374.0,97524.0,KQ.m@CFFEX.IC,86400
2973,2026-03-12 00:00:00+08:00,2471.0,8350.0,8396.0,8233.8,8301.0,70893.0,97524.0,95250.0,KQ.m@CFFEX.IC,86400
2974,2026-03-13 00:00:00+08:00,2472.0,8277.0,8360.0,8195.4,8213.8,73173.0,95250.0,89653.0,KQ.m@CFFEX.IC,86400
2975,2026-03-16 00:00:00+08:00,2473.0,8215.8,8229.6,8033.8,8178.4,81995.0,89653.0,84448.0,KQ.m@CFFEX.IC,86400
2976,2026-03-17 00:00:00+08:00,2474.0,8202.6,8216.6,7994.0,8000.0,72130.0,84448.0,69093.0,KQ.m@CFFEX.IC,86400
2977,2026-03-18 00:00:00+08:00,2475.0,8050.8,8099.0,7950.0,8086.0,65267.0,69093.0,56289.0,KQ.m@CFFEX.IC,86400
2978,2026-03-19 00:00:00+08:00,2476.0,7765.6,7816.8,7610.0,7671.0,91263.0,56289.0,149158.0,KQ.m@CFFEX.IC,86400
2979,2026-03-20 00:00:00+08:00,2477.0,7730.0,7766.6,7550.2,7559.4,104148.0,149158.0,154680.0,KQ.m@CFFEX.IC,86400
2980,2026-03-23 00:00:00+08:00,2478.0,7459.6,7532.2,7171.0,7235.0,130671.0,154680.0,162386.0,KQ.m@CFFEX.IC,86400
2981,2026-03-24 00:00:00+08:00,2479.0,7316.0,7420.4,7179.0,7409.6,118729.0,162386.0,157694.0,KQ.m@CFFEX.IC,86400
2982,2026-03-25 00:00:00+08:00,2480.0,7497.0,7652.0,7480.0,7530.0,106784.0,157694.0,153518.0,KQ.m@CFFEX.IC,86400
2983,2026-03-26 00:00:00+08:00,2481.0,7512.6,7578.8,7406.6,7413.8,82703.0,153518.0,149308.0,KQ.m@CFFEX.IC,86400
2984,2026-03-27 00:00:00+08:00,2482.0,7356.0,7612.6,7348.0,7559.2,94768.0,149308.0,153449.0,KQ.m@CFFEX.IC,86400
2985,2026-03-30 00:00:00+08:00,2483.0,7470.2,7576.6,7372.4,7560.6,98144.0,153449.0,150647.0,KQ.m@CFFEX.IC,86400
2986,2026-03-31 00:00:00+08:00,2484.0,7568.2,7619.0,7417.8,7425.0,99001.0,150647.0,154924.0,KQ.m@CFFEX.IC,86400
2987,2026-04-01 00:00:00+08:00,2485.0,7585.2,7612.8,7509.0,7565.8,91572.0,154924.0,150714.0,KQ.m@CFFEX.IC,86400
2988,2026-04-02 00:00:00+08:00,2486.0,7520.0,7561.4,7341.4,7409.6,93435.0,150714.0,153081.0,KQ.m@CFFEX.IC,86400
2989,2026-04-03 00:00:00+08:00,2487.0,7458.6,7459.8,7325.2,7352.0,78708.0,153081.0,145457.0,KQ.m@CFFEX.IC,86400
2990,2026-04-07 00:00:00+08:00,2488.0,7383.0,7470.0,7355.6,7388.8,70619.0,145457.0,145512.0,KQ.m@CFFEX.IC,86400
2991,2026-04-08 00:00:00+08:00,2489.0,7615.8,7834.6,7600.0,7831.8,107885.0,145512.0,160623.0,KQ.m@CFFEX.IC,86400
2992,2026-04-09 00:00:00+08:00,2490.0,7749.8,7793.6,7698.8,7748.8,77423.0,160623.0,148538.0,KQ.m@CFFEX.IC,86400
2993,2026-04-10 00:00:00+08:00,2491.0,7826.2,7945.4,7796.4,7828.6,92493.0,148538.0,156816.0,KQ.m@CFFEX.IC,86400
2994,2026-04-13 00:00:00+08:00,2492.0,7797.0,7864.0,7792.0,7808.8,69300.0,156816.0,147814.0,KQ.m@CFFEX.IC,86400
2995,2026-04-14 00:00:00+08:00,2493.0,7907.2,7944.4,7842.4,7938.4,86041.0,147814.0,156963.0,KQ.m@CFFEX.IC,86400
2996,2026-04-15 00:00:00+08:00,2494.0,7994.6,8023.0,7901.0,7904.0,80222.0,156963.0,152519.0,KQ.m@CFFEX.IC,86400
2997,2026-04-16 00:00:00+08:00,2495.0,7947.0,8084.4,7937.4,8065.0,84522.0,152519.0,158421.0,KQ.m@CFFEX.IC,86400
2998,2026-04-17 00:00:00+08:00,2496.0,8036.6,8119.6,8015.0,8098.8,72169.0,158421.0,151472.0,KQ.m@CFFEX.IC,86400
2999,2026-04-20 00:00:00+08:00,2497.0,8084.4,8213.8,8076.4,8146.2,74383.0,151472.0,158814.0,KQ.m@CFFEX.IC,86400
