total_long,total_short,net_short,total_oi,net_short_ratio,concentration_top5_short,concentration_top5_long,trade_date,symbol,signal_level
12257,12746,489,25003,1.96,136.91,138.92,2018-01-11,IC1801,多头占优
11448,11718,270,23166,1.17,138.03,138.88,2018-01-12,IC1801,多头占优
10904,10913,9,21817,0.04,137.5,138.69,2018-01-15,IC1801,多头占优
8687,8989,302,17676,1.71,140.06,141.28,2018-01-16,IC1801,多头占优
6343,6543,200,12886,1.55,138.88,137.7,2018-01-17,IC1801,多头占优
3424,3429,5,6853,0.07,139.63,138.73,2018-01-18,IC1801,多头占优
0,0,0,0,0.0,0.0,0.0,2018-01-19,IC1801,多头占优
11794,12427,633,24221,2.61,138.79,140.27,2018-01-22,IC1802,多头占优
11780,12387,607,24167,2.51,140.46,140.39,2018-01-23,IC1802,多头占优
12294,13077,783,25371,3.09,141.52,139.67,2018-01-24,IC1802,多头占优
11834,12509,675,24343,2.77,142.43,139.35,2018-01-25,IC1802,多头占优
11502,12376,874,23878,3.66,142.05,139.6,2018-01-26,IC1802,多头占优
11468,12030,562,23498,2.39,140.22,140.7,2018-01-29,IC1802,多头占优
10943,11501,558,22444,2.49,140.54,141.64,2018-01-30,IC1802,多头占优
11177,11264,87,22441,0.39,136.78,140.66,2018-01-31,IC1802,多头占优
11635,11710,75,23345,0.32,135.5,139.76,2018-02-01,IC1802,多头占优
11274,11076,-198,22350,-0.89,138.45,139.21,2018-02-02,IC1802,空头力量偏弱
10647,10433,-214,21080,-1.02,139.53,139.98,2018-02-05,IC1802,空头力量偏弱
11085,10467,-618,21552,-2.87,138.79,137.93,2018-02-06,IC1802,空头力量偏弱
11146,10597,-549,21743,-2.52,140.17,139.21,2018-02-07,IC1802,空头力量偏弱
10114,9651,-463,19765,-2.34,143.14,139.07,2018-02-08,IC1802,空头力量偏弱
9371,9406,35,18777,0.19,145.61,138.7,2018-02-09,IC1802,多头占优
7400,7444,44,14844,0.3,149.91,137.96,2018-02-12,IC1802,多头占优
4989,5164,175,10153,1.72,152.36,138.56,2018-02-13,IC1802,多头占优
2649,2874,225,5523,4.07,150.9,138.28,2018-02-14,IC1802,多头占优
17463,17326,-137,34789,-0.39,144.44,141.89,2018-02-22,IC1803,空头力量偏弱
17611,17481,-130,35092,-0.37,144.02,143.05,2018-02-23,IC1803,空头力量偏弱
17463,17377,-86,34840,-0.25,143.24,142.2,2018-02-26,IC1803,空头力量偏弱
17265,16895,-370,34160,-1.08,141.91,143.13,2018-02-27,IC1803,空头力量偏弱
17298,16894,-404,34192,-1.18,140.84,142.33,2018-02-28,IC1803,空头力量偏弱
17111,16725,-386,33836,-1.14,139.31,141.63,2018-03-01,IC1803,空头力量偏弱
16766,16582,-184,33348,-0.55,140.02,141.92,2018-03-02,IC1803,空头力量偏弱
16097,15759,-338,31856,-1.06,140.03,141.86,2018-03-05,IC1803,空头力量偏弱
15911,15670,-241,31581,-0.76,139.5,139.34,2018-03-06,IC1803,空头力量偏弱
15169,14777,-392,29946,-1.31,139.04,140.65,2018-03-07,IC1803,空头力量偏弱
14726,14433,-293,29159,-1.0,138.35,139.28,2018-03-08,IC1803,空头力量偏弱
13690,13507,-183,27197,-0.67,139.11,136.49,2018-03-09,IC1803,空头力量偏弱
11839,11705,-134,23544,-0.57,139.6,136.85,2018-03-12,IC1803,空头力量偏弱
10284,10316,32,20600,0.16,140.66,135.23,2018-03-13,IC1803,多头占优
8114,8000,-114,16114,-0.71,142.9,136.11,2018-03-14,IC1803,空头力量偏弱
4354,4323,-31,8677,-0.36,142.84,137.99,2018-03-15,IC1803,空头力量偏弱
0,0,0,0,0.0,0.0,0.0,2018-03-16,IC1803,多头占优
11851,12207,356,24058,1.48,141.37,135.77,2018-03-19,IC1804,多头占优
11978,12517,539,24495,2.2,141.54,136.22,2018-03-20,IC1804,多头占优
12503,13050,547,25553,2.14,139.78,137.25,2018-03-21,IC1804,多头占优
12967,13781,814,26748,3.04,140.43,136.52,2018-03-22,IC1804,多头占优
13648,14218,570,27866,2.05,141.04,139.18,2018-03-23,IC1804,多头占优
13478,14152,674,27630,2.44,141.47,139.52,2018-03-26,IC1804,多头占优
14034,14466,432,28500,1.52,142.19,138.52,2018-03-27,IC1804,多头占优
14943,15182,239,30125,0.79,140.2,138.02,2018-03-28,IC1804,多头占优
15041,15507,466,30548,1.53,140.07,138.19,2018-03-29,IC1804,多头占优
14983,15419,436,30402,1.43,140.55,138.12,2018-03-30,IC1804,多头占优
15409,15643,234,31052,0.75,140.66,139.7,2018-04-02,IC1804,多头占优
15557,15748,191,31305,0.61,140.57,139.15,2018-04-03,IC1804,多头占优
15640,15508,-132,31148,-0.42,140.09,139.49,2018-04-04,IC1804,空头力量偏弱
15609,15351,-258,30960,-0.83,140.13,139.93,2018-04-09,IC1804,空头力量偏弱
15428,15150,-278,30578,-0.91,140.28,140.06,2018-04-10,IC1804,空头力量偏弱
14728,14342,-386,29070,-1.33,140.71,140.7,2018-04-11,IC1804,空头力量偏弱
14195,13824,-371,28019,-1.32,140.1,140.85,2018-04-12,IC1804,空头力量偏弱
13549,13351,-198,26900,-0.74,139.27,141.54,2018-04-13,IC1804,空头力量偏弱
12629,12484,-145,25113,-0.58,140.64,142.37,2018-04-16,IC1804,空头力量偏弱
10646,10551,-95,21197,-0.45,141.66,141.68,2018-04-17,IC1804,空头力量偏弱
8270,8040,-230,16310,-1.41,144.76,142.33,2018-04-18,IC1804,空头力量偏弱
3856,3688,-168,7544,-2.23,145.15,142.27,2018-04-19,IC1804,空头力量偏弱
0,0,0,0,0.0,0.0,0.0,2018-04-20,IC1804,多头占优
14010,13964,-46,27974,-0.16,139.8,142.71,2018-04-23,IC1805,空头力量偏弱
13782,13991,209,27773,0.75,140.22,141.74,2018-04-24,IC1805,多头占优
13989,14089,100,28078,0.36,140.49,143.09,2018-04-25,IC1805,多头占优
14324,14341,17,28665,0.06,141.98,144.92,2018-04-26,IC1805,多头占优
14450,14507,57,28957,0.2,141.72,145.2,2018-04-27,IC1805,多头占优
14515,14508,-7,29023,-0.02,142.76,145.03,2018-05-02,IC1805,空头力量偏弱
14969,15222,253,30191,0.84,142.08,144.9,2018-05-03,IC1805,多头占优
14554,14999,445,29553,1.51,143.62,145.84,2018-05-04,IC1805,多头占优
14471,15054,583,29525,1.97,143.24,145.51,2018-05-07,IC1805,多头占优
13795,14400,605,28195,2.15,143.76,145.92,2018-05-08,IC1805,多头占优
13528,14063,535,27591,1.94,143.47,145.76,2018-05-09,IC1805,多头占优
13398,13901,503,27299,1.84,143.9,145.49,2018-05-10,IC1805,多头占优
13061,13266,205,26327,0.78,143.86,145.36,2018-05-11,IC1805,多头占优
12044,12126,82,24170,0.34,145.18,146.91,2018-05-14,IC1805,多头占优
10669,10509,-160,21178,-0.76,145.94,144.02,2018-05-15,IC1805,空头力量偏弱
7898,7815,-83,15713,-0.53,149.07,142.18,2018-05-16,IC1805,空头力量偏弱
3702,3816,114,7518,1.52,143.32,137.01,2018-05-17,IC1805,多头占优
22791,22142,-649,44933,-1.44,141.83,149.2,2018-05-18,IC1806,空头力量偏弱
22504,21882,-622,44386,-1.4,142.39,149.6,2018-05-21,IC1806,空头力量偏弱
21875,21507,-368,43382,-0.85,142.61,150.27,2018-05-22,IC1806,空头力量偏弱
21822,21276,-546,43098,-1.27,142.46,150.53,2018-05-23,IC1806,空头力量偏弱
21714,21103,-611,42817,-1.43,142.19,150.41,2018-05-24,IC1806,空头力量偏弱
22356,21489,-867,43845,-1.98,140.63,151.38,2018-05-25,IC1806,空头力量偏弱
22626,21467,-1159,44093,-2.63,141.31,150.27,2018-05-28,IC1806,空头力量偏弱
22337,21422,-915,43759,-2.09,140.85,149.95,2018-05-29,IC1806,空头力量偏弱
22733,21563,-1170,44296,-2.64,140.95,149.62,2018-05-30,IC1806,空头力量偏弱
22131,21147,-984,43278,-2.27,140.66,150.29,2018-05-31,IC1806,空头力量偏弱
21775,20821,-954,42596,-2.24,140.35,150.47,2018-06-01,IC1806,空头力量偏弱
21299,20446,-853,41745,-2.04,141.05,149.83,2018-06-04,IC1806,空头力量偏弱
20531,19864,-667,40395,-1.65,141.12,148.39,2018-06-05,IC1806,空头力量偏弱
19680,19145,-535,38825,-1.38,141.45,148.9,2018-06-06,IC1806,空头力量偏弱
18922,18661,-261,37583,-0.69,141.19,147.82,2018-06-07,IC1806,空头力量偏弱
17354,16983,-371,34337,-1.08,140.64,146.31,2018-06-08,IC1806,空头力量偏弱
15237,14967,-270,30204,-0.89,139.99,143.24,2018-06-11,IC1806,空头力量偏弱
12436,12021,-415,24457,-1.7,141.0,142.39,2018-06-12,IC1806,空头力量偏弱
9132,8829,-303,17961,-1.69,142.17,144.23,2018-06-13,IC1806,空头力量偏弱
4933,4762,-171,9695,-1.76,148.4,145.1,2018-06-14,IC1806,空头力量偏弱
0,0,0,0,0.0,0.0,0.0,2018-06-15,IC1806,多头占优
18610,18130,-480,36740,-1.31,143.99,149.84,2018-06-19,IC1807,空头力量偏弱
18601,18191,-410,36792,-1.11,145.95,148.69,2018-06-20,IC1807,空头力量偏弱
19128,18738,-390,37866,-1.03,146.22,149.0,2018-06-21,IC1807,空头力量偏弱
19576,19274,-302,38850,-0.78,146.32,149.65,2018-06-22,IC1807,空头力量偏弱
19277,18745,-532,38022,-1.4,145.36,149.44,2018-06-25,IC1807,空头力量偏弱
19777,19458,-319,39235,-0.81,145.43,148.68,2018-06-26,IC1807,空头力量偏弱
19579,19204,-375,38783,-0.97,144.7,149.39,2018-06-27,IC1807,空头力量偏弱
19709,19406,-303,39115,-0.77,144.34,148.18,2018-06-28,IC1807,空头力量偏弱
19832,19781,-51,39613,-0.13,143.94,147.4,2018-06-29,IC1807,空头力量偏弱
19764,19317,-447,39081,-1.14,143.95,147.87,2018-07-02,IC1807,空头力量偏弱
20240,20021,-219,40261,-0.54,143.91,145.5,2018-07-03,IC1807,空头力量偏弱
19929,19205,-724,39134,-1.85,142.93,145.55,2018-07-04,IC1807,空头力量偏弱
19776,19277,-499,39053,-1.28,142.01,143.69,2018-07-05,IC1807,空头力量偏弱
19733,19261,-472,38994,-1.21,141.49,142.81,2018-07-06,IC1807,空头力量偏弱
18398,18001,-397,36399,-1.09,142.56,141.55,2018-07-09,IC1807,空头力量偏弱
17790,17518,-272,35308,-0.77,142.58,141.16,2018-07-10,IC1807,空头力量偏弱
17397,17152,-245,34549,-0.71,144.67,140.46,2018-07-11,IC1807,空头力量偏弱
16273,15994,-279,32267,-0.86,142.39,140.29,2018-07-12,IC1807,空头力量偏弱
14998,14798,-200,29796,-0.67,141.24,140.62,2018-07-13,IC1807,空头力量偏弱
13383,13305,-78,26688,-0.29,142.06,141.52,2018-07-16,IC1807,空头力量偏弱
11197,11184,-13,22381,-0.06,143.41,139.67,2018-07-17,IC1807,空头力量偏弱
7844,7944,100,15788,0.63,146.9,139.62,2018-07-18,IC1807,多头占优
3702,3780,78,7482,1.04,147.94,149.22,2018-07-19,IC1807,多头占优
16421,15521,-900,31942,-2.82,142.85,142.8,2018-07-20,IC1808,空头力量偏弱
16573,16087,-486,32660,-1.49,142.94,141.91,2018-07-23,IC1808,空头力量偏弱
16553,16212,-341,32765,-1.04,141.73,140.3,2018-07-24,IC1808,空头力量偏弱
15611,15188,-423,30799,-1.37,142.55,141.28,2018-07-25,IC1808,空头力量偏弱
16119,15805,-314,31924,-0.98,142.49,140.09,2018-07-26,IC1808,空头力量偏弱
15938,15575,-363,31513,-1.15,142.19,139.56,2018-07-27,IC1808,空头力量偏弱
16164,15984,-180,32148,-0.56,143.0,140.18,2018-07-30,IC1808,空头力量偏弱
16237,15946,-291,32183,-0.9,143.25,140.14,2018-07-31,IC1808,空头力量偏弱
16576,15897,-679,32473,-2.09,142.47,140.77,2018-08-01,IC1808,空头力量偏弱
16067,16119,52,32186,0.16,143.6,143.01,2018-08-02,IC1808,多头占优
15181,15426,245,30607,0.8,144.07,143.37,2018-08-03,IC1808,多头占优
15178,15112,-66,30290,-0.22,142.78,143.17,2018-08-06,IC1808,空头力量偏弱
14607,14685,78,29292,0.27,142.21,140.93,2018-08-07,IC1808,多头占优
14376,14699,323,29075,1.11,143.24,142.17,2018-08-08,IC1808,多头占优
13818,14167,349,27985,1.25,142.46,138.53,2018-08-09,IC1808,多头占优
12901,13363,462,26264,1.76,142.54,138.95,2018-08-10,IC1808,多头占优
12070,12321,251,24391,1.03,142.89,136.44,2018-08-13,IC1808,多头占优
9899,10054,155,19953,0.78,144.41,137.35,2018-08-14,IC1808,多头占优
7508,7925,417,15433,2.7,146.06,139.56,2018-08-15,IC1808,多头占优
3544,3844,300,7388,4.06,146.02,138.94,2018-08-16,IC1808,多头占优
26702,27234,532,53936,0.99,139.53,146.27,2018-08-17,IC1809,多头占优
27475,28060,585,55535,1.05,140.17,145.93,2018-08-20,IC1809,多头占优
27444,28259,815,55703,1.46,140.32,146.79,2018-08-21,IC1809,多头占优
26381,27283,902,53664,1.68,139.34,145.69,2018-08-22,IC1809,多头占优
26459,27405,946,53864,1.76,140.38,144.45,2018-08-23,IC1809,多头占优
25391,26268,877,51659,1.7,140.06,144.47,2018-08-24,IC1809,多头占优
25090,26304,1214,51394,2.36,141.01,143.1,2018-08-27,IC1809,多头占优
24206,25246,1040,49452,2.1,141.09,142.49,2018-08-28,IC1809,多头占优
24713,25398,685,50111,1.37,140.68,142.85,2018-08-29,IC1809,多头占优
24755,25380,625,50135,1.25,140.75,143.4,2018-08-30,IC1809,多头占优
24817,25310,493,50127,0.98,140.78,143.03,2018-08-31,IC1809,多头占优
24667,25246,579,49913,1.16,141.13,142.7,2018-09-03,IC1809,多头占优
24266,24952,686,49218,1.39,141.24,141.85,2018-09-04,IC1809,多头占优
23433,24242,809,47675,1.7,140.94,141.65,2018-09-05,IC1809,多头占优
23485,24339,854,47824,1.79,140.88,140.89,2018-09-06,IC1809,多头占优
23761,24454,693,48215,1.44,141.9,141.49,2018-09-07,IC1809,多头占优
22576,23220,644,45796,1.41,143.36,140.57,2018-09-10,IC1809,多头占优
21488,22435,947,43923,2.16,143.25,139.45,2018-09-11,IC1809,多头占优
20251,20979,728,41230,1.77,144.06,138.53,2018-09-12,IC1809,多头占优
19618,20238,620,39856,1.56,144.01,137.41,2018-09-13,IC1809,多头占优
18207,18992,785,37199,2.11,146.25,135.95,2018-09-14,IC1809,多头占优
15870,16512,642,32382,1.98,146.7,136.4,2018-09-17,IC1809,多头占优
13078,13388,310,26466,1.17,146.56,137.2,2018-09-18,IC1809,多头占优
8949,9310,361,18259,1.98,147.43,139.28,2018-09-19,IC1809,多头占优
4447,4556,109,9003,1.21,146.09,138.05,2018-09-20,IC1809,多头占优
18547,18955,408,37502,1.09,142.43,138.44,2018-09-21,IC1810,多头占优
18119,18329,210,36448,0.58,143.14,138.29,2018-09-25,IC1810,多头占优
18394,18865,471,37259,1.26,142.02,138.28,2018-09-26,IC1810,多头占优
18316,18639,323,36955,0.87,143.15,138.27,2018-09-27,IC1810,多头占优
18353,18766,413,37119,1.11,142.96,138.9,2018-09-28,IC1810,多头占优
17732,18108,376,35840,1.05,142.96,139.03,2018-10-08,IC1810,多头占优
17616,17866,250,35482,0.7,141.83,139.37,2018-10-09,IC1810,多头占优
17527,17484,-43,35011,-0.12,140.89,141.58,2018-10-10,IC1810,空头力量偏弱
17958,18056,98,36014,0.27,143.66,146.15,2018-10-11,IC1810,多头占优
17197,17635,438,34832,1.26,143.76,145.26,2018-10-12,IC1810,多头占优
14174,14737,563,28911,1.95,144.52,144.09,2018-10-15,IC1810,多头占优
12042,12767,725,24809,2.92,144.53,143.25,2018-10-16,IC1810,多头占优
8574,9181,607,17755,3.42,143.82,143.01,2018-10-17,IC1810,多头占优
3930,4243,313,8173,3.83,146.17,142.16,2018-10-18,IC1810,多头占优
14498,15187,689,29685,2.32,144.22,142.27,2018-10-19,IC1811,多头占优
15509,16138,629,31647,1.99,142.84,139.54,2018-10-22,IC1811,多头占优
15005,16108,1103,31113,3.55,143.51,141.63,2018-10-23,IC1811,多头占优
15289,16401,1112,31690,3.51,143.52,141.19,2018-10-24,IC1811,多头占优
15880,16989,1109,32869,3.37,141.43,140.18,2018-10-25,IC1811,多头占优
15144,16418,1274,31562,4.04,141.24,141.86,2018-10-26,IC1811,多头占优
15511,16344,833,31855,2.61,143.34,142.63,2018-10-29,IC1811,多头占优
16372,17404,1032,33776,3.06,142.39,142.57,2018-10-30,IC1811,多头占优
16223,17143,920,33366,2.76,141.41,141.11,2018-10-31,IC1811,多头占优
16695,17682,987,34377,2.87,142.74,141.52,2018-11-01,IC1811,多头占优
16242,17297,1055,33539,3.15,142.49,139.82,2018-11-02,IC1811,多头占优
15415,16531,1116,31946,3.49,142.29,139.72,2018-11-05,IC1811,多头占优
14993,15826,833,30819,2.7,141.31,141.78,2018-11-06,IC1811,多头占优
15483,16038,555,31521,1.76,141.34,139.55,2018-11-07,IC1811,多头占优
15123,15611,488,30734,1.59,140.77,140.24,2018-11-08,IC1811,多头占优
14550,14879,329,29429,1.12,141.25,140.7,2018-11-09,IC1811,多头占优
13794,14049,255,27843,0.92,141.8,140.69,2018-11-12,IC1811,多头占优
12900,13083,183,25983,0.7,138.05,140.9,2018-11-13,IC1811,多头占优
9730,9765,35,19495,0.18,139.54,144.59,2018-11-14,IC1811,多头占优
4861,5091,230,9952,2.31,145.92,142.91,2018-11-15,IC1811,多头占优
33993,33405,-588,67398,-0.87,143.03,153.19,2018-11-16,IC1812,空头力量偏弱
34398,33718,-680,68116,-1.0,142.51,152.52,2018-11-19,IC1812,空头力量偏弱
32266,32551,285,64817,0.44,143.54,153.99,2018-11-20,IC1812,多头占优
32428,32823,395,65251,0.61,142.61,153.23,2018-11-21,IC1812,多头占优
31849,32423,574,64272,0.89,142.7,153.56,2018-11-22,IC1812,多头占优
31561,32298,737,63859,1.15,142.55,152.86,2018-11-23,IC1812,多头占优
30827,31716,889,62543,1.42,143.16,152.9,2018-11-26,IC1812,多头占优
30890,31744,854,62634,1.36,142.78,152.68,2018-11-27,IC1812,多头占优
30207,31032,825,61239,1.35,142.09,151.76,2018-11-28,IC1812,多头占优
29692,30401,709,60093,1.18,143.28,152.1,2018-11-29,IC1812,多头占优
30326,31089,763,61415,1.24,145.22,151.34,2018-11-30,IC1812,多头占优
30059,31142,1083,61201,1.77,144.8,150.71,2018-12-03,IC1812,多头占优
31688,32133,445,63821,0.7,145.23,148.2,2018-12-04,IC1812,多头占优
32802,33353,551,66155,0.83,144.99,147.09,2018-12-05,IC1812,多头占优
31014,31637,623,62651,0.99,143.55,146.33,2018-12-06,IC1812,多头占优
29018,29710,692,58728,1.18,142.8,144.94,2018-12-07,IC1812,多头占优
29091,29524,433,58615,0.74,143.09,145.13,2018-12-10,IC1812,多头占优
28107,28571,464,56678,0.82,143.74,145.42,2018-12-11,IC1812,多头占优
27485,27646,161,55131,0.29,143.62,145.4,2018-12-12,IC1812,多头占优
26991,27245,254,54236,0.47,142.8,144.7,2018-12-13,IC1812,多头占优
25195,25391,196,50586,0.39,142.76,145.07,2018-12-14,IC1812,多头占优
23014,23103,89,46117,0.19,143.85,144.0,2018-12-17,IC1812,多头占优
20525,20629,104,41154,0.25,143.86,142.36,2018-12-18,IC1812,多头占优
15179,15505,326,30684,1.06,147.63,143.9,2018-12-19,IC1812,多头占优
7401,7878,477,15279,3.12,149.64,144.48,2018-12-20,IC1812,多头占优
28017,28854,837,56871,1.47,141.88,147.23,2018-12-21,IC1901,多头占优
27670,28780,1110,56450,1.97,141.57,146.83,2018-12-24,IC1901,多头占优
30281,31616,1335,61897,2.16,142.62,145.35,2018-12-25,IC1901,多头占优
28687,29751,1064,58438,1.82,142.78,145.29,2018-12-26,IC1901,多头占优
29369,30531,1162,59900,1.94,143.52,145.02,2018-12-27,IC1901,多头占优
29456,30521,1065,59977,1.78,144.66,145.29,2018-12-28,IC1901,多头占优
29314,30027,713,59341,1.2,144.05,144.66,2019-01-02,IC1901,多头占优
29789,30903,1114,60692,1.84,144.67,142.83,2019-01-03,IC1901,多头占优
29129,30690,1561,59819,2.61,144.62,141.52,2019-01-04,IC1901,多头占优
28416,29344,928,57760,1.61,145.19,141.62,2019-01-07,IC1901,多头占优
28276,28703,427,56979,0.75,144.05,140.16,2019-01-08,IC1901,多头占优
28394,29214,820,57608,1.42,144.13,136.12,2019-01-09,IC1901,多头占优
26854,27149,295,54003,0.55,142.96,135.34,2019-01-10,IC1901,多头占优
26185,26451,266,52636,0.51,143.0,135.72,2019-01-11,IC1901,多头占优
22848,22997,149,45845,0.33,142.93,135.97,2019-01-14,IC1901,多头占优
21036,21706,670,42742,1.57,143.17,139.07,2019-01-15,IC1901,多头占优
15580,16195,615,31775,1.94,146.54,140.82,2019-01-16,IC1901,多头占优
7627,7993,366,15620,2.34,150.63,144.13,2019-01-17,IC1901,多头占优
22059,21903,-156,43962,-0.35,143.75,139.84,2019-01-18,IC1902,空头力量偏弱
21840,21274,-566,43114,-1.31,144.98,139.55,2019-01-21,IC1902,空头力量偏弱
21061,20135,-926,41196,-2.25,146.28,140.06,2019-01-22,IC1902,空头力量偏弱
20459,19905,-554,40364,-1.37,146.15,141.32,2019-01-23,IC1902,空头力量偏弱
22201,21700,-501,43901,-1.14,144.36,139.27,2019-01-24,IC1902,空头力量偏弱
21311,20924,-387,42235,-0.92,145.02,140.55,2019-01-25,IC1902,空头力量偏弱
21081,21014,-67,42095,-0.16,144.72,140.08,2019-01-28,IC1902,空头力量偏弱
21294,20941,-353,42235,-0.84,144.91,141.45,2019-01-29,IC1902,空头力量偏弱
19561,19759,198,39320,0.5,142.72,141.83,2019-01-30,IC1902,多头占优
20004,20105,101,40109,0.25,144.07,141.2,2019-01-31,IC1902,多头占优
17616,18720,1104,36336,3.04,142.8,140.49,2019-02-01,IC1902,多头占优
15914,16852,938,32766,2.86,143.98,142.09,2019-02-11,IC1902,多头占优
14401,15299,898,29700,3.02,142.59,144.82,2019-02-12,IC1902,多头占优
11660,12136,476,23796,2.0,144.73,142.41,2019-02-13,IC1902,多头占优
5446,5951,505,11397,4.43,145.14,144.01,2019-02-14,IC1902,多头占优
43279,43497,218,86776,0.25,140.99,142.57,2019-02-15,IC1903,多头占优
43510,44304,794,87814,0.9,141.71,141.72,2019-02-18,IC1903,多头占优
44864,44651,-213,89515,-0.24,141.86,141.54,2019-02-19,IC1903,空头力量偏弱
43657,43429,-228,87086,-0.26,141.85,142.05,2019-02-20,IC1903,空头力量偏弱
45968,45233,-735,91201,-0.81,142.33,140.93,2019-02-21,IC1903,空头力量偏弱
43768,44351,583,88119,0.66,142.19,142.92,2019-02-22,IC1903,多头占优
44695,43913,-782,88608,-0.88,142.64,141.43,2019-02-25,IC1903,空头力量偏弱
43993,44294,301,88287,0.34,144.87,141.97,2019-02-26,IC1903,多头占优
42568,44011,1443,86579,1.67,145.33,142.42,2019-02-27,IC1903,多头占优
40257,41479,1222,81736,1.5,145.33,142.26,2019-02-28,IC1903,多头占优
40345,40876,531,81221,0.65,143.74,141.88,2019-03-01,IC1903,多头占优
40580,40653,73,81233,0.09,145.58,143.57,2019-03-04,IC1903,多头占优
37329,37950,621,75279,0.82,142.9,143.83,2019-03-05,IC1903,多头占优
39334,38510,-824,77844,-1.06,144.18,142.33,2019-03-06,IC1903,空头力量偏弱
38514,37930,-584,76444,-0.76,144.17,141.26,2019-03-07,IC1903,空头力量偏弱
36759,38915,2156,75674,2.85,145.07,145.58,2019-03-08,IC1903,多头占优
34705,36996,2291,71701,3.2,147.97,147.04,2019-03-11,IC1903,多头占优
29818,31977,2159,61795,3.49,144.45,144.14,2019-03-12,IC1903,多头占优
22705,24267,1562,46972,3.33,142.59,145.6,2019-03-13,IC1903,多头占优
11677,12818,1141,24495,4.66,143.67,141.29,2019-03-14,IC1903,多头占优
40094,42600,2506,82694,3.03,142.96,139.0,2019-03-15,IC1904,多头占优
39609,42071,2462,81680,3.01,144.12,139.63,2019-03-18,IC1904,多头占优
38323,40621,2298,78944,2.91,144.44,139.51,2019-03-19,IC1904,多头占优
40313,42082,1769,82395,2.15,143.05,140.68,2019-03-20,IC1904,多头占优
41401,43097,1696,84498,2.01,143.9,140.42,2019-03-21,IC1904,多头占优
40684,42840,2156,83524,2.58,145.27,140.44,2019-03-22,IC1904,多头占优
41521,43819,2298,85340,2.69,144.73,142.25,2019-03-25,IC1904,多头占优
41646,44237,2591,85883,3.02,144.36,141.17,2019-03-26,IC1904,多头占优
41556,43973,2417,85529,2.83,144.18,141.92,2019-03-27,IC1904,多头占优
41579,44129,2550,85708,2.98,142.81,141.9,2019-03-28,IC1904,多头占优
39994,43327,3333,83321,4.0,145.79,141.9,2019-03-29,IC1904,多头占优
39103,43286,4183,82389,5.08,146.14,142.04,2019-04-01,IC1904,多头占优
38662,42455,3793,81117,4.68,146.49,142.7,2019-04-02,IC1904,多头占优
38016,42401,4385,80417,5.45,148.74,141.86,2019-04-03,IC1904,多头占优
38162,42166,4004,80328,4.98,148.73,141.83,2019-04-04,IC1904,多头占优
37607,40588,2981,78195,3.81,147.14,141.36,2019-04-08,IC1904,多头占优
37360,39991,2631,77351,3.4,147.81,141.37,2019-04-09,IC1904,多头占优
37194,39836,2642,77030,3.43,146.14,141.28,2019-04-10,IC1904,多头占优
34680,37265,2585,71945,3.59,146.35,142.37,2019-04-11,IC1904,多头占优
33351,36261,2910,69612,4.18,146.42,141.7,2019-04-12,IC1904,多头占优
29841,31860,2019,61701,3.27,144.01,144.12,2019-04-15,IC1904,多头占优
26158,28359,2201,54517,4.04,145.02,142.25,2019-04-16,IC1904,多头占优
20528,21868,1340,42396,3.16,147.28,144.19,2019-04-17,IC1904,多头占优
11318,11751,433,23069,1.88,144.05,139.42,2019-04-18,IC1904,多头占优
32268,35108,2840,67376,4.22,145.27,139.31,2019-04-19,IC1905,多头占优
33119,35924,2805,69043,4.06,144.68,142.32,2019-04-22,IC1905,多头占优
37118,40440,3322,77558,4.28,143.41,142.06,2019-04-23,IC1905,多头占优
37008,40675,3667,77683,4.72,141.69,141.63,2019-04-24,IC1905,多头占优
39197,43323,4126,82520,5.0,142.02,143.93,2019-04-25,IC1905,多头占优
40292,43732,3440,84024,4.09,142.34,142.6,2019-04-26,IC1905,多头占优
44263,49040,4777,93303,5.12,143.23,143.29,2019-04-29,IC1905,多头占优
41851,45385,3534,87236,4.05,145.38,144.46,2019-04-30,IC1905,多头占优
43802,47227,3425,91029,3.76,144.71,143.39,2019-05-06,IC1905,多头占优
43860,45558,1698,89418,1.9,144.14,144.11,2019-05-07,IC1905,多头占优
41225,43714,2489,84939,2.93,144.73,142.8,2019-05-08,IC1905,多头占优
42594,45332,2738,87926,3.11,143.28,143.31,2019-05-09,IC1905,多头占优
44650,47346,2696,91996,2.93,143.94,143.46,2019-05-10,IC1905,多头占优
36744,39043,2299,75787,3.03,145.6,144.62,2019-05-13,IC1905,多头占优
37983,40496,2513,78479,3.2,145.36,142.89,2019-05-14,IC1905,多头占优
28767,29589,822,58356,1.41,142.21,142.1,2019-05-15,IC1905,多头占优
43215,49886,6671,93101,7.17,140.77,142.06,2019-05-16,IC1906,多头占优
57048,63258,6210,120306,5.16,140.48,140.53,2019-05-17,IC1906,多头占优
55714,61950,6236,117664,5.3,140.65,141.49,2019-05-20,IC1906,多头占优
55184,61432,6248,116616,5.36,140.24,140.1,2019-05-21,IC1906,多头占优
55073,61179,6106,116252,5.25,140.96,140.31,2019-05-22,IC1906,多头占优
56332,62964,6632,119296,5.56,142.36,140.5,2019-05-23,IC1906,多头占优
57180,64366,7186,121546,5.91,142.18,140.47,2019-05-24,IC1906,多头占优
57088,63412,6324,120500,5.25,141.97,141.27,2019-05-27,IC1906,多头占优
55241,61012,5771,116253,4.96,141.19,140.08,2019-05-28,IC1906,多头占优
55603,62372,6769,117975,5.74,141.73,140.94,2019-05-29,IC1906,多头占优
56264,63433,7169,119697,5.99,141.46,141.84,2019-05-30,IC1906,多头占优
53815,61227,7412,115042,6.44,142.92,140.66,2019-05-31,IC1906,多头占优
56482,65048,8566,121530,7.05,142.78,139.85,2019-06-03,IC1906,多头占优
53262,61378,8116,114640,7.08,142.06,139.84,2019-06-04,IC1906,多头占优
53669,61458,7789,115127,6.77,143.13,139.89,2019-06-05,IC1906,多头占优
54740,63963,9223,118703,7.77,142.13,140.43,2019-06-06,IC1906,多头占优
52625,60275,7650,112900,6.78,142.81,140.33,2019-06-10,IC1906,多头占优
52857,60216,7359,113073,6.51,141.66,140.13,2019-06-11,IC1906,多头占优
47890,54241,6351,102131,6.22,140.31,139.67,2019-06-12,IC1906,多头占优
48726,54613,5887,103339,5.7,142.13,139.98,2019-06-13,IC1906,多头占优
44386,50442,6056,94828,6.39,141.66,140.09,2019-06-14,IC1906,多头占优
40998,45833,4835,86831,5.57,140.75,140.11,2019-06-17,IC1906,多头占优
37209,40393,3184,77602,4.1,140.53,139.27,2019-06-18,IC1906,多头占优
29250,30817,1567,60067,2.61,143.3,142.5,2019-06-19,IC1906,多头占优
43333,48380,5047,91713,5.5,146.1,135.94,2019-06-20,IC1907,多头占优
51175,57711,6536,108886,6.0,143.62,138.17,2019-06-21,IC1907,多头占优
47624,53901,6277,101525,6.18,144.63,138.1,2019-06-24,IC1907,多头占优
49426,56112,6686,105538,6.34,144.45,139.04,2019-06-25,IC1907,多头占优
45096,51661,6565,96757,6.79,145.02,138.58,2019-06-26,IC1907,多头占优
49428,55491,6063,104919,5.78,143.78,139.07,2019-06-27,IC1907,多头占优
47819,54130,6311,101949,6.19,143.73,139.33,2019-06-28,IC1907,多头占优
50284,56075,5791,106359,5.44,144.89,138.37,2019-07-01,IC1907,多头占优
47299,53332,6033,100631,6.0,145.96,138.72,2019-07-02,IC1907,多头占优
47223,53460,6237,100683,6.19,146.08,139.29,2019-07-03,IC1907,多头占优
46434,53364,6930,99798,6.94,144.22,139.44,2019-07-04,IC1907,多头占优
45552,51451,5899,97003,6.08,145.33,140.04,2019-07-05,IC1907,多头占优
48406,54326,5920,102732,5.76,144.17,140.34,2019-07-08,IC1907,多头占优
43180,48572,5392,91752,5.88,144.56,140.47,2019-07-09,IC1907,多头占优
44142,49147,5005,93289,5.37,145.83,141.88,2019-07-10,IC1907,多头占优
46867,51270,4403,98137,4.49,143.23,141.42,2019-07-11,IC1907,多头占优
42507,46386,3879,88893,4.36,143.14,140.65,2019-07-12,IC1907,多头占优
46552,49377,2825,95929,2.94,140.63,141.66,2019-07-15,IC1907,多头占优
36389,38870,2481,75259,3.3,141.57,142.08,2019-07-16,IC1907,多头占优
29488,29886,398,59374,0.67,143.38,143.26,2019-07-17,IC1907,多头占优
14520,14627,107,29147,0.37,141.88,139.86,2019-07-18,IC1907,多头占优
43449,48562,5113,92011,5.56,146.16,139.51,2019-07-19,IC1908,多头占优
45665,51787,6122,97452,6.28,148.08,138.53,2019-07-22,IC1908,多头占优
41749,46842,5093,88591,5.75,147.6,138.55,2019-07-23,IC1908,多头占优
44238,48981,4743,93219,5.09,147.91,140.48,2019-07-24,IC1908,多头占优
43785,48643,4858,92428,5.26,146.02,138.98,2019-07-25,IC1908,多头占优
44353,48699,4346,93052,4.67,147.67,140.9,2019-07-26,IC1908,多头占优
41635,46136,4501,87771,5.13,147.61,138.57,2019-07-29,IC1908,多头占优
46188,51001,4813,97189,4.95,146.09,139.68,2019-07-30,IC1908,多头占优
42843,47204,4361,90047,4.84,147.16,138.19,2019-07-31,IC1908,多头占优
44111,48902,4791,93013,5.15,148.07,140.4,2019-08-01,IC1908,多头占优
43547,48120,4573,91667,4.99,145.9,139.22,2019-08-02,IC1908,多头占优
43171,47216,4045,90387,4.48,147.49,141.86,2019-08-05,IC1908,多头占优
49415,53715,4300,103130,4.17,144.66,139.94,2019-08-06,IC1908,多头占优
43772,48175,4403,91947,4.79,146.2,141.49,2019-08-07,IC1908,多头占优
41911,45628,3717,87539,4.25,145.65,140.45,2019-08-08,IC1908,多头占优
41549,45225,3676,86774,4.24,144.96,142.38,2019-08-09,IC1908,多头占优
37790,39995,2205,77785,2.83,144.48,142.44,2019-08-12,IC1908,多头占优
32535,33692,1157,66227,1.75,143.36,142.22,2019-08-13,IC1908,多头占优
26996,26878,-118,53874,-0.22,140.05,141.37,2019-08-14,IC1908,空头力量偏弱
59661,66619,6958,126280,5.51,147.55,141.15,2019-08-15,IC1909,多头占优
65304,71412,6108,136716,4.47,147.39,138.92,2019-08-16,IC1909,多头占优
68989,75515,6526,144504,4.52,145.87,138.56,2019-08-19,IC1909,多头占优
64794,70279,5485,135073,4.06,146.49,137.51,2019-08-20,IC1909,多头占优
64753,70957,6204,135710,4.57,147.76,138.21,2019-08-21,IC1909,多头占优
64912,70993,6081,135905,4.47,147.84,138.89,2019-08-22,IC1909,多头占优
65997,71756,5759,137753,4.18,147.75,137.93,2019-08-23,IC1909,多头占优
65898,72188,6290,138086,4.56,147.03,138.27,2019-08-26,IC1909,多头占优
67216,73116,5900,140332,4.2,146.13,137.81,2019-08-27,IC1909,多头占优
63663,69774,6111,133437,4.58,145.88,137.36,2019-08-28,IC1909,多头占优
63598,69059,5461,132657,4.12,146.5,138.84,2019-08-29,IC1909,多头占优
64513,70801,6288,135314,4.65,147.35,139.33,2019-08-30,IC1909,多头占优
65679,70501,4822,136180,3.54,146.82,139.05,2019-09-02,IC1909,多头占优
62016,65660,3644,127676,2.85,146.78,138.8,2019-09-03,IC1909,多头占优
65424,69130,3706,134554,2.75,146.44,139.23,2019-09-04,IC1909,多头占优
65245,70415,5170,135660,3.81,144.97,140.47,2019-09-05,IC1909,多头占优
58764,64335,5571,123099,4.53,144.53,140.04,2019-09-06,IC1909,多头占优
59329,62852,3523,122181,2.88,144.07,141.03,2019-09-09,IC1909,多头占优
54370,57203,2833,111573,2.54,143.54,142.01,2019-09-10,IC1909,多头占优
54216,57987,3771,112203,3.36,144.62,141.92,2019-09-11,IC1909,多头占优
47243,50875,3632,98118,3.7,144.17,142.6,2019-09-12,IC1909,多头占优
46729,49486,2757,96215,2.87,143.65,142.04,2019-09-16,IC1909,多头占优
39415,41423,2008,80838,2.48,143.66,142.69,2019-09-17,IC1909,多头占优
30615,31700,1085,62315,1.74,142.6,143.21,2019-09-18,IC1909,多头占优
41660,46657,4997,88317,5.66,145.84,139.05,2019-09-19,IC1910,多头占优
49807,54945,5138,104752,4.9,145.75,140.35,2019-09-20,IC1910,多头占优
53336,58319,4983,111655,4.46,146.04,139.12,2019-09-23,IC1910,多头占优
53233,57717,4484,110950,4.04,145.5,139.47,2019-09-24,IC1910,多头占优
52315,57147,4832,109462,4.41,146.49,138.8,2019-09-25,IC1910,多头占优
51177,57821,6644,108998,6.1,146.37,139.58,2019-09-26,IC1910,多头占优
48855,55305,6450,104160,6.19,147.31,139.43,2019-09-27,IC1910,多头占优
50745,56095,5350,106840,5.01,145.83,139.93,2019-09-30,IC1910,多头占优
49790,54124,4334,103914,4.17,145.86,138.86,2019-10-08,IC1910,多头占优
50780,55248,4468,106028,4.21,145.57,139.06,2019-10-09,IC1910,多头占优
48476,52265,3789,100741,3.76,147.18,138.38,2019-10-10,IC1910,多头占优
48577,51551,2974,100128,2.97,147.14,137.49,2019-10-11,IC1910,多头占优
42606,46075,3469,88681,3.91,146.83,139.75,2019-10-14,IC1910,多头占优
35515,38964,3449,74479,4.63,147.69,138.88,2019-10-15,IC1910,多头占优
29429,32196,2767,61625,4.49,147.16,140.54,2019-10-16,IC1910,多头占优
14067,15158,1091,29225,3.73,148.81,141.33,2019-10-17,IC1910,多头占优
48460,51934,3474,100394,3.46,146.14,140.27,2019-10-18,IC1911,多头占优
46440,49269,2829,95709,2.96,145.6,139.32,2019-10-21,IC1911,多头占优
49985,51916,1931,101901,1.89,144.03,140.03,2019-10-22,IC1911,多头占优
47170,49275,2105,96445,2.18,144.8,141.26,2019-10-23,IC1911,多头占优
49416,51381,1965,100797,1.95,144.87,140.86,2019-10-24,IC1911,多头占优
50059,52568,2509,102627,2.44,145.75,141.74,2019-10-25,IC1911,多头占优
48761,52499,3738,101260,3.69,145.59,140.71,2019-10-28,IC1911,多头占优
45891,49392,3501,95283,3.67,147.1,141.74,2019-10-29,IC1911,多头占优
48203,52693,4490,100896,4.45,147.06,141.77,2019-10-30,IC1911,多头占优
47097,51061,3964,98158,4.04,145.46,141.34,2019-10-31,IC1911,多头占优
47653,51863,4210,99516,4.23,145.7,139.62,2019-11-01,IC1911,多头占优
46255,50155,3900,96410,4.05,145.9,140.1,2019-11-04,IC1911,多头占优
46980,50393,3413,97373,3.51,144.47,139.57,2019-11-05,IC1911,多头占优
44601,47258,2657,91859,2.89,144.58,140.72,2019-11-06,IC1911,多头占优
47171,50086,2915,97257,3.0,142.94,140.27,2019-11-07,IC1911,多头占优
43729,46502,2773,90231,3.07,142.84,139.42,2019-11-08,IC1911,多头占优
39919,42310,2391,82229,2.91,143.3,140.78,2019-11-11,IC1911,多头占优
37929,39909,1980,77838,2.54,142.52,140.65,2019-11-12,IC1911,多头占优
28640,30470,1830,59110,3.1,142.58,138.74,2019-11-13,IC1911,多头占优
69001,76413,7412,145414,5.1,145.59,138.22,2019-11-14,IC1912,多头占优
76663,84484,7821,161147,4.85,144.78,137.15,2019-11-15,IC1912,多头占优
76697,84108,7411,160805,4.61,145.12,137.86,2019-11-18,IC1912,多头占优
76638,84101,7463,160739,4.64,144.89,138.14,2019-11-19,IC1912,多头占优
74274,82164,7890,156438,5.04,144.32,138.15,2019-11-20,IC1912,多头占优
75828,84236,8408,160064,5.25,144.65,138.72,2019-11-21,IC1912,多头占优
81209,89298,8089,170507,4.74,145.43,139.54,2019-11-22,IC1912,多头占优
75752,82526,6774,158278,4.28,144.83,138.76,2019-11-25,IC1912,多头占优
76174,81577,5403,157751,3.43,145.88,137.57,2019-11-26,IC1912,多头占优
76188,82333,6145,158521,3.88,144.64,136.13,2019-11-27,IC1912,多头占优
73718,79015,5297,152733,3.47,146.02,136.43,2019-11-28,IC1912,多头占优
74651,80942,6291,155593,4.04,144.89,136.71,2019-11-29,IC1912,多头占优
70316,76768,6452,147084,4.39,145.43,137.37,2019-12-02,IC1912,多头占优
72269,78757,6488,151026,4.3,144.99,137.49,2019-12-03,IC1912,多头占优
67404,73467,6063,140871,4.3,145.84,137.64,2019-12-04,IC1912,多头占优
69033,75030,5997,144063,4.16,144.9,137.63,2019-12-05,IC1912,多头占优
65477,71411,5934,136888,4.33,145.97,137.86,2019-12-06,IC1912,多头占优
65055,69186,4131,134241,3.08,145.66,137.03,2019-12-09,IC1912,多头占优
60213,64774,4561,124987,3.65,146.22,138.45,2019-12-10,IC1912,多头占优
57256,61317,4061,118573,3.42,145.45,138.42,2019-12-11,IC1912,多头占优
54626,58324,3698,112950,3.27,146.53,137.82,2019-12-12,IC1912,多头占优
53130,57343,4213,110473,3.81,147.4,137.88,2019-12-13,IC1912,多头占优
48156,52293,4137,100449,4.12,147.27,137.29,2019-12-16,IC1912,多头占优
41656,45481,3825,87137,4.39,149.59,139.23,2019-12-17,IC1912,多头占优
30692,33024,2332,63716,3.66,145.92,138.52,2019-12-18,IC1912,多头占优
42367,48386,6019,90753,6.63,145.37,140.84,2019-12-19,IC2001,多头占优
50905,58137,7232,109042,6.63,144.14,140.0,2019-12-20,IC2001,多头占优
52662,60010,7348,112672,6.52,143.76,142.33,2019-12-23,IC2001,多头占优
48941,56099,7158,105040,6.81,143.85,140.48,2019-12-24,IC2001,多头占优
50604,56414,5810,107018,5.43,143.23,141.84,2019-12-25,IC2001,多头占优
49902,55458,5556,105360,5.27,143.86,142.45,2019-12-26,IC2001,多头占优
51814,56981,5167,108795,4.75,143.5,142.31,2019-12-27,IC2001,多头占优
50339,55556,5217,105895,4.93,142.28,140.64,2019-12-30,IC2001,多头占优
48310,53445,5135,101755,5.05,143.85,141.32,2019-12-31,IC2001,多头占优
48723,54049,5326,102772,5.18,143.22,141.07,2020-01-02,IC2001,多头占优
46605,51173,4568,97778,4.67,143.52,141.98,2020-01-03,IC2001,多头占优
50255,54825,4570,105080,4.35,143.12,141.37,2020-01-06,IC2001,多头占优
45487,50712,5225,96199,5.43,143.93,142.03,2020-01-07,IC2001,多头占优
46730,51961,5231,98691,5.3,143.04,141.78,2020-01-08,IC2001,多头占优
43098,47115,4017,90213,4.45,142.55,139.76,2020-01-09,IC2001,多头占优
43149,46549,3400,89698,3.79,143.43,140.69,2020-01-10,IC2001,多头占优
40854,43739,2885,84593,3.41,141.75,138.96,2020-01-13,IC2001,多头占优
33056,36042,2986,69098,4.32,142.82,140.55,2020-01-14,IC2001,多头占优
27043,29570,2527,56613,4.46,142.64,140.98,2020-01-15,IC2001,多头占优
13673,14525,852,28198,3.02,145.07,141.44,2020-01-16,IC2001,多头占优
42854,47176,4322,90030,4.8,145.31,140.96,2020-01-17,IC2002,多头占优
41569,44562,2993,86131,3.47,143.89,141.43,2020-01-20,IC2002,多头占优
44753,47222,2469,91975,2.68,144.46,143.8,2020-01-21,IC2002,多头占优
45773,48351,2578,94124,2.74,143.74,142.85,2020-01-22,IC2002,多头占优
47260,49764,2504,97024,2.58,144.65,146.14,2020-01-23,IC2002,多头占优
40037,41438,1401,81475,1.72,147.89,144.55,2020-02-03,IC2002,多头占优
46385,47950,1565,94335,1.66,143.86,142.42,2020-02-04,IC2002,多头占优
44055,43879,-176,87934,-0.2,143.21,142.08,2020-02-05,IC2002,空头力量偏弱
48398,47495,-903,95893,-0.94,140.41,140.3,2020-02-06,IC2002,空头力量偏弱
45919,45265,-654,91184,-0.72,139.0,139.47,2020-02-07,IC2002,空头力量偏弱
46396,45105,-1291,91501,-1.41,139.67,139.46,2020-02-10,IC2002,空头力量偏弱
45607,44377,-1230,89984,-1.37,139.89,139.31,2020-02-11,IC2002,空头力量偏弱
45877,44273,-1604,90150,-1.78,140.8,140.75,2020-02-12,IC2002,空头力量偏弱
46830,46092,-738,92922,-0.79,140.1,140.51,2020-02-13,IC2002,空头力量偏弱
44326,44066,-260,88392,-0.29,140.58,141.47,2020-02-14,IC2002,空头力量偏弱
38485,39143,658,77628,0.85,141.58,139.3,2020-02-17,IC2002,多头占优
34847,35139,292,69986,0.42,142.86,140.19,2020-02-18,IC2002,多头占优
60963,63979,3016,124942,2.41,144.12,134.93,2020-02-19,IC2003,多头占优
76852,80287,3435,157139,2.19,144.13,136.48,2020-02-20,IC2003,多头占优
81916,85210,3294,167126,1.97,144.23,136.22,2020-02-21,IC2003,多头占优
82274,84810,2536,167084,1.52,143.81,136.46,2020-02-24,IC2003,多头占优
89341,93939,4598,183280,2.51,143.07,137.45,2020-02-25,IC2003,多头占优
85383,87567,2184,172950,1.26,143.68,137.1,2020-02-26,IC2003,多头占优
83775,88605,4830,172380,2.8,143.87,136.88,2020-02-27,IC2003,多头占优
84561,90506,5945,175067,3.4,143.17,137.37,2020-02-28,IC2003,多头占优
79900,85557,5657,165457,3.42,143.2,137.75,2020-03-02,IC2003,多头占优
77972,83295,5323,161267,3.3,142.69,137.69,2020-03-03,IC2003,多头占优
76922,82367,5445,159289,3.42,143.32,137.69,2020-03-04,IC2003,多头占优
74452,80619,6167,155071,3.98,141.79,136.28,2020-03-05,IC2003,多头占优
74715,80880,6165,155595,3.96,142.04,133.78,2020-03-06,IC2003,多头占优
74074,78327,4253,152401,2.79,141.03,135.94,2020-03-09,IC2003,多头占优
72655,80210,7555,152865,4.94,143.45,134.26,2020-03-10,IC2003,多头占优
67357,72059,4702,139416,3.37,144.23,132.78,2020-03-11,IC2003,多头占优
70287,74790,4503,145077,3.1,142.52,133.93,2020-03-12,IC2003,多头占优
69020,73584,4564,142604,3.2,143.13,136.22,2020-03-13,IC2003,多头占优
58495,62073,3578,120568,2.97,140.44,137.15,2020-03-16,IC2003,多头占优
57803,60222,2419,118025,2.05,141.24,139.39,2020-03-17,IC2003,多头占优
45545,46325,780,91870,0.85,142.74,142.31,2020-03-18,IC2003,多头占优
57778,63602,5824,121380,4.8,140.75,139.57,2020-03-19,IC2004,多头占优
65502,71367,5865,136869,4.29,140.7,140.38,2020-03-20,IC2004,多头占优
66932,74262,7330,141194,5.19,140.69,140.41,2020-03-23,IC2004,多头占优
70353,79869,9516,150222,6.33,141.97,140.47,2020-03-24,IC2004,多头占优
65421,72173,6752,137594,4.91,142.35,139.79,2020-03-25,IC2004,多头占优
64157,71611,7454,135768,5.49,142.24,138.48,2020-03-26,IC2004,多头占优
66912,74875,7963,141787,5.62,141.68,136.7,2020-03-27,IC2004,多头占优
67698,75840,8142,143538,5.67,141.34,137.22,2020-03-30,IC2004,多头占优
65802,75075,9273,140877,6.58,141.92,137.62,2020-03-31,IC2004,多头占优
68143,75388,7245,143531,5.05,142.49,138.65,2020-04-01,IC2004,多头占优
68197,75821,7624,144018,5.29,143.39,138.64,2020-04-02,IC2004,多头占优
63320,70548,7228,133868,5.4,141.55,137.58,2020-04-03,IC2004,多头占优
64227,69412,5185,133639,3.88,142.47,138.54,2020-04-07,IC2004,多头占优
60882,65816,4934,126698,3.89,141.19,136.02,2020-04-08,IC2004,多头占优
61830,65318,3488,127148,2.74,141.03,136.84,2020-04-09,IC2004,多头占优
61031,65444,4413,126475,3.49,139.27,136.27,2020-04-10,IC2004,多头占优
55428,59169,3741,114597,3.26,140.31,135.74,2020-04-13,IC2004,多头占优
51056,53407,2351,104463,2.25,139.82,137.99,2020-04-14,IC2004,多头占优
39903,40656,753,80559,0.93,140.52,139.2,2020-04-15,IC2004,多头占优
19754,19883,129,39637,0.33,140.86,142.76,2020-04-16,IC2004,多头占优
56210,61174,4964,117384,4.23,143.12,139.03,2020-04-17,IC2005,多头占优
54190,58685,4495,112875,3.98,142.71,138.65,2020-04-20,IC2005,多头占优
58488,63234,4746,121722,3.9,141.65,138.73,2020-04-21,IC2005,多头占优
56866,62381,5515,119247,4.62,140.0,139.09,2020-04-22,IC2005,多头占优
57122,61658,4536,118780,3.82,140.88,138.69,2020-04-23,IC2005,多头占优
57132,61637,4505,118769,3.79,141.74,138.57,2020-04-24,IC2005,多头占优
58299,62783,4484,121082,3.7,142.99,139.66,2020-04-27,IC2005,多头占优
63464,68253,4789,131717,3.64,143.29,139.59,2020-04-28,IC2005,多头占优
57500,62114,4614,119614,3.86,142.79,140.0,2020-04-29,IC2005,多头占优
56743,62705,5962,119448,4.99,143.17,139.17,2020-04-30,IC2005,多头占优
53836,60336,6500,114172,5.69,142.85,137.84,2020-05-06,IC2005,多头占优
52899,58181,5282,111080,4.76,144.68,139.05,2020-05-07,IC2005,多头占优
51733,56724,4991,108457,4.6,143.55,136.88,2020-05-08,IC2005,多头占优
46679,50134,3455,96813,3.57,143.37,136.83,2020-05-11,IC2005,多头占优
45440,48854,3414,94294,3.62,144.57,139.25,2020-05-12,IC2005,多头占优
33522,35546,2024,69068,2.93,145.3,139.16,2020-05-13,IC2005,多头占优
71985,80417,8432,152402,5.53,150.14,138.23,2020-05-14,IC2006,多头占优
82473,92366,9893,174839,5.66,149.26,138.98,2020-05-15,IC2006,多头占优
83840,93691,9851,177531,5.55,149.22,140.69,2020-05-18,IC2006,多头占优
79680,89005,9325,168685,5.53,148.96,140.67,2020-05-19,IC2006,多头占优
78454,87848,9394,166302,5.65,148.66,140.29,2020-05-20,IC2006,多头占优
81974,92797,10823,174771,6.19,147.98,140.95,2020-05-21,IC2006,多头占优
82229,92094,9865,174323,5.66,147.02,141.46,2020-05-22,IC2006,多头占优
78788,88766,9978,167554,5.96,147.25,141.71,2020-05-25,IC2006,多头占优
77133,85685,8552,162818,5.25,146.19,141.26,2020-05-26,IC2006,多头占优
76818,84662,7844,161480,4.86,146.25,139.69,2020-05-27,IC2006,多头占优
80296,88035,7739,168331,4.6,147.54,140.61,2020-05-28,IC2006,多头占优
78132,84770,6638,162902,4.07,147.02,139.53,2020-05-29,IC2006,多头占优
77051,85160,8109,162211,5.0,147.35,141.82,2020-06-01,IC2006,多头占优
71820,80001,8181,151821,5.39,146.84,140.17,2020-06-02,IC2006,多头占优
73398,80425,7027,153823,4.57,147.58,141.69,2020-06-03,IC2006,多头占优
71026,77929,6903,148955,4.63,147.46,141.5,2020-06-04,IC2006,多头占优
72681,79041,6360,151722,4.19,147.72,141.36,2020-06-05,IC2006,多头占优
69103,74548,5445,143651,3.79,146.06,140.21,2020-06-08,IC2006,多头占优
73093,78314,5221,151407,3.45,146.85,142.01,2020-06-09,IC2006,多头占优
65583,70896,5313,136479,3.89,146.23,140.47,2020-06-10,IC2006,多头占优
71495,75822,4327,147317,2.94,144.89,140.37,2020-06-11,IC2006,多头占优
60690,64515,3825,125205,3.05,147.35,143.41,2020-06-12,IC2006,多头占优
54974,58986,4012,113960,3.52,147.33,139.5,2020-06-15,IC2006,多头占优
46735,50235,3500,96970,3.61,149.33,143.12,2020-06-16,IC2006,多头占优
37809,39228,1419,77037,1.84,147.44,142.14,2020-06-17,IC2006,多头占优
50720,54394,3674,105114,3.5,146.48,138.4,2020-06-18,IC2007,多头占优
61773,68748,6975,130521,5.34,147.26,139.85,2020-06-19,IC2007,多头占优
60194,66903,6709,127097,5.28,147.42,139.63,2020-06-22,IC2007,多头占优
61823,67712,5889,129535,4.55,147.71,140.07,2020-06-23,IC2007,多头占优
58381,64241,5860,122622,4.78,147.01,138.27,2020-06-24,IC2007,多头占优
61540,66896,5356,128436,4.17,147.66,139.66,2020-06-29,IC2007,多头占优
62269,68194,5925,130463,4.54,145.14,140.38,2020-06-30,IC2007,多头占优
61143,66333,5190,127476,4.07,146.12,140.42,2020-07-01,IC2007,多头占优
62712,68403,5691,131115,4.34,144.4,140.68,2020-07-02,IC2007,多头占优
54435,61892,7457,116327,6.41,144.36,140.29,2020-07-03,IC2007,多头占优
55095,63228,8133,118323,6.87,143.82,140.1,2020-07-06,IC2007,多头占优
53832,59916,6084,113748,5.35,143.05,141.03,2020-07-07,IC2007,多头占优
52908,58710,5802,111618,5.2,141.67,140.66,2020-07-08,IC2007,多头占优
55567,61731,6164,117298,5.25,141.59,141.66,2020-07-09,IC2007,多头占优
52137,57930,5793,110067,5.26,141.86,140.45,2020-07-10,IC2007,多头占优
50913,55582,4669,106495,4.38,142.26,142.16,2020-07-13,IC2007,多头占优
46042,50852,4810,96894,4.96,140.21,139.81,2020-07-14,IC2007,多头占优
37217,41150,3933,78367,5.02,143.87,143.33,2020-07-15,IC2007,多头占优
49171,54709,5538,103880,5.33,141.8,141.09,2020-07-16,IC2008,多头占优
59112,65771,6659,124883,5.33,140.18,139.84,2020-07-17,IC2008,多头占优
55859,61519,5660,117378,4.82,141.38,140.58,2020-07-20,IC2008,多头占优
56162,63408,7246,119570,6.06,140.7,138.45,2020-07-21,IC2008,多头占优
60252,68539,8287,128791,6.43,142.26,139.58,2020-07-22,IC2008,多头占优
59965,68089,8124,128054,6.34,139.83,139.36,2020-07-23,IC2008,多头占优
65348,71394,6046,136742,4.42,141.84,139.73,2020-07-24,IC2008,多头占优
61331,67203,5872,128534,4.57,140.11,140.97,2020-07-27,IC2008,多头占优
62559,67602,5043,130161,3.87,141.37,140.31,2020-07-28,IC2008,多头占优
62631,68505,5874,131136,4.48,140.42,139.81,2020-07-29,IC2008,多头占优
62728,67984,5256,130712,4.02,140.05,139.86,2020-07-30,IC2008,多头占优
69346,75676,6330,145022,4.36,141.26,139.67,2020-07-31,IC2008,多头占优
62145,68078,5933,130223,4.56,140.13,138.61,2020-08-03,IC2008,多头占优
61122,67873,6751,128995,5.23,141.88,139.81,2020-08-04,IC2008,多头占优
65120,71919,6799,137039,4.96,141.17,139.84,2020-08-05,IC2008,多头占优
65476,72694,7218,138170,5.22,140.7,139.59,2020-08-06,IC2008,多头占优
65412,72204,6792,137616,4.94,140.44,140.62,2020-08-07,IC2008,多头占优
62805,68722,5917,131527,4.5,138.47,138.48,2020-08-10,IC2008,多头占优
61591,68536,6945,130127,5.34,140.59,140.01,2020-08-11,IC2008,多头占优
64926,71359,6433,136285,4.72,140.43,140.69,2020-08-12,IC2008,多头占优
59964,65451,5487,125415,4.38,140.16,138.21,2020-08-13,IC2008,多头占优
61716,63752,2036,125468,1.62,141.8,142.67,2020-08-14,IC2008,多头占优
52491,54632,2141,107123,2.0,140.0,140.39,2020-08-17,IC2008,多头占优
48626,50578,1952,99204,1.97,142.09,142.71,2020-08-18,IC2008,多头占优
39645,40914,1269,80559,1.58,142.45,141.27,2020-08-19,IC2008,多头占优
79291,91195,11904,170486,6.98,144.05,136.88,2020-08-20,IC2009,多头占优
87267,101039,13772,188306,7.31,144.35,138.47,2020-08-21,IC2009,多头占优
83516,97357,13841,180873,7.65,143.2,138.1,2020-08-24,IC2009,多头占优
85027,99105,14078,184132,7.65,143.01,138.22,2020-08-25,IC2009,多头占优
87054,100577,13523,187631,7.21,142.95,138.7,2020-08-26,IC2009,多头占优
84749,99354,14605,184103,7.93,143.43,138.15,2020-08-27,IC2009,多头占优
88107,100748,12641,188855,6.69,145.33,140.75,2020-08-28,IC2009,多头占优
81381,94081,12700,175462,7.24,145.5,138.49,2020-08-31,IC2009,多头占优
80776,93013,12237,173789,7.04,144.18,139.2,2020-09-01,IC2009,多头占优
82375,94476,12101,176851,6.84,143.69,138.16,2020-09-02,IC2009,多头占优
81211,92984,11773,174195,6.76,144.86,138.95,2020-09-03,IC2009,多头占优
82366,92245,9879,174611,5.66,143.67,140.86,2020-09-04,IC2009,多头占优
84388,95561,11173,179949,6.21,144.56,138.95,2020-09-07,IC2009,多头占优
86732,94539,7807,181271,4.31,145.11,142.13,2020-09-08,IC2009,多头占优
86378,94769,8391,181147,4.63,143.25,138.66,2020-09-09,IC2009,多头占优
80839,88280,7441,169119,4.4,145.22,139.85,2020-09-10,IC2009,多头占优
78099,84770,6671,162869,4.1,143.97,144.06,2020-09-11,IC2009,多头占优
65985,72130,6145,138115,4.45,142.73,139.75,2020-09-14,IC2009,多头占优
59001,62618,3617,121619,2.97,146.85,140.98,2020-09-15,IC2009,多头占优
44481,46051,1570,90532,1.73,146.62,141.78,2020-09-16,IC2009,多头占优
63136,67590,4454,130726,3.41,139.39,143.08,2020-09-17,IC2010,多头占优
70159,75338,5179,145497,3.56,140.67,142.2,2020-09-18,IC2010,多头占优
70254,76623,6369,146877,4.34,142.68,141.65,2020-09-21,IC2010,多头占优
74464,80818,6354,155282,4.09,141.1,140.53,2020-09-22,IC2010,多头占优
69538,75336,5798,144874,4.0,141.05,141.84,2020-09-23,IC2010,多头占优
75634,83181,7547,158815,4.75,140.6,140.19,2020-09-24,IC2010,多头占优
71174,77597,6423,148771,4.32,141.18,142.11,2020-09-25,IC2010,多头占优
68686,76534,7848,145220,5.4,142.88,141.22,2020-09-28,IC2010,多头占优
68862,74417,5555,143279,3.88,142.5,142.08,2020-09-29,IC2010,多头占优
63094,68063,4969,131157,3.79,144.39,142.21,2020-09-30,IC2010,多头占优
59125,62326,3201,121451,2.64,142.41,142.06,2020-10-09,IC2010,多头占优
52947,56195,3248,109142,2.98,144.4,144.78,2020-10-12,IC2010,多头占优
43909,47859,3950,91768,4.3,142.65,138.64,2020-10-13,IC2010,多头占优
35131,37688,2557,72819,3.51,142.7,138.76,2020-10-14,IC2010,多头占优
17568,18560,992,36128,2.75,147.56,139.37,2020-10-15,IC2010,多头占优
58438,64619,6181,123057,5.02,141.66,139.96,2020-10-16,IC2011,多头占优
63223,69375,6152,132598,4.64,144.67,139.96,2020-10-19,IC2011,多头占优
60361,67028,6667,127389,5.23,144.43,141.71,2020-10-20,IC2011,多头占优
62121,69327,7206,131448,5.48,142.68,138.72,2020-10-21,IC2011,多头占优
62290,69427,7137,131717,5.42,142.88,141.13,2020-10-22,IC2011,多头占优
63981,71365,7384,135346,5.46,142.88,139.22,2020-10-23,IC2011,多头占优
67979,75062,7083,143041,4.95,141.55,141.28,2020-10-26,IC2011,多头占优
61372,68653,7281,130025,5.6,141.85,139.87,2020-10-27,IC2011,多头占优
65051,72223,7172,137274,5.22,141.44,140.28,2020-10-28,IC2011,多头占优
61717,67992,6275,129709,4.84,142.77,140.96,2020-10-29,IC2011,多头占优
64341,71084,6743,135425,4.98,143.38,139.58,2020-10-30,IC2011,多头占优
61953,67169,5216,129122,4.04,140.88,140.66,2020-11-02,IC2011,多头占优
60770,63718,2948,124488,2.37,139.66,141.46,2020-11-03,IC2011,多头占优
62766,67965,5199,130731,3.98,144.09,139.71,2020-11-04,IC2011,多头占优
58926,61575,2649,120501,2.2,138.9,138.03,2020-11-05,IC2011,多头占优
57468,61858,4390,119326,3.68,140.79,136.82,2020-11-06,IC2011,多头占优
56677,59930,3253,116607,2.79,141.23,138.47,2020-11-09,IC2011,多头占优
53995,56858,2863,110853,2.58,142.38,137.13,2020-11-10,IC2011,多头占优
47976,50952,2976,98928,3.01,141.57,137.94,2020-11-11,IC2011,多头占优
48444,51349,2905,99793,2.91,141.65,136.93,2020-11-12,IC2011,多头占优
53532,56718,3186,110250,2.89,144.8,139.71,2020-11-13,IC2011,多头占优
45070,45198,128,90268,0.14,143.32,140.37,2020-11-16,IC2011,多头占优
40564,42269,1705,82833,2.06,147.42,138.66,2020-11-17,IC2011,多头占优
30569,30842,273,61411,0.44,147.63,139.24,2020-11-18,IC2011,多头占优
84683,94587,9904,179270,5.52,147.69,146.26,2020-11-19,IC2012,多头占优
90977,100400,9423,191377,4.92,144.76,145.11,2020-11-20,IC2012,多头占优
93093,102135,9042,195228,4.63,146.04,145.04,2020-11-23,IC2012,多头占优
86427,97071,10644,183498,5.8,145.59,144.85,2020-11-24,IC2012,多头占优
89138,100779,11641,189917,6.13,145.53,144.22,2020-11-25,IC2012,多头占优
86657,97785,11128,184442,6.03,144.3,144.92,2020-11-26,IC2012,多头占优
88386,100284,11898,188670,6.31,144.46,144.25,2020-11-27,IC2012,多头占优
87872,98418,10546,186290,5.66,145.49,142.98,2020-11-30,IC2012,多头占优
87007,98023,11016,185030,5.95,145.8,146.55,2020-12-01,IC2012,多头占优
78968,89823,10855,168791,6.43,145.76,144.63,2020-12-02,IC2012,多头占优
79446,88763,9317,168209,5.54,146.5,145.4,2020-12-03,IC2012,多头占优
76940,84725,7785,161665,4.82,145.53,145.22,2020-12-04,IC2012,多头占优
74139,81999,7860,156138,5.03,147.15,144.06,2020-12-07,IC2012,多头占优
70845,76719,5874,147564,3.98,145.74,144.28,2020-12-08,IC2012,多头占优
73339,80136,6797,153475,4.43,147.21,144.37,2020-12-09,IC2012,多头占优
68932,73090,4158,142022,2.93,146.74,147.1,2020-12-10,IC2012,多头占优
72754,78573,5819,151327,3.85,149.25,146.55,2020-12-11,IC2012,多头占优
58150,64149,5999,122299,4.91,147.31,146.97,2020-12-14,IC2012,多头占优
49752,55059,5307,104811,5.06,150.02,144.88,2020-12-15,IC2012,多头占优
40311,42971,2660,83282,3.19,150.98,147.56,2020-12-16,IC2012,多头占优
19023,18824,-199,37847,-0.53,144.89,143.78,2020-12-17,IC2012,空头力量偏弱
59993,68427,8434,128420,6.57,148.13,142.89,2020-12-18,IC2101,多头占优
65480,72398,6918,137878,5.02,147.78,146.11,2020-12-21,IC2101,多头占优
62052,69892,7840,131944,5.94,147.49,143.23,2020-12-22,IC2101,多头占优
67082,74717,7635,141799,5.38,147.5,145.77,2020-12-23,IC2101,多头占优
64203,73142,8939,137345,6.51,149.33,142.41,2020-12-24,IC2101,多头占优
61328,69770,8442,131098,6.44,146.74,143.07,2020-12-25,IC2101,多头占优
61426,70353,8927,131779,6.77,148.52,141.94,2020-12-28,IC2101,多头占优
61118,69758,8640,130876,6.6,148.08,141.0,2020-12-29,IC2101,多头占优
60697,67864,7167,128561,5.57,147.64,141.25,2020-12-30,IC2101,多头占优
60586,68050,7464,128636,5.8,148.12,140.7,2020-12-31,IC2101,多头占优
56372,63932,7560,120304,6.28,147.84,141.55,2021-01-04,IC2101,多头占优
55094,62742,7648,117836,6.49,146.44,140.74,2021-01-05,IC2101,多头占优
54837,61821,6984,116658,5.99,146.29,141.13,2021-01-06,IC2101,多头占优
55508,62068,6560,117576,5.58,145.81,141.37,2021-01-07,IC2101,多头占优
54973,61116,6143,116089,5.29,146.73,142.25,2021-01-08,IC2101,多头占优
51374,55752,4378,107126,4.09,145.65,145.64,2021-01-11,IC2101,多头占优
42169,45677,3508,87846,3.99,145.5,147.33,2021-01-12,IC2101,多头占优
34936,36860,1924,71796,2.68,144.6,140.79,2021-01-13,IC2101,多头占优
18817,18517,-300,37334,-0.8,143.52,145.02,2021-01-14,IC2101,空头力量偏弱
49516,54712,5196,104228,4.99,146.02,143.98,2021-01-15,IC2102,多头占优
47481,54295,6814,101776,6.7,146.43,143.78,2021-01-18,IC2102,多头占优
45290,50938,5648,96228,5.87,146.22,141.93,2021-01-19,IC2102,多头占优
47437,52868,5431,100305,5.41,145.8,141.91,2021-01-20,IC2102,多头占优
47062,53217,6155,100279,6.14,147.49,143.63,2021-01-21,IC2102,多头占优
48560,55274,6714,103834,6.47,146.08,141.26,2021-01-22,IC2102,多头占优
49896,55392,5496,105288,5.22,146.06,140.91,2021-01-25,IC2102,多头占优
47986,52847,4861,100833,4.82,146.84,143.69,2021-01-26,IC2102,多头占优
48010,52093,4083,100103,4.08,147.9,144.39,2021-01-27,IC2102,多头占优
51246,53966,2720,105212,2.59,148.5,144.46,2021-01-28,IC2102,多头占优
55285,56616,1331,111901,1.19,148.08,145.26,2021-01-29,IC2102,多头占优
49822,51527,1705,101349,1.68,149.37,146.31,2021-02-01,IC2102,多头占优
46890,48135,1245,95025,1.31,148.65,145.28,2021-02-02,IC2102,多头占优
44596,45614,1018,90210,1.13,147.15,142.63,2021-02-03,IC2102,多头占优
51545,51646,101,103191,0.1,145.32,145.94,2021-02-04,IC2102,多头占优
44751,44403,-348,89154,-0.39,144.01,143.11,2021-02-05,IC2102,空头力量偏弱
43788,43756,-32,87544,-0.04,145.75,144.76,2021-02-08,IC2102,空头力量偏弱
34872,34811,-61,69683,-0.09,147.14,144.13,2021-02-09,IC2102,空头力量偏弱
24501,26977,2476,51478,4.81,146.3,141.56,2021-02-10,IC2102,多头占优
14381,14967,586,29348,2.0,137.5,140.83,2021-02-18,IC2102,多头占优
91590,105003,13413,196593,6.82,146.22,139.35,2021-02-19,IC2103,多头占优
94387,105699,11312,200086,5.65,145.42,139.98,2021-02-22,IC2103,多头占优
90386,102171,11785,192557,6.12,145.64,140.81,2021-02-23,IC2103,多头占优
94801,105411,10610,200212,5.3,146.63,140.55,2021-02-24,IC2103,多头占优
91821,101137,9316,192958,4.83,146.8,141.14,2021-02-25,IC2103,多头占优
95802,102855,7053,198657,3.55,146.25,140.98,2021-02-26,IC2103,多头占优
88992,97065,8073,186057,4.34,146.08,142.38,2021-03-01,IC2103,多头占优
88438,96364,7926,184802,4.29,144.36,140.79,2021-03-02,IC2103,多头占优
82517,90772,8255,173289,4.76,144.71,142.16,2021-03-03,IC2103,多头占优
87131,93388,6257,180519,3.47,143.22,141.29,2021-03-04,IC2103,多头占优
87109,92550,5441,179659,3.03,144.81,142.43,2021-03-05,IC2103,多头占优
87779,91693,3914,179472,2.18,144.37,142.38,2021-03-08,IC2103,多头占优
90164,94201,4037,184365,2.19,146.97,144.31,2021-03-09,IC2103,多头占优
82395,86163,3768,168558,2.24,146.25,144.35,2021-03-10,IC2103,多头占优
76283,78807,2524,155090,1.63,146.38,143.13,2021-03-11,IC2103,多头占优
71112,72350,1238,143462,0.86,145.35,143.42,2021-03-12,IC2103,多头占优
66774,68421,1647,135195,1.22,145.58,143.96,2021-03-15,IC2103,多头占优
58580,59049,469,117629,0.4,145.45,143.16,2021-03-16,IC2103,多头占优
47028,46045,-983,93073,-1.06,145.44,144.7,2021-03-17,IC2103,空头力量偏弱
22909,22319,-590,45228,-1.3,142.97,145.48,2021-03-18,IC2103,空头力量偏弱
70749,70806,57,141555,0.04,146.0,145.43,2021-03-19,IC2104,多头占优
67534,69501,1967,137035,1.44,147.96,144.87,2021-03-22,IC2104,多头占优
71143,72273,1130,143416,0.79,147.65,145.95,2021-03-23,IC2104,多头占优
70192,70106,-86,140298,-0.06,147.63,146.69,2021-03-24,IC2104,空头力量偏弱
74116,73742,-374,147858,-0.25,148.37,149.09,2021-03-25,IC2104,空头力量偏弱
68414,69224,810,137638,0.59,147.69,146.87,2021-03-26,IC2104,多头占优
67643,68280,637,135923,0.47,149.68,147.7,2021-03-29,IC2104,多头占优
67577,67784,207,135361,0.15,147.76,146.9,2021-03-30,IC2104,多头占优
66137,67044,907,133181,0.68,149.11,148.02,2021-03-31,IC2104,多头占优
63552,65825,2273,129377,1.76,147.73,145.95,2021-04-01,IC2104,多头占优
61965,64190,2225,126155,1.76,148.62,146.73,2021-04-02,IC2104,多头占优
61148,63537,2389,124685,1.92,148.58,145.96,2021-04-06,IC2104,多头占优
60846,63379,2533,124225,2.04,149.62,145.84,2021-04-07,IC2104,多头占优
59900,61305,1405,121205,1.16,150.1,144.59,2021-04-08,IC2104,多头占优
58227,57549,-678,115776,-0.59,151.26,145.15,2021-04-09,IC2104,空头力量偏弱
56478,55541,-937,112019,-0.84,148.78,145.33,2021-04-12,IC2104,空头力量偏弱
47950,45767,-2183,93717,-2.33,148.37,146.02,2021-04-13,IC2104,空头力量偏弱
38100,35492,-2608,73592,-3.54,146.99,143.37,2021-04-14,IC2104,空头力量偏弱
46557,48740,2183,95297,2.29,151.01,150.73,2021-04-15,IC2105,多头占优
58663,60733,2070,119396,1.73,150.12,149.27,2021-04-16,IC2105,多头占优
54317,57652,3335,111969,2.98,151.16,147.47,2021-04-19,IC2105,多头占优
52865,55905,3040,108770,2.79,152.16,147.7,2021-04-20,IC2105,多头占优
51684,54369,2685,106053,2.53,150.57,146.8,2021-04-21,IC2105,多头占优
51623,53697,2074,105320,1.97,151.35,146.56,2021-04-22,IC2105,多头占优
51166,53559,2393,104725,2.29,150.83,145.72,2021-04-23,IC2105,多头占优
56052,57624,1572,113676,1.38,151.9,145.0,2021-04-26,IC2105,多头占优
53154,54153,999,107307,0.93,151.88,144.69,2021-04-27,IC2105,多头占优
52684,54703,2019,107387,1.88,151.51,142.31,2021-04-28,IC2105,多头占优
48735,50739,2004,99474,2.01,154.11,143.03,2021-04-29,IC2105,多头占优
53513,56169,2656,109682,2.42,152.65,143.45,2021-04-30,IC2105,多头占优
50908,53205,2297,104113,2.21,150.09,143.4,2021-05-06,IC2105,多头占优
52424,54914,2490,107338,2.32,150.55,144.83,2021-05-07,IC2105,多头占优
49348,52523,3175,101871,3.12,149.31,144.65,2021-05-10,IC2105,多头占优
53138,54502,1364,107640,1.27,148.64,145.55,2021-05-11,IC2105,多头占优
46980,48476,1496,95456,1.57,148.2,142.03,2021-05-12,IC2105,多头占优
47199,47313,114,94512,0.12,148.74,143.43,2021-05-13,IC2105,多头占优
43483,44822,1339,88305,1.52,149.32,144.82,2021-05-14,IC2105,多头占优
43018,43293,275,86311,0.32,149.5,142.74,2021-05-17,IC2105,多头占优
36394,36980,586,73374,0.8,149.65,143.85,2021-05-18,IC2105,多头占优
27179,27543,364,54722,0.67,148.03,143.09,2021-05-19,IC2105,多头占优
75428,92695,17267,168123,10.27,149.48,146.43,2021-05-20,IC2106,多头占优
82469,98249,15780,180718,8.73,148.92,147.21,2021-05-21,IC2106,多头占优
82888,98669,15781,181557,8.69,148.3,146.67,2021-05-24,IC2106,多头占优
77147,94806,17659,171953,10.27,148.61,144.0,2021-05-25,IC2106,多头占优
74849,90543,15694,165392,9.49,147.94,143.01,2021-05-26,IC2106,多头占优
73031,89069,16038,162100,9.89,147.97,142.64,2021-05-27,IC2106,多头占优
70707,85500,14793,156207,9.47,147.82,142.4,2021-05-28,IC2106,多头占优
67780,82977,15197,150757,10.08,147.78,140.11,2021-05-31,IC2106,多头占优
71468,87087,15619,158555,9.85,147.54,139.53,2021-06-01,IC2106,多头占优
67287,80704,13417,147991,9.07,147.24,138.94,2021-06-02,IC2106,多头占优
68676,82053,13377,150729,8.87,146.82,140.78,2021-06-03,IC2106,多头占优
67763,79544,11781,147307,8.0,146.88,141.07,2021-06-04,IC2106,多头占优
62607,74414,11807,137021,8.62,147.28,140.76,2021-06-07,IC2106,多头占优
61641,72983,11342,134624,8.42,147.45,141.22,2021-06-08,IC2106,多头占优
58466,68104,9638,126570,7.61,147.18,141.02,2021-06-09,IC2106,多头占优
55691,65599,9908,121290,8.17,145.9,141.85,2021-06-10,IC2106,多头占优
51027,58759,7732,109786,7.04,146.72,141.79,2021-06-11,IC2106,多头占优
44301,51266,6965,95567,7.29,146.25,142.81,2021-06-15,IC2106,多头占优
37031,40171,3140,77202,4.07,147.79,145.61,2021-06-16,IC2106,多头占优
54091,58421,4330,112512,3.85,151.17,149.77,2021-06-17,IC2107,多头占优
61396,68153,6757,129549,5.22,150.22,148.18,2021-06-18,IC2107,多头占优
62430,69718,7288,132148,5.52,149.91,146.74,2021-06-21,IC2107,多头占优
60948,67488,6540,128436,5.09,150.17,143.96,2021-06-22,IC2107,多头占优
64219,72385,8166,136604,5.98,150.95,146.33,2021-06-23,IC2107,多头占优
62914,71305,8391,134219,6.25,150.29,146.19,2021-06-24,IC2107,多头占优
63974,72888,8914,136862,6.51,149.65,145.57,2021-06-25,IC2107,多头占优
61943,70947,9004,132890,6.78,149.97,143.08,2021-06-28,IC2107,多头占优
64902,71926,7024,136828,5.13,148.58,145.86,2021-06-29,IC2107,多头占优
63464,71518,8054,134982,5.97,148.07,145.35,2021-06-30,IC2107,多头占优
70572,74625,4053,145197,2.79,148.34,147.36,2021-07-01,IC2107,多头占优
69522,72240,2718,141762,1.92,146.7,148.57,2021-07-02,IC2107,多头占优
68505,72374,3869,140879,2.75,146.96,147.8,2021-07-05,IC2107,多头占优
69655,73393,3738,143048,2.61,147.76,148.02,2021-07-06,IC2107,多头占优
62569,67749,5180,130318,3.97,148.1,146.6,2021-07-07,IC2107,多头占优
59799,64100,4301,123899,3.47,150.33,147.13,2021-07-08,IC2107,多头占优
59229,64613,5384,123842,4.35,150.94,147.22,2021-07-09,IC2107,多头占优
51962,56714,4752,108676,4.37,151.47,144.79,2021-07-12,IC2107,多头占优
46104,48564,2460,94668,2.6,151.25,145.85,2021-07-13,IC2107,多头占优
36936,37189,253,74125,0.34,146.37,146.57,2021-07-14,IC2107,多头占优
52353,59124,6771,111477,6.07,151.04,147.2,2021-07-15,IC2108,多头占优
61084,67210,6126,128294,4.77,152.25,147.59,2021-07-16,IC2108,多头占优
62403,67981,5578,130384,4.28,149.93,145.64,2021-07-19,IC2108,多头占优
60827,67499,6672,128326,5.2,150.0,146.7,2021-07-20,IC2108,多头占优
57796,64660,6864,122456,5.61,150.75,146.15,2021-07-21,IC2108,多头占优
57176,63644,6468,120820,5.35,150.62,145.59,2021-07-22,IC2108,多头占优
59594,66451,6857,126045,5.44,150.41,146.18,2021-07-23,IC2108,多头占优
67879,73291,5412,141170,3.83,149.22,148.41,2021-07-26,IC2108,多头占优
71792,76038,4246,147830,2.87,149.62,150.18,2021-07-27,IC2108,多头占优
77300,79241,1941,156541,1.24,150.49,148.27,2021-07-28,IC2108,多头占优
68086,71530,3444,139616,2.47,149.07,147.28,2021-07-29,IC2108,多头占优
65090,67653,2563,132743,1.93,148.43,147.48,2021-07-30,IC2108,多头占优
60669,65866,5197,126535,4.11,148.34,145.11,2021-08-02,IC2108,多头占优
60801,63707,2906,124508,2.33,148.59,146.31,2021-08-03,IC2108,多头占优
56278,61790,5512,118068,4.67,146.67,145.67,2021-08-04,IC2108,多头占优
55500,60257,4757,115757,4.11,147.32,145.25,2021-08-05,IC2108,多头占优
53140,59241,6101,112381,5.43,148.09,145.8,2021-08-06,IC2108,多头占优
51814,57679,5865,109493,5.36,148.8,144.84,2021-08-09,IC2108,多头占优
50938,55406,4468,106344,4.2,149.82,143.66,2021-08-10,IC2108,多头占优
48164,53463,5299,101627,5.21,149.84,142.52,2021-08-11,IC2108,多头占优
46550,51601,5051,98151,5.15,151.54,144.64,2021-08-12,IC2108,多头占优
45902,51290,5388,97192,5.54,151.75,144.92,2021-08-13,IC2108,多头占优
41219,46070,4851,87289,5.56,153.66,143.53,2021-08-16,IC2108,多头占优
39477,41302,1825,80779,2.26,149.62,146.08,2021-08-17,IC2108,多头占优
27528,28549,1021,56077,1.82,149.71,145.54,2021-08-18,IC2108,多头占优
98730,113326,14596,212056,6.88,149.18,142.11,2021-08-19,IC2109,多头占优
108136,120305,12169,228441,5.33,149.0,142.95,2021-08-20,IC2109,多头占优
99358,112592,13234,211950,6.24,148.27,142.03,2021-08-23,IC2109,多头占优
97156,110153,12997,207309,6.27,148.41,141.07,2021-08-24,IC2109,多头占优
95985,109329,13344,205314,6.5,147.75,140.01,2021-08-25,IC2109,多头占优
97291,108909,11618,206200,5.63,147.75,140.27,2021-08-26,IC2109,多头占优
97106,110052,12946,207158,6.25,148.0,140.94,2021-08-27,IC2109,多头占优
94853,106580,11727,201433,5.82,147.21,139.31,2021-08-30,IC2109,多头占优
90673,102172,11499,192845,5.96,146.19,139.39,2021-08-31,IC2109,多头占优
97100,107089,9989,204189,4.89,147.09,140.56,2021-09-01,IC2109,多头占优
88303,100649,12346,188952,6.53,146.92,140.41,2021-09-02,IC2109,多头占优
91745,100408,8663,192153,4.51,147.53,142.24,2021-09-03,IC2109,多头占优
85410,93585,8175,178995,4.57,147.29,141.3,2021-09-06,IC2109,多头占优
81663,91105,9442,172768,5.47,147.1,143.22,2021-09-07,IC2109,多头占优
76175,84195,8020,160370,5.0,146.64,142.3,2021-09-08,IC2109,多头占优
72821,80996,8175,153817,5.31,146.63,144.8,2021-09-09,IC2109,多头占优
69571,76376,6805,145947,4.66,147.29,144.89,2021-09-10,IC2109,多头占优
63878,69897,6019,133775,4.5,146.21,144.97,2021-09-13,IC2109,多头占优
58936,62976,4040,121912,3.31,144.66,146.43,2021-09-14,IC2109,多头占优
44155,46433,2278,90588,2.51,143.75,149.31,2021-09-15,IC2109,多头占优
63621,67039,3418,130660,2.62,149.65,146.34,2021-09-16,IC2110,多头占优
73491,76697,3206,150188,2.13,146.79,146.4,2021-09-17,IC2110,多头占优
68886,72544,3658,141430,2.59,146.66,146.3,2021-09-22,IC2110,多头占优
67814,71456,3642,139270,2.62,147.0,145.58,2021-09-23,IC2110,多头占优
70053,73192,3139,143245,2.19,147.14,148.33,2021-09-24,IC2110,多头占优
74834,76218,1384,151052,0.92,145.32,150.7,2021-09-27,IC2110,多头占优
69466,70203,737,139669,0.53,143.74,150.51,2021-09-28,IC2110,多头占优
73052,71910,-1142,144962,-0.79,144.08,152.67,2021-09-29,IC2110,空头力量偏弱
64215,63664,-551,127879,-0.43,143.26,149.63,2021-09-30,IC2110,空头力量偏弱
63585,61618,-1967,125203,-1.57,141.12,149.62,2021-10-08,IC2110,空头力量偏弱
56680,55411,-1269,112091,-1.13,139.98,151.92,2021-10-11,IC2110,空头力量偏弱
54371,51562,-2809,105933,-2.65,144.04,152.69,2021-10-12,IC2110,空头力量偏弱
43451,42616,-835,86067,-0.97,143.96,153.32,2021-10-13,IC2110,空头力量偏弱
47513,49491,1978,97004,2.04,148.13,152.5,2021-10-14,IC2111,多头占优
57682,59782,2100,117464,1.79,147.16,149.46,2021-10-15,IC2111,多头占优
56872,58953,2081,115825,1.8,145.7,145.84,2021-10-18,IC2111,多头占优
53126,55605,2479,108731,2.28,146.58,146.17,2021-10-19,IC2111,多头占优
54981,57147,2166,112128,1.93,146.4,144.91,2021-10-20,IC2111,多头占优
55250,56223,973,111473,0.87,146.75,145.65,2021-10-21,IC2111,多头占优
58918,59340,422,118258,0.36,146.75,146.08,2021-10-22,IC2111,多头占优
55751,56946,1195,112697,1.06,145.86,144.71,2021-10-25,IC2111,多头占优
56162,57241,1079,113403,0.95,145.51,144.82,2021-10-26,IC2111,多头占优
55083,57323,2240,112406,1.99,144.4,146.14,2021-10-27,IC2111,多头占优
59808,61490,1682,121298,1.39,145.63,146.82,2021-10-28,IC2111,多头占优
58112,60583,2471,118695,2.08,145.84,146.0,2021-10-29,IC2111,多头占优
56312,58969,2657,115281,2.3,144.91,143.45,2021-11-01,IC2111,多头占优
59544,60891,1347,120435,1.12,145.82,143.47,2021-11-02,IC2111,多头占优
58459,60602,2143,119061,1.8,144.35,142.74,2021-11-03,IC2111,多头占优
52726,55728,3002,108454,2.77,143.82,143.81,2021-11-04,IC2111,多头占优
53529,56784,3255,110313,2.95,144.02,143.48,2021-11-05,IC2111,多头占优
49635,52675,3040,102310,2.97,142.79,144.12,2021-11-08,IC2111,多头占优
47946,49707,1761,97653,1.8,142.52,144.31,2021-11-09,IC2111,多头占优
48486,49174,688,97660,0.7,141.42,143.45,2021-11-10,IC2111,多头占优
42402,44945,2543,87347,2.91,141.5,146.46,2021-11-11,IC2111,多头占优
41014,42758,1744,83772,2.08,142.09,144.21,2021-11-12,IC2111,多头占优
37910,40637,2727,78547,3.47,143.57,145.96,2021-11-15,IC2111,多头占优
32071,33162,1091,65233,1.67,142.89,144.52,2021-11-16,IC2111,多头占优
24852,25555,703,50407,1.39,140.76,143.4,2021-11-17,IC2111,多头占优
100579,113135,12556,213714,5.88,145.78,145.53,2021-11-18,IC2112,多头占优
107260,120296,13036,227556,5.73,145.06,145.28,2021-11-19,IC2112,多头占优
103578,116227,12649,219805,5.75,145.53,143.24,2021-11-22,IC2112,多头占优
101406,113204,11798,214610,5.5,145.35,143.0,2021-11-23,IC2112,多头占优
101450,113287,11837,214737,5.51,144.91,142.83,2021-11-24,IC2112,多头占优
99199,110195,10996,209394,5.25,145.35,143.12,2021-11-25,IC2112,多头占优
101338,112058,10720,213396,5.02,145.12,144.2,2021-11-26,IC2112,多头占优
100263,110417,10154,210680,4.82,145.2,145.51,2021-11-29,IC2112,多头占优
98636,108953,10317,207589,4.97,144.79,144.1,2021-11-30,IC2112,多头占优
94055,104079,10024,198134,5.06,143.98,144.65,2021-12-01,IC2112,多头占优
91619,101742,10123,193361,5.24,145.33,144.55,2021-12-02,IC2112,多头占优
86363,96435,10072,182798,5.51,145.57,146.66,2021-12-03,IC2112,多头占优
82787,92559,9772,175346,5.57,146.23,145.8,2021-12-06,IC2112,多头占优
83204,93284,10080,176488,5.71,147.8,147.45,2021-12-07,IC2112,多头占优
76557,85059,8502,161616,5.26,147.91,145.85,2021-12-08,IC2112,多头占优
72187,79730,7543,151917,4.97,147.23,145.15,2021-12-09,IC2112,多头占优
66940,71781,4841,138721,3.49,147.14,145.19,2021-12-10,IC2112,多头占优
59122,63287,4165,122409,3.4,146.7,145.25,2021-12-13,IC2112,多头占优
48867,53262,4395,102129,4.3,144.03,147.16,2021-12-14,IC2112,多头占优
36753,39573,2820,76326,3.69,144.93,147.9,2021-12-15,IC2112,多头占优
54463,56030,1567,110493,1.42,144.94,144.13,2021-12-16,IC2201,多头占优
64525,65395,870,129920,0.67,144.76,146.13,2021-12-17,IC2201,多头占优
70410,69296,-1114,139706,-0.8,146.62,146.92,2021-12-20,IC2201,空头力量偏弱
65922,65494,-428,131416,-0.33,144.29,144.54,2021-12-21,IC2201,空头力量偏弱
64096,63377,-719,127473,-0.56,144.24,142.67,2021-12-22,IC2201,空头力量偏弱
64937,65555,618,130492,0.47,144.72,142.51,2021-12-23,IC2201,多头占优
68845,66620,-2225,135465,-1.64,144.83,142.85,2021-12-24,IC2201,空头力量偏弱
69814,67672,-2142,137486,-1.56,143.9,142.57,2021-12-27,IC2201,空头力量偏弱
69822,67082,-2740,136904,-2.0,144.92,142.05,2021-12-28,IC2201,空头力量偏弱
70593,67153,-3440,137746,-2.5,145.33,142.24,2021-12-29,IC2201,空头力量偏弱
71744,70106,-1638,141850,-1.15,146.79,142.64,2021-12-30,IC2201,空头力量偏弱
72325,71348,-977,143673,-0.68,146.69,139.6,2021-12-31,IC2201,空头力量偏弱
70756,70258,-498,141014,-0.35,148.02,140.89,2022-01-04,IC2201,空头力量偏弱
73023,71144,-1879,144167,-1.3,148.06,140.71,2022-01-05,IC2201,空头力量偏弱
66896,65280,-1616,132176,-1.22,147.63,140.37,2022-01-06,IC2201,空头力量偏弱
66479,63743,-2736,130222,-2.1,147.32,140.45,2022-01-07,IC2201,空头力量偏弱
63937,61168,-2769,125105,-2.21,146.61,141.28,2022-01-10,IC2201,空头力量偏弱
62563,58806,-3757,121369,-3.1,145.22,143.21,2022-01-11,IC2201,空头力量偏弱
59191,57917,-1274,117108,-1.09,145.54,145.99,2022-01-12,IC2201,空头力量偏弱
61155,58750,-2405,119905,-2.01,144.54,147.26,2022-01-13,IC2201,空头力量偏弱
60340,58985,-1355,119325,-1.14,144.07,148.26,2022-01-14,IC2201,空头力量偏弱
50703,49688,-1015,100391,-1.01,145.44,149.37,2022-01-17,IC2201,空头力量偏弱
42923,41815,-1108,84738,-1.31,143.69,149.71,2022-01-18,IC2201,空头力量偏弱
33499,33658,159,67157,0.24,144.76,149.28,2022-01-19,IC2201,多头占优
52380,49065,-3315,101445,-3.27,144.34,152.62,2022-01-20,IC2202,空头力量偏弱
62112,58163,-3949,120275,-3.28,143.42,154.82,2022-01-21,IC2202,空头力量偏弱
61025,56557,-4468,117582,-3.8,142.91,152.85,2022-01-24,IC2202,空头力量偏弱
66747,61751,-4996,128498,-3.89,143.4,154.36,2022-01-25,IC2202,空头力量偏弱
61412,57224,-4188,118636,-3.53,144.59,153.65,2022-01-26,IC2202,空头力量偏弱
67528,63331,-4197,130859,-3.21,146.52,154.15,2022-01-27,IC2202,空头力量偏弱
64782,61955,-2827,126737,-2.23,145.93,154.43,2022-01-28,IC2202,空头力量偏弱
57787,54179,-3608,111966,-3.22,145.46,154.98,2022-02-07,IC2202,空头力量偏弱
60783,56405,-4378,117188,-3.74,145.36,154.26,2022-02-08,IC2202,空头力量偏弱
54902,50861,-4041,105763,-3.82,145.33,151.21,2022-02-09,IC2202,空头力量偏弱
52789,48477,-4312,101266,-4.26,144.77,152.01,2022-02-10,IC2202,空头力量偏弱
52360,47300,-5060,99660,-5.08,143.05,151.19,2022-02-11,IC2202,空头力量偏弱
48803,44473,-4330,93276,-4.64,142.47,151.36,2022-02-14,IC2202,空头力量偏弱
39972,37232,-2740,77204,-3.55,140.45,153.41,2022-02-15,IC2202,空头力量偏弱
30324,28931,-1393,59255,-2.35,145.52,154.76,2022-02-16,IC2202,空头力量偏弱
101620,111174,9554,212794,4.49,148.76,141.09,2022-02-17,IC2203,多头占优
105848,115152,9304,221000,4.21,148.57,142.02,2022-02-18,IC2203,多头占优
103195,112542,9347,215737,4.33,149.01,141.62,2022-02-21,IC2203,多头占优
103973,113400,9427,217373,4.34,148.07,141.95,2022-02-22,IC2203,多头占优
96938,106643,9705,203581,4.77,147.25,140.35,2022-02-23,IC2203,多头占优
103550,112214,8664,215764,4.02,146.09,142.51,2022-02-24,IC2203,多头占优
97826,105611,7785,203437,3.83,146.01,141.68,2022-02-25,IC2203,多头占优
95282,102124,6842,197406,3.47,145.43,141.84,2022-02-28,IC2203,多头占优
90748,97736,6988,188484,3.71,146.22,142.12,2022-03-01,IC2203,多头占优
86840,93120,6280,179960,3.49,146.28,141.98,2022-03-02,IC2203,多头占优
86856,92742,5886,179598,3.28,146.82,142.57,2022-03-03,IC2203,多头占优
90936,96068,5132,187004,2.74,145.34,144.17,2022-03-04,IC2203,多头占优
89119,92836,3717,181955,2.04,144.12,145.31,2022-03-07,IC2203,多头占优
93101,92454,-647,185555,-0.35,141.59,143.24,2022-03-08,IC2203,空头力量偏弱
87430,85768,-1662,173198,-0.96,143.15,143.09,2022-03-09,IC2203,空头力量偏弱
78109,75918,-2191,154027,-1.42,144.48,143.91,2022-03-10,IC2203,空头力量偏弱
75709,74073,-1636,149782,-1.09,145.61,145.73,2022-03-11,IC2203,空头力量偏弱
66911,66109,-802,133020,-0.6,147.16,144.55,2022-03-14,IC2203,空头力量偏弱
58005,57538,-467,115543,-0.4,145.71,150.71,2022-03-15,IC2203,空头力量偏弱
45304,45820,516,91124,0.57,143.87,151.17,2022-03-16,IC2203,多头占优
75173,72737,-2436,147910,-1.65,148.33,147.28,2022-03-17,IC2204,空头力量偏弱
81869,77782,-4087,159651,-2.56,147.62,145.59,2022-03-18,IC2204,空头力量偏弱
82187,78551,-3636,160738,-2.26,148.0,144.93,2022-03-21,IC2204,空头力量偏弱
81471,77656,-3815,159127,-2.4,147.46,144.35,2022-03-22,IC2204,空头力量偏弱
81432,78015,-3417,159447,-2.14,146.73,144.68,2022-03-23,IC2204,空头力量偏弱
81206,78083,-3123,159289,-1.96,148.08,144.18,2022-03-24,IC2204,空头力量偏弱
81748,78277,-3471,160025,-2.17,147.92,144.66,2022-03-25,IC2204,空头力量偏弱
84905,80586,-4319,165491,-2.61,146.6,144.93,2022-03-28,IC2204,空头力量偏弱
82069,77325,-4744,159394,-2.98,147.45,143.49,2022-03-29,IC2204,空头力量偏弱
81238,76644,-4594,157882,-2.91,146.34,144.45,2022-03-30,IC2204,空头力量偏弱
75086,70563,-4523,145649,-3.11,146.25,143.3,2022-03-31,IC2204,空头力量偏弱
73838,70603,-3235,144441,-2.24,148.53,146.9,2022-04-01,IC2204,空头力量偏弱
71362,66790,-4572,138152,-3.31,149.11,144.28,2022-04-06,IC2204,空头力量偏弱
71763,70924,-839,142687,-0.59,149.52,144.86,2022-04-07,IC2204,空头力量偏弱
69496,67838,-1658,137334,-1.21,149.44,143.59,2022-04-08,IC2204,空头力量偏弱
67111,66897,-214,134008,-0.16,148.62,142.5,2022-04-11,IC2204,空头力量偏弱
52627,52629,2,105256,0.0,145.52,143.26,2022-04-12,IC2204,多头占优
40870,39305,-1565,80175,-1.95,148.31,144.47,2022-04-13,IC2204,空头力量偏弱
69054,66121,-2933,135175,-2.17,152.62,147.36,2022-04-14,IC2205,空头力量偏弱
80261,76495,-3766,156756,-2.4,150.18,146.05,2022-04-15,IC2205,空头力量偏弱
77445,73967,-3478,151412,-2.3,147.48,147.34,2022-04-18,IC2205,空头力量偏弱
75528,72158,-3370,147686,-2.28,147.87,146.91,2022-04-19,IC2205,空头力量偏弱
81352,78961,-2391,160313,-1.49,147.78,146.87,2022-04-20,IC2205,空头力量偏弱
84238,82361,-1877,166599,-1.13,148.72,148.06,2022-04-21,IC2205,空头力量偏弱
85180,82216,-2964,167396,-1.77,148.54,145.98,2022-04-22,IC2205,空头力量偏弱
86066,88041,1975,174107,1.13,148.91,144.96,2022-04-25,IC2205,多头占优
85708,88932,3224,174640,1.85,150.53,146.19,2022-04-26,IC2205,多头占优
85733,87497,1764,173230,1.02,150.76,147.91,2022-04-27,IC2205,多头占优
84075,84502,427,168577,0.25,152.22,145.83,2022-04-28,IC2205,多头占优
79163,79927,764,159090,0.48,151.32,143.69,2022-04-29,IC2205,多头占优
72099,72653,554,144752,0.38,150.82,142.0,2022-05-05,IC2205,多头占优
79230,78834,-396,158064,-0.25,150.72,144.32,2022-05-06,IC2205,空头力量偏弱
72384,72437,53,144821,0.04,148.96,141.04,2022-05-09,IC2205,多头占优
77591,76339,-1252,153930,-0.81,148.13,144.27,2022-05-10,IC2205,空头力量偏弱
72081,71229,-852,143310,-0.59,148.73,141.88,2022-05-11,IC2205,空头力量偏弱
68094,67396,-698,135490,-0.52,149.46,142.42,2022-05-12,IC2205,空头力量偏弱
63513,62804,-709,126317,-0.56,146.8,141.39,2022-05-13,IC2205,空头力量偏弱
59268,57160,-2108,116428,-1.81,147.14,140.57,2022-05-16,IC2205,空头力量偏弱
51307,49551,-1756,100858,-1.74,145.49,140.93,2022-05-17,IC2205,空头力量偏弱
39115,37215,-1900,76330,-2.49,146.78,144.17,2022-05-18,IC2205,空头力量偏弱
125784,136719,10935,262503,4.17,147.71,142.51,2022-05-19,IC2206,多头占优
130842,140745,9903,271587,3.65,146.83,140.89,2022-05-20,IC2206,多头占优
129594,138219,8625,267813,3.22,147.27,140.17,2022-05-23,IC2206,多头占优
131559,143495,11936,275054,4.34,148.01,139.46,2022-05-24,IC2206,多头占优
127657,138015,10358,265672,3.9,147.91,139.09,2022-05-25,IC2206,多头占优
132964,142272,9308,275236,3.38,146.99,139.35,2022-05-26,IC2206,多头占优
128135,137845,9710,265980,3.65,146.75,139.06,2022-05-27,IC2206,多头占优
127486,135817,8331,263303,3.16,146.93,138.92,2022-05-30,IC2206,多头占优
129742,136699,6957,266441,2.61,146.51,139.03,2022-05-31,IC2206,多头占优
124673,130554,5881,255227,2.3,145.51,138.42,2022-06-01,IC2206,多头占优
122761,129692,6931,252453,2.75,144.76,138.44,2022-06-02,IC2206,多头占优
116521,122270,5749,238791,2.41,146.89,139.71,2022-06-06,IC2206,多头占优
108404,111641,3237,220045,1.47,144.98,137.9,2022-06-07,IC2206,多头占优
106017,106984,967,213001,0.45,143.9,137.99,2022-06-08,IC2206,多头占优
99614,101658,2044,201272,1.02,143.04,137.63,2022-06-09,IC2206,多头占优
93313,94264,951,187577,0.51,143.42,138.4,2022-06-10,IC2206,多头占优
84001,85804,1803,169805,1.06,143.98,139.0,2022-06-13,IC2206,多头占优
72480,74346,1866,146826,1.27,143.91,140.26,2022-06-14,IC2206,多头占优
53440,52430,-1010,105870,-0.95,145.97,142.08,2022-06-15,IC2206,空头力量偏弱
81982,81026,-956,163008,-0.59,146.96,147.19,2022-06-16,IC2207,空头力量偏弱
96783,95568,-1215,192351,-0.63,145.3,147.03,2022-06-17,IC2207,空头力量偏弱
92767,90783,-1984,183550,-1.08,146.33,146.31,2022-06-20,IC2207,空头力量偏弱
94825,93427,-1398,188252,-0.74,145.48,147.01,2022-06-21,IC2207,空头力量偏弱
96033,94852,-1181,190885,-0.62,145.27,146.2,2022-06-22,IC2207,空头力量偏弱
96056,93970,-2086,190026,-1.1,144.99,146.49,2022-06-23,IC2207,空头力量偏弱
94551,93334,-1217,187885,-0.65,145.61,147.37,2022-06-24,IC2207,空头力量偏弱
92031,91755,-276,183786,-0.15,147.03,146.65,2022-06-27,IC2207,空头力量偏弱
90128,89342,-786,179470,-0.44,145.75,146.66,2022-06-28,IC2207,空头力量偏弱
96472,93561,-2911,190033,-1.53,146.4,146.69,2022-06-29,IC2207,空头力量偏弱
91949,89680,-2269,181629,-1.25,146.97,146.36,2022-06-30,IC2207,空头力量偏弱
88923,85550,-3373,174473,-1.93,146.72,145.87,2022-07-01,IC2207,空头力量偏弱
85887,83265,-2622,169152,-1.55,147.26,145.75,2022-07-04,IC2207,空头力量偏弱
87847,83962,-3885,171809,-2.26,147.38,145.56,2022-07-05,IC2207,空头力量偏弱
83411,80321,-3090,163732,-1.89,145.93,144.54,2022-07-06,IC2207,空头力量偏弱
79731,76405,-3326,156136,-2.13,146.74,144.7,2022-07-07,IC2207,空头力量偏弱
75381,70957,-4424,146338,-3.02,147.22,143.88,2022-07-08,IC2207,空头力量偏弱
70161,68170,-1991,138331,-1.44,147.25,145.4,2022-07-11,IC2207,空头力量偏弱
60738,59764,-974,120502,-0.81,146.29,144.9,2022-07-12,IC2207,空头力量偏弱
45323,45615,292,90938,0.32,148.7,147.32,2022-07-13,IC2207,多头占优
60805,62374,1569,123179,1.27,149.86,150.25,2022-07-14,IC2208,多头占优
75650,77627,1977,153277,1.29,148.81,147.54,2022-07-15,IC2208,多头占优
74213,75889,1676,150102,1.12,149.9,146.56,2022-07-18,IC2208,多头占优
71379,74136,2757,145515,1.89,149.58,147.35,2022-07-19,IC2208,多头占优
70686,72274,1588,142960,1.11,148.45,146.33,2022-07-20,IC2208,多头占优
68861,71950,3089,140811,2.19,149.33,146.93,2022-07-21,IC2208,多头占优
71426,74415,2989,145841,2.05,149.42,144.9,2022-07-22,IC2208,多头占优
69449,71848,2399,141297,1.7,148.96,142.29,2022-07-25,IC2208,多头占优
66650,68484,1834,135134,1.36,148.91,143.47,2022-07-26,IC2208,多头占优
65407,67396,1989,132803,1.5,148.63,143.35,2022-07-27,IC2208,多头占优
66610,67710,1100,134320,0.82,148.93,144.29,2022-07-28,IC2208,多头占优
65471,65924,453,131395,0.34,148.28,144.77,2022-07-29,IC2208,多头占优
65090,65943,853,131033,0.65,149.8,145.26,2022-08-01,IC2208,多头占优
74256,74491,235,148747,0.16,149.97,144.53,2022-08-02,IC2208,多头占优
66192,66326,134,132518,0.1,150.51,145.87,2022-08-03,IC2208,多头占优
64988,65232,244,130220,0.19,150.11,145.96,2022-08-04,IC2208,多头占优
62045,61547,-498,123592,-0.4,150.57,145.38,2022-08-05,IC2208,空头力量偏弱
57561,57346,-215,114907,-0.19,149.55,142.57,2022-08-08,IC2208,空头力量偏弱
56995,56164,-831,113159,-0.73,151.25,144.05,2022-08-09,IC2208,空头力量偏弱
56088,56313,225,112401,0.2,151.44,143.92,2022-08-10,IC2208,多头占优
54361,54528,167,108889,0.15,149.52,145.59,2022-08-11,IC2208,多头占优
48945,48271,-674,97216,-0.69,149.71,144.48,2022-08-12,IC2208,空头力量偏弱
46702,46544,-158,93246,-0.17,152.02,147.8,2022-08-15,IC2208,空头力量偏弱
39605,39674,69,79279,0.09,151.04,146.3,2022-08-16,IC2208,多头占优
32034,30827,-1207,62861,-1.92,151.15,148.31,2022-08-17,IC2208,空头力量偏弱
119185,122082,2897,241267,1.2,148.3,142.5,2022-08-18,IC2209,多头占优
129776,133706,3930,263482,1.49,148.82,143.54,2022-08-19,IC2209,多头占优
126279,129715,3436,255994,1.34,148.64,142.64,2022-08-22,IC2209,多头占优
123996,127693,3697,251689,1.47,149.09,142.07,2022-08-23,IC2209,多头占优
131006,135415,4409,266421,1.65,148.46,143.6,2022-08-24,IC2209,多头占优
126190,130807,4617,256997,1.8,148.82,143.61,2022-08-25,IC2209,多头占优
123447,126253,2806,249700,1.12,148.94,142.69,2022-08-26,IC2209,多头占优
120986,124304,3318,245290,1.35,148.21,142.3,2022-08-29,IC2209,多头占优
120179,123138,2959,243317,1.22,148.76,141.8,2022-08-30,IC2209,多头占优
123483,128345,4862,251828,1.93,149.05,143.23,2022-08-31,IC2209,多头占优
116045,120468,4423,236513,1.87,148.73,142.23,2022-09-01,IC2209,多头占优
113442,116459,3017,229901,1.31,149.0,143.69,2022-09-02,IC2209,多头占优
106808,109899,3091,216707,1.43,148.73,144.56,2022-09-05,IC2209,多头占优
100058,103015,2957,203073,1.46,147.95,145.07,2022-09-06,IC2209,多头占优
92483,94689,2206,187172,1.18,148.81,144.64,2022-09-07,IC2209,多头占优
89977,92691,2714,182668,1.49,148.39,143.84,2022-09-08,IC2209,多头占优
83754,86533,2779,170287,1.63,148.77,142.9,2022-09-09,IC2209,多头占优
72801,75348,2547,148149,1.72,148.82,141.65,2022-09-13,IC2209,多头占优
56176,56919,743,113095,0.66,151.66,146.59,2022-09-14,IC2209,多头占优
71403,70285,-1118,141688,-0.79,148.55,145.94,2022-09-15,IC2210,空头力量偏弱
84089,80698,-3391,164787,-2.06,147.15,145.34,2022-09-16,IC2210,空头力量偏弱
83328,81677,-1651,165005,-1.0,147.84,146.44,2022-09-19,IC2210,空头力量偏弱
79239,76822,-2417,156061,-1.55,147.59,143.62,2022-09-20,IC2210,空头力量偏弱
82498,79921,-2577,162419,-1.59,148.71,144.39,2022-09-21,IC2210,空头力量偏弱
78334,75553,-2781,153887,-1.81,146.98,143.59,2022-09-22,IC2210,空头力量偏弱
87399,84786,-2613,172185,-1.52,146.74,146.63,2022-09-23,IC2210,空头力量偏弱
81619,78670,-2949,160289,-1.84,145.81,146.18,2022-09-26,IC2210,空头力量偏弱
78163,74646,-3517,152809,-2.3,146.46,146.34,2022-09-27,IC2210,空头力量偏弱
80157,76324,-3833,156481,-2.45,147.12,146.21,2022-09-28,IC2210,空头力量偏弱
78484,74809,-3675,153293,-2.4,147.71,146.54,2022-09-29,IC2210,空头力量偏弱
80221,76345,-3876,156566,-2.48,146.09,146.4,2022-09-30,IC2210,空头力量偏弱
78187,73985,-4202,152172,-2.76,146.74,147.42,2022-10-10,IC2210,空头力量偏弱
77456,72815,-4641,150271,-3.09,146.09,145.98,2022-10-11,IC2210,空头力量偏弱
79657,76061,-3596,155718,-2.31,147.78,146.98,2022-10-12,IC2210,空头力量偏弱
70715,67013,-3702,137728,-2.69,146.71,146.75,2022-10-13,IC2210,空头力量偏弱
68889,64454,-4435,133343,-3.33,147.25,148.39,2022-10-14,IC2210,空头力量偏弱
58908,54295,-4613,113203,-4.07,145.26,147.44,2022-10-17,IC2210,空头力量偏弱
52060,47615,-4445,99675,-4.46,147.15,146.79,2022-10-18,IC2210,空头力量偏弱
39745,36054,-3691,75799,-4.87,145.45,145.03,2022-10-19,IC2210,空头力量偏弱
60697,58377,-2320,119074,-1.95,150.48,148.84,2022-10-20,IC2211,空头力量偏弱
69353,66387,-2966,135740,-2.19,147.56,147.62,2022-10-21,IC2211,空头力量偏弱
75523,70653,-4870,146176,-3.33,146.72,147.7,2022-10-24,IC2211,空头力量偏弱
77995,74777,-3218,152772,-2.11,146.73,148.52,2022-10-25,IC2211,空头力量偏弱
72867,69766,-3101,142633,-2.17,144.58,147.82,2022-10-26,IC2211,空头力量偏弱
71701,69561,-2140,141262,-1.51,145.03,147.42,2022-10-27,IC2211,空头力量偏弱
76479,74747,-1732,151226,-1.15,147.02,148.03,2022-10-28,IC2211,空头力量偏弱
74333,72529,-1804,146862,-1.23,146.44,149.81,2022-10-31,IC2211,空头力量偏弱
73552,72721,-831,146273,-0.57,148.93,150.58,2022-11-01,IC2211,空头力量偏弱
65155,64428,-727,129583,-0.56,148.57,150.52,2022-11-02,IC2211,空头力量偏弱
62863,62548,-315,125411,-0.25,147.46,151.27,2022-11-03,IC2211,空头力量偏弱
63254,64769,1515,128023,1.18,149.82,152.44,2022-11-04,IC2211,多头占优
57451,57231,-220,114682,-0.19,147.81,151.6,2022-11-07,IC2211,空头力量偏弱
53684,54523,839,108207,0.78,147.46,152.03,2022-11-08,IC2211,多头占优
53247,52409,-838,105656,-0.79,147.22,152.29,2022-11-09,IC2211,空头力量偏弱
51669,51350,-319,103019,-0.31,144.47,152.39,2022-11-10,IC2211,空头力量偏弱
53438,54089,651,107527,0.61,148.7,153.95,2022-11-11,IC2211,多头占优
46759,47579,820,94338,0.87,149.32,154.01,2022-11-14,IC2211,多头占优
38845,40037,1192,78882,1.51,149.69,150.79,2022-11-15,IC2211,多头占优
29014,29898,884,58912,1.5,151.71,150.14,2022-11-16,IC2211,多头占优
136296,135790,-506,272086,-0.19,148.64,150.97,2022-11-17,IC2212,空头力量偏弱
142083,140452,-1631,282535,-0.58,148.34,150.6,2022-11-18,IC2212,空头力量偏弱
143079,140715,-2364,283794,-0.83,148.94,150.59,2022-11-21,IC2212,空头力量偏弱
141608,137258,-4350,278866,-1.56,149.52,150.43,2022-11-22,IC2212,空头力量偏弱
139908,136829,-3079,276737,-1.11,150.21,150.65,2022-11-23,IC2212,空头力量偏弱
134254,131174,-3080,265428,-1.16,149.91,149.96,2022-11-24,IC2212,空头力量偏弱
132978,130137,-2841,263115,-1.08,150.26,150.62,2022-11-25,IC2212,空头力量偏弱
133311,130869,-2442,264180,-0.92,150.46,150.14,2022-11-28,IC2212,空头力量偏弱
128005,127067,-938,255072,-0.37,151.69,149.91,2022-11-29,IC2212,空头力量偏弱
120078,119741,-337,239819,-0.14,150.58,148.31,2022-11-30,IC2212,空头力量偏弱
116800,116572,-228,233372,-0.1,151.64,148.24,2022-12-01,IC2212,空头力量偏弱
111952,113321,1369,225273,0.61,151.07,147.4,2022-12-02,IC2212,多头占优
105392,106312,920,211704,0.43,152.08,148.7,2022-12-05,IC2212,多头占优
100974,102300,1326,203274,0.65,150.81,148.64,2022-12-06,IC2212,多头占优
94402,96756,2354,191158,1.23,150.39,147.93,2022-12-07,IC2212,多头占优
86782,89342,2560,176124,1.45,150.01,148.09,2022-12-08,IC2212,多头占优
83573,86091,2518,169664,1.48,151.46,148.7,2022-12-09,IC2212,多头占优
72442,75028,2586,147470,1.75,152.22,147.47,2022-12-12,IC2212,多头占优
62276,64157,1881,126433,1.49,151.96,147.67,2022-12-13,IC2212,多头占优
46937,47653,716,94590,0.76,153.82,149.69,2022-12-14,IC2212,多头占优
67087,64576,-2511,131663,-1.91,154.95,152.45,2022-12-15,IC2301,空头力量偏弱
81381,77439,-3942,158820,-2.48,154.02,150.64,2022-12-16,IC2301,空头力量偏弱
84959,80402,-4557,165361,-2.76,152.67,148.75,2022-12-19,IC2301,空头力量偏弱
85647,81459,-4188,167106,-2.51,153.58,149.43,2022-12-20,IC2301,空头力量偏弱
81667,78170,-3497,159837,-2.19,153.1,149.55,2022-12-21,IC2301,空头力量偏弱
86687,83915,-2772,170602,-1.62,153.94,149.94,2022-12-22,IC2301,空头力量偏弱
83820,81475,-2345,165295,-1.42,153.65,149.91,2022-12-23,IC2301,空头力量偏弱
81479,79676,-1803,161155,-1.12,154.44,150.81,2022-12-26,IC2301,空头力量偏弱
79277,77359,-1918,156636,-1.22,155.56,149.99,2022-12-27,IC2301,空头力量偏弱
80684,78408,-2276,159092,-1.43,155.41,149.95,2022-12-28,IC2301,空头力量偏弱
78076,77352,-724,155428,-0.47,156.25,149.68,2022-12-29,IC2301,空头力量偏弱
76890,75236,-1654,152126,-1.09,156.06,148.64,2022-12-30,IC2301,空头力量偏弱
77697,77354,-343,155051,-0.22,156.18,149.62,2023-01-03,IC2301,空头力量偏弱
72967,71675,-1292,144642,-0.89,155.8,148.6,2023-01-04,IC2301,空头力量偏弱
71588,71237,-351,142825,-0.25,154.67,149.73,2023-01-05,IC2301,空头力量偏弱
68071,67187,-884,135258,-0.65,155.79,149.84,2023-01-06,IC2301,空头力量偏弱
65582,64256,-1326,129838,-1.02,158.66,150.39,2023-01-09,IC2301,空头力量偏弱
61872,60092,-1780,121964,-1.46,157.63,149.68,2023-01-10,IC2301,空头力量偏弱
61441,58822,-2619,120263,-2.18,158.8,151.12,2023-01-11,IC2301,空头力量偏弱
56100,53889,-2211,109989,-2.01,158.09,151.94,2023-01-12,IC2301,空头力量偏弱
53127,51385,-1742,104512,-1.67,158.08,154.12,2023-01-13,IC2301,空头力量偏弱
48974,48553,-421,97527,-0.43,160.81,156.71,2023-01-16,IC2301,空头力量偏弱
39655,39088,-567,78743,-0.72,161.29,154.01,2023-01-17,IC2301,空头力量偏弱
29707,29367,-340,59074,-0.58,161.52,152.56,2023-01-18,IC2301,空头力量偏弱
49088,47444,-1644,96532,-1.7,155.55,155.03,2023-01-19,IC2302,空头力量偏弱
55879,54217,-1662,110096,-1.51,156.91,152.33,2023-01-20,IC2302,空头力量偏弱
57286,56055,-1231,113341,-1.09,157.14,152.56,2023-01-30,IC2302,空头力量偏弱
54122,53233,-889,107355,-0.83,155.67,152.75,2023-01-31,IC2302,空头力量偏弱
54337,52995,-1342,107332,-1.25,155.73,152.95,2023-02-01,IC2302,空头力量偏弱
52466,50894,-1572,103360,-1.52,154.97,152.69,2023-02-02,IC2302,空头力量偏弱
53181,50665,-2516,103846,-2.42,152.95,153.29,2023-02-03,IC2302,空头力量偏弱
50787,48488,-2299,99275,-2.32,152.62,153.47,2023-02-06,IC2302,空头力量偏弱
49660,47868,-1792,97528,-1.84,151.33,154.22,2023-02-07,IC2302,空头力量偏弱
49209,47578,-1631,96787,-1.69,153.65,153.9,2023-02-08,IC2302,空头力量偏弱
45268,45747,479,91015,0.53,150.77,156.19,2023-02-09,IC2302,多头占优
42196,42336,140,84532,0.17,151.38,156.64,2023-02-10,IC2302,多头占优
36822,37587,765,74409,1.03,152.18,156.28,2023-02-13,IC2302,多头占优
32680,33365,685,66045,1.04,152.49,153.54,2023-02-14,IC2302,多头占优
25531,25478,-53,51009,-0.1,153.0,152.5,2023-02-15,IC2302,空头力量偏弱
124357,124862,505,249219,0.2,154.58,150.66,2023-02-16,IC2303,多头占优
121317,122459,1142,243776,0.47,155.01,150.59,2023-02-17,IC2303,多头占优
121410,123455,2045,244865,0.84,155.76,151.72,2023-02-20,IC2303,多头占优
115536,117399,1863,232935,0.8,155.9,151.08,2023-02-21,IC2303,多头占优
113260,115554,2294,228814,1.0,155.77,149.83,2023-02-22,IC2303,多头占优
112603,115374,2771,227977,1.22,156.6,149.23,2023-02-23,IC2303,多头占优
109203,112060,2857,221263,1.29,156.99,148.28,2023-02-24,IC2303,多头占优
111314,112724,1410,224038,0.63,156.68,148.11,2023-02-27,IC2303,多头占优
106558,109357,2799,215915,1.3,156.54,147.99,2023-02-28,IC2303,多头占优
102813,105777,2964,208590,1.42,156.88,148.08,2023-03-01,IC2303,多头占优
98270,101272,3002,199542,1.5,156.6,148.26,2023-03-02,IC2303,多头占优
97807,101128,3321,198935,1.67,156.24,148.45,2023-03-03,IC2303,多头占优
96153,99030,2877,195183,1.47,157.19,148.67,2023-03-06,IC2303,多头占优
96158,98160,2002,194318,1.03,155.98,147.93,2023-03-07,IC2303,多头占优
88705,91724,3019,180429,1.67,156.18,148.17,2023-03-08,IC2303,多头占优
81730,84203,2473,165933,1.49,155.12,148.47,2023-03-09,IC2303,多头占优
78807,80886,2079,159693,1.3,155.67,150.0,2023-03-10,IC2303,多头占优
68095,68406,311,136501,0.23,154.75,152.6,2023-03-13,IC2303,多头占优
59101,58702,-399,117803,-0.34,153.14,153.91,2023-03-14,IC2303,空头力量偏弱
39754,38662,-1092,78416,-1.39,151.84,153.27,2023-03-15,IC2303,空头力量偏弱
58928,54946,-3982,113874,-3.5,154.05,148.82,2023-03-16,IC2304,空头力量偏弱
65449,61710,-3739,127159,-2.94,150.9,148.58,2023-03-17,IC2304,空头力量偏弱
62717,58251,-4466,120968,-3.69,149.99,147.07,2023-03-20,IC2304,空头力量偏弱
63595,59420,-4175,123015,-3.39,151.5,148.32,2023-03-21,IC2304,空头力量偏弱
61442,57930,-3512,119372,-2.94,149.6,147.4,2023-03-22,IC2304,空头力量偏弱
61658,58723,-2935,120381,-2.44,150.46,148.85,2023-03-23,IC2304,空头力量偏弱
59719,57041,-2678,116760,-2.29,149.64,148.35,2023-03-24,IC2304,空头力量偏弱
61193,58196,-2997,119389,-2.51,151.13,150.49,2023-03-27,IC2304,空头力量偏弱
60165,57199,-2966,117364,-2.53,149.65,150.06,2023-03-28,IC2304,空头力量偏弱
59630,56159,-3471,115789,-3.0,150.17,149.72,2023-03-29,IC2304,空头力量偏弱
60572,57749,-2823,118321,-2.39,151.02,149.75,2023-03-30,IC2304,空头力量偏弱
57760,55301,-2459,113061,-2.17,149.97,150.12,2023-03-31,IC2304,空头力量偏弱
58271,57278,-993,115549,-0.86,151.16,150.92,2023-04-03,IC2304,空头力量偏弱
57235,55215,-2020,112450,-1.8,149.23,150.11,2023-04-04,IC2304,空头力量偏弱
58192,54927,-3265,113119,-2.89,149.39,150.98,2023-04-06,IC2304,空头力量偏弱
56153,53652,-2501,109805,-2.28,147.91,150.14,2023-04-07,IC2304,空头力量偏弱
55356,51827,-3529,107183,-3.29,147.53,150.47,2023-04-10,IC2304,空头力量偏弱
53137,49332,-3805,102469,-3.71,149.47,151.18,2023-04-11,IC2304,空头力量偏弱
50878,47365,-3513,98243,-3.58,149.07,151.6,2023-04-12,IC2304,空头力量偏弱
52780,48911,-3869,101691,-3.8,148.49,151.06,2023-04-13,IC2304,空头力量偏弱
49752,46638,-3114,96390,-3.23,149.21,149.68,2023-04-14,IC2304,空头力量偏弱
44770,42922,-1848,87692,-2.11,150.27,148.48,2023-04-17,IC2304,空头力量偏弱
38290,36150,-2140,74440,-2.87,150.7,149.64,2023-04-18,IC2304,空头力量偏弱
30034,28052,-1982,58086,-3.41,150.82,153.56,2023-04-19,IC2304,空头力量偏弱
45676,42106,-3570,87782,-4.07,153.14,154.37,2023-04-20,IC2305,空头力量偏弱
61534,57434,-4100,118968,-3.45,152.62,154.48,2023-04-21,IC2305,空头力量偏弱
57322,52872,-4450,110194,-4.04,153.15,154.24,2023-04-24,IC2305,空头力量偏弱
62586,59734,-2852,122320,-2.33,151.5,154.63,2023-04-25,IC2305,空头力量偏弱
58127,54665,-3462,112792,-3.07,151.8,154.87,2023-04-26,IC2305,空头力量偏弱
57347,53470,-3877,110817,-3.5,151.3,155.07,2023-04-27,IC2305,空头力量偏弱
54276,51829,-2447,106105,-2.31,151.45,155.91,2023-04-28,IC2305,空头力量偏弱
51951,48901,-3050,100852,-3.02,150.47,156.31,2023-05-04,IC2305,空头力量偏弱
53789,50622,-3167,104411,-3.03,151.68,158.5,2023-05-05,IC2305,空头力量偏弱
50193,46815,-3378,97008,-3.48,150.99,156.61,2023-05-08,IC2305,空头力量偏弱
52768,49490,-3278,102258,-3.21,151.3,158.68,2023-05-09,IC2305,空头力量偏弱
51123,49085,-2038,100208,-2.03,151.69,157.15,2023-05-10,IC2305,空头力量偏弱
47064,44973,-2091,92037,-2.27,152.0,157.28,2023-05-11,IC2305,空头力量偏弱
49910,47206,-2704,97116,-2.78,152.88,158.37,2023-05-12,IC2305,空头力量偏弱
43552,41094,-2458,84646,-2.9,150.84,157.07,2023-05-15,IC2305,空头力量偏弱
36707,33994,-2713,70701,-3.84,147.16,156.61,2023-05-16,IC2305,空头力量偏弱
28397,26644,-1753,55041,-3.18,152.15,156.3,2023-05-17,IC2305,空头力量偏弱
115763,119388,3625,235151,1.54,152.27,147.17,2023-05-18,IC2306,多头占优
120162,123534,3372,243696,1.38,151.7,147.25,2023-05-19,IC2306,多头占优
119313,123023,3710,242336,1.53,151.33,147.36,2023-05-22,IC2306,多头占优
118317,121349,3032,239666,1.27,151.49,147.85,2023-05-23,IC2306,多头占优
119311,123508,4197,242819,1.73,151.85,147.17,2023-05-24,IC2306,多头占优
118793,122666,3873,241459,1.6,152.89,146.67,2023-05-25,IC2306,多头占优
113190,117498,4308,230688,1.87,152.21,146.95,2023-05-26,IC2306,多头占优
107943,112494,4551,220437,2.06,152.0,147.31,2023-05-29,IC2306,多头占优
108355,113288,4933,221643,2.23,151.89,147.53,2023-05-30,IC2306,多头占优
104935,109234,4299,214169,2.01,152.83,147.76,2023-05-31,IC2306,多头占优
103145,106673,3528,209818,1.68,151.32,147.54,2023-06-01,IC2306,多头占优
96762,101055,4293,197817,2.17,151.33,147.58,2023-06-02,IC2306,多头占优
92062,97144,5082,189206,2.69,151.5,146.8,2023-06-05,IC2306,多头占优
96213,100186,3973,196399,2.02,151.97,147.46,2023-06-06,IC2306,多头占优
87585,91067,3482,178652,1.95,150.74,147.07,2023-06-07,IC2306,多头占优
89035,91991,2956,181026,1.63,151.56,149.19,2023-06-08,IC2306,多头占优
78544,81193,2649,159737,1.66,151.59,149.92,2023-06-09,IC2306,多头占优
71943,74221,2278,146164,1.56,151.37,152.3,2023-06-12,IC2306,多头占优
55451,57867,2416,113318,2.13,150.31,152.37,2023-06-13,IC2306,多头占优
41959,43498,1539,85457,1.8,152.61,155.03,2023-06-14,IC2306,多头占优
59991,61302,1311,121293,1.08,157.93,154.56,2023-06-15,IC2307,多头占优
66397,69837,3440,136234,2.53,157.14,152.14,2023-06-16,IC2307,多头占优
64451,67851,3400,132302,2.57,155.03,151.73,2023-06-19,IC2307,多头占优
65072,68391,3319,133463,2.49,153.85,151.95,2023-06-20,IC2307,多头占优
72221,74470,2249,146691,1.53,154.18,152.07,2023-06-21,IC2307,多头占优
74679,77059,2380,151738,1.57,154.06,152.4,2023-06-26,IC2307,多头占优
71283,73334,2051,144617,1.42,154.73,152.65,2023-06-27,IC2307,多头占优
72893,75301,2408,148194,1.62,155.32,152.67,2023-06-28,IC2307,多头占优
67872,71086,3214,138958,2.31,154.25,151.62,2023-06-29,IC2307,多头占优
67676,71561,3885,139237,2.79,154.39,153.08,2023-06-30,IC2307,多头占优
64642,69343,4701,133985,3.51,153.72,153.15,2023-07-03,IC2307,多头占优
60450,65119,4669,125569,3.72,153.45,153.73,2023-07-04,IC2307,多头占优
59513,65319,5806,124832,4.65,153.59,153.91,2023-07-05,IC2307,多头占优
59847,66799,6952,126646,5.49,152.86,153.06,2023-07-06,IC2307,多头占优
58806,65256,6450,124062,5.2,152.38,152.76,2023-07-07,IC2307,多头占优
56210,63077,6867,119287,5.76,153.09,153.45,2023-07-10,IC2307,多头占优
54086,60939,6853,115025,5.96,153.75,153.13,2023-07-11,IC2307,多头占优
54545,60495,5950,115040,5.17,153.54,151.95,2023-07-12,IC2307,多头占优
53056,59433,6377,112489,5.67,154.76,153.14,2023-07-13,IC2307,多头占优
48117,53508,5391,101625,5.3,155.38,152.97,2023-07-14,IC2307,多头占优
43055,48599,5544,91654,6.05,155.55,152.55,2023-07-17,IC2307,多头占优
35585,39775,4190,75360,5.56,153.09,154.63,2023-07-18,IC2307,多头占优
26433,29491,3058,55924,5.47,154.11,152.44,2023-07-19,IC2307,多头占优
50219,52581,2362,102800,2.3,154.15,151.57,2023-07-20,IC2308,多头占优
54676,57969,3293,112645,2.92,151.85,149.91,2023-07-21,IC2308,多头占优
53528,56289,2761,109817,2.51,150.46,149.09,2023-07-24,IC2308,多头占优
54956,58392,3436,113348,3.03,151.8,150.6,2023-07-25,IC2308,多头占优
50057,53583,3526,103640,3.4,151.46,147.56,2023-07-26,IC2308,多头占优
50735,54349,3614,105084,3.44,153.15,148.52,2023-07-27,IC2308,多头占优
50893,55034,4141,105927,3.91,151.75,147.93,2023-07-28,IC2308,多头占优
51132,55174,4042,106306,3.8,152.92,150.3,2023-07-31,IC2308,多头占优
48681,52619,3938,101300,3.89,151.17,150.21,2023-08-01,IC2308,多头占优
47275,51087,3812,98362,3.88,152.41,149.09,2023-08-02,IC2308,多头占优
46957,50038,3081,96995,3.18,153.95,148.45,2023-08-03,IC2308,多头占优
48601,52229,3628,100830,3.6,155.22,150.53,2023-08-04,IC2308,多头占优
45005,49003,3998,94008,4.25,154.97,151.38,2023-08-07,IC2308,多头占优
45701,48712,3011,94413,3.19,155.91,152.2,2023-08-08,IC2308,多头占优
44423,47328,2905,91751,3.17,157.76,152.57,2023-08-09,IC2308,多头占优
43178,46942,3764,90120,4.18,157.4,152.86,2023-08-10,IC2308,多头占优
47217,49988,2771,97205,2.85,158.86,154.08,2023-08-11,IC2308,多头占优
43759,46153,2394,89912,2.66,157.22,154.76,2023-08-14,IC2308,多头占优
38755,40735,1980,79490,2.49,163.11,159.0,2023-08-15,IC2308,多头占优
117037,120171,3134,237208,1.32,153.64,154.08,2023-08-16,IC2309,多头占优
134343,136983,2640,271326,0.97,154.29,155.2,2023-08-17,IC2309,多头占优
139661,142103,2442,281764,0.87,153.21,154.3,2023-08-18,IC2309,多头占优
144339,145480,1141,289819,0.39,154.17,155.49,2023-08-21,IC2309,多头占优
140341,143033,2692,283374,0.95,153.86,154.93,2023-08-22,IC2309,多头占优
140379,142140,1761,282519,0.62,154.24,154.44,2023-08-23,IC2309,多头占优
135947,137435,1488,273382,0.54,153.56,154.3,2023-08-24,IC2309,多头占优
137630,138769,1139,276399,0.41,154.54,156.01,2023-08-25,IC2309,多头占优
133967,136693,2726,270660,1.01,155.2,154.17,2023-08-28,IC2309,多头占优
127569,132845,5276,260414,2.03,154.56,153.84,2023-08-29,IC2309,多头占优
117346,122561,5215,239907,2.17,153.8,152.88,2023-08-30,IC2309,多头占优
115552,120775,5223,236327,2.21,153.89,153.45,2023-08-31,IC2309,多头占优
109359,114654,5295,224013,2.36,152.09,152.06,2023-09-01,IC2309,多头占优
107449,113114,5665,220563,2.57,152.19,153.32,2023-09-04,IC2309,多头占优
100547,105557,5010,206104,2.43,152.2,152.25,2023-09-05,IC2309,多头占优
97902,102873,4971,200775,2.48,152.26,153.41,2023-09-06,IC2309,多头占优
94872,100517,5645,195389,2.89,152.89,153.3,2023-09-07,IC2309,多头占优
85852,91378,5526,177230,3.12,152.08,155.91,2023-09-08,IC2309,多头占优
84491,89518,5027,174009,2.89,152.01,159.48,2023-09-11,IC2309,多头占优
67010,70964,3954,137974,2.87,151.1,160.6,2023-09-12,IC2309,多头占优
50193,53392,3199,103585,3.09,155.09,160.14,2023-09-13,IC2309,多头占优
75162,70778,-4384,145940,-3.0,149.68,168.63,2023-09-14,IC2310,空头力量偏弱
85833,82629,-3204,168462,-1.9,151.9,166.38,2023-09-15,IC2310,空头力量偏弱
87243,84615,-2628,171858,-1.53,151.77,166.19,2023-09-18,IC2310,空头力量偏弱
85227,82083,-3144,167310,-1.88,151.02,164.41,2023-09-19,IC2310,空头力量偏弱
83786,80829,-2957,164615,-1.8,150.67,164.33,2023-09-20,IC2310,空头力量偏弱
87896,84834,-3062,172730,-1.77,151.9,164.06,2023-09-21,IC2310,空头力量偏弱
84682,82858,-1824,167540,-1.09,150.77,165.66,2023-09-22,IC2310,空头力量偏弱
80973,78116,-2857,159089,-1.8,151.14,165.13,2023-09-25,IC2310,空头力量偏弱
79346,76504,-2842,155850,-1.82,150.82,163.97,2023-09-26,IC2310,空头力量偏弱
82159,80569,-1590,162728,-0.98,152.04,164.95,2023-09-27,IC2310,空头力量偏弱
76318,75289,-1029,151607,-0.68,150.57,163.82,2023-09-28,IC2310,空头力量偏弱
79459,78331,-1128,157790,-0.71,153.2,163.65,2023-10-09,IC2310,空头力量偏弱
73796,72744,-1052,146540,-0.72,153.04,162.6,2023-10-10,IC2310,空头力量偏弱
73670,72763,-907,146433,-0.62,154.33,162.45,2023-10-11,IC2310,空头力量偏弱
66142,66645,503,132787,0.38,155.21,159.67,2023-10-12,IC2310,多头占优
65898,65753,-145,131651,-0.11,158.0,160.3,2023-10-13,IC2310,空头力量偏弱
61470,61521,51,122991,0.04,157.81,159.3,2023-10-16,IC2310,多头占优
49978,50730,752,100708,0.75,158.61,158.73,2023-10-17,IC2310,多头占优
38493,38936,443,77429,0.57,160.17,156.33,2023-10-18,IC2310,多头占优
63690,59074,-4616,122764,-3.76,152.32,164.58,2023-10-19,IC2311,空头力量偏弱
75153,70793,-4360,145946,-2.99,155.23,162.58,2023-10-20,IC2311,空头力量偏弱
74126,70454,-3672,144580,-2.54,155.58,157.76,2023-10-23,IC2311,空头力量偏弱
70405,68973,-1432,139378,-1.03,158.3,157.22,2023-10-24,IC2311,空头力量偏弱
63882,63205,-677,127087,-0.53,157.1,156.75,2023-10-25,IC2311,空头力量偏弱
65329,65164,-165,130493,-0.13,157.6,158.45,2023-10-26,IC2311,空头力量偏弱
64246,65105,859,129351,0.66,156.9,158.46,2023-10-27,IC2311,多头占优
61857,63037,1180,124894,0.94,158.28,156.6,2023-10-30,IC2311,多头占优
61912,62251,339,124163,0.27,159.08,155.49,2023-10-31,IC2311,多头占优
58543,59169,626,117712,0.53,158.16,155.0,2023-11-01,IC2311,多头占优
57846,58848,1002,116694,0.86,159.48,155.53,2023-11-02,IC2311,多头占优
59969,61279,1310,121248,1.08,159.86,155.96,2023-11-03,IC2311,多头占优
57576,59252,1676,116828,1.43,160.62,155.21,2023-11-06,IC2311,多头占优
55629,57539,1910,113168,1.69,162.19,154.75,2023-11-07,IC2311,多头占优
53787,56824,3037,110611,2.75,162.51,156.34,2023-11-08,IC2311,多头占优
51986,55048,3062,107034,2.86,163.01,154.93,2023-11-09,IC2311,多头占优
49354,52426,3072,101780,3.02,162.83,155.4,2023-11-10,IC2311,多头占优
44722,47176,2454,91898,2.67,163.9,154.28,2023-11-13,IC2311,多头占优
38288,39684,1396,77972,1.79,163.34,159.21,2023-11-14,IC2311,多头占优
28962,28595,-367,57557,-0.64,159.68,160.99,2023-11-15,IC2311,空头力量偏弱
126959,137978,11019,264937,4.16,154.48,155.84,2023-11-16,IC2312,多头占优
130847,141857,11010,272704,4.04,154.43,156.03,2023-11-17,IC2312,多头占优
133529,144197,10668,277726,3.84,154.92,155.94,2023-11-20,IC2312,多头占优
128766,138500,9734,267266,3.64,154.68,155.88,2023-11-21,IC2312,多头占优
131190,140122,8932,271312,3.29,156.01,156.84,2023-11-22,IC2312,多头占优
127666,136649,8983,264315,3.4,155.35,157.12,2023-11-23,IC2312,多头占优
128048,135588,7540,263636,2.86,156.13,157.07,2023-11-24,IC2312,多头占优
123235,132750,9515,255985,3.72,156.16,156.16,2023-11-27,IC2312,多头占优
123335,133012,9677,256347,3.77,155.81,156.26,2023-11-28,IC2312,多头占优
117615,126773,9158,244388,3.75,155.17,154.93,2023-11-29,IC2312,多头占优
120620,129155,8535,249775,3.42,155.43,155.75,2023-11-30,IC2312,多头占优
114513,123397,8884,237910,3.73,156.08,154.69,2023-12-01,IC2312,多头占优
112667,120359,7692,233026,3.3,157.32,154.29,2023-12-04,IC2312,多头占优
110878,116552,5674,227430,2.49,156.26,151.91,2023-12-05,IC2312,多头占优
105328,110517,5189,215845,2.4,156.95,152.79,2023-12-06,IC2312,多头占优
93807,97844,4037,191651,2.11,153.57,151.8,2023-12-07,IC2312,多头占优
84932,85718,786,170650,0.46,150.55,153.2,2023-12-08,IC2312,多头占优
76055,78565,2510,154620,1.62,149.15,153.84,2023-12-11,IC2312,多头占优
59155,60082,927,119237,0.78,148.64,155.05,2023-12-12,IC2312,多头占优
43719,43431,-288,87150,-0.33,151.0,157.97,2023-12-13,IC2312,空头力量偏弱
73704,72720,-984,146424,-0.67,148.78,157.94,2023-12-14,IC2401,空头力量偏弱
85837,83851,-1986,169688,-1.17,147.88,156.86,2023-12-15,IC2401,空头力量偏弱
86048,82075,-3973,168123,-2.36,145.88,155.95,2023-12-18,IC2401,空头力量偏弱
86266,82955,-3311,169221,-1.96,145.97,156.67,2023-12-19,IC2401,空头力量偏弱
86061,81775,-4286,167836,-2.55,146.27,155.11,2023-12-20,IC2401,空头力量偏弱
90489,88167,-2322,178656,-1.3,147.24,155.88,2023-12-21,IC2401,空头力量偏弱
90423,86855,-3568,177278,-2.01,147.06,155.96,2023-12-22,IC2401,空头力量偏弱
86636,83723,-2913,170359,-1.71,145.39,155.46,2023-12-25,IC2401,空头力量偏弱
88639,85978,-2661,174617,-1.52,146.87,155.85,2023-12-26,IC2401,空头力量偏弱
86424,83521,-2903,169945,-1.71,147.52,155.81,2023-12-27,IC2401,空头力量偏弱
87092,85863,-1229,172955,-0.71,147.77,157.74,2023-12-28,IC2401,空头力量偏弱
82817,81411,-1406,164228,-0.86,146.17,157.04,2023-12-29,IC2401,空头力量偏弱
79592,78731,-861,158323,-0.54,145.31,157.14,2024-01-02,IC2401,空头力量偏弱
79439,77858,-1581,157297,-1.01,145.65,157.64,2024-01-03,IC2401,空头力量偏弱
75414,73609,-1805,149023,-1.21,145.54,157.88,2024-01-04,IC2401,空头力量偏弱
79428,76242,-3186,155670,-2.05,148.37,158.92,2024-01-05,IC2401,空头力量偏弱
80036,76183,-3853,156219,-2.47,149.13,153.75,2024-01-08,IC2401,空头力量偏弱
74925,70518,-4407,145443,-3.03,150.82,154.18,2024-01-09,IC2401,空头力量偏弱
73704,70596,-3108,144300,-2.15,150.71,152.92,2024-01-10,IC2401,空头力量偏弱
67981,65428,-2553,133409,-1.91,150.16,152.57,2024-01-11,IC2401,空头力量偏弱
64594,61749,-2845,126343,-2.25,150.58,149.97,2024-01-12,IC2401,空头力量偏弱
59109,57127,-1982,116236,-1.71,151.47,150.76,2024-01-15,IC2401,空头力量偏弱
50259,49071,-1188,99330,-1.2,150.79,149.78,2024-01-16,IC2401,空头力量偏弱
37494,37159,-335,74653,-0.45,152.08,151.67,2024-01-17,IC2401,空头力量偏弱
55429,54776,-653,110205,-0.59,152.44,151.42,2024-01-18,IC2402,空头力量偏弱
57921,57489,-432,115410,-0.37,151.82,150.58,2024-01-19,IC2402,空头力量偏弱
66910,68032,1122,134942,0.83,152.59,154.43,2024-01-22,IC2402,多头占优
62986,63276,290,126262,0.23,152.5,155.66,2024-01-23,IC2402,多头占优
61172,61175,3,122347,0.0,151.25,154.22,2024-01-24,IC2402,多头占优
55150,55448,298,110598,0.27,151.03,152.34,2024-01-25,IC2402,多头占优
49516,49896,380,99412,0.38,150.22,153.51,2024-01-26,IC2402,多头占优
52777,52672,-105,105449,-0.1,150.04,155.54,2024-01-29,IC2402,空头力量偏弱
51501,52121,620,103622,0.6,151.13,157.17,2024-01-30,IC2402,多头占优
57012,58134,1122,115146,0.97,151.81,157.85,2024-01-31,IC2402,多头占优
52568,52816,248,105384,0.24,150.32,158.07,2024-02-01,IC2402,多头占优
54793,56055,1262,110848,1.14,150.73,160.28,2024-02-02,IC2402,多头占优
52554,54052,1498,106606,1.41,151.95,158.61,2024-02-05,IC2402,多头占优
43558,44119,561,87677,0.64,150.84,160.68,2024-02-06,IC2402,多头占优
122978,131376,8398,254354,3.3,153.53,156.48,2024-02-07,IC2403,多头占优
132578,139937,7359,272515,2.7,154.91,153.36,2024-02-08,IC2403,多头占优
121318,127901,6583,249219,2.64,152.6,151.93,2024-02-19,IC2403,多头占优
117777,123473,5696,241250,2.36,154.86,151.28,2024-02-20,IC2403,多头占优
118495,124224,5729,242719,2.36,153.6,150.14,2024-02-21,IC2403,多头占优
111093,116252,5159,227345,2.27,154.12,150.66,2024-02-22,IC2403,多头占优
111277,114602,3325,225879,1.47,153.14,151.09,2024-02-23,IC2403,多头占优
109088,112016,2928,221104,1.32,153.8,152.59,2024-02-26,IC2403,多头占优
105405,108037,2632,213442,1.23,152.61,151.93,2024-02-27,IC2403,多头占优
108115,109968,1853,218083,0.85,152.92,150.2,2024-02-28,IC2403,多头占优
99759,102506,2747,202265,1.36,152.86,149.5,2024-02-29,IC2403,多头占优
93229,94330,1101,187559,0.59,153.15,149.6,2024-03-01,IC2403,多头占优
87441,87838,397,175279,0.23,151.9,149.41,2024-03-04,IC2403,多头占优
85061,84510,-551,169571,-0.32,152.41,150.28,2024-03-05,IC2403,空头力量偏弱
79885,79775,-110,159660,-0.07,151.83,152.3,2024-03-06,IC2403,空头力量偏弱
75381,74566,-815,149947,-0.54,152.42,155.1,2024-03-07,IC2403,空头力量偏弱
71768,70983,-785,142751,-0.55,152.38,154.78,2024-03-08,IC2403,空头力量偏弱
66270,64411,-1859,130681,-1.42,152.26,157.45,2024-03-11,IC2403,空头力量偏弱
59439,57566,-1873,117005,-1.6,151.61,157.55,2024-03-12,IC2403,空头力量偏弱
46109,44374,-1735,90483,-1.92,157.68,156.95,2024-03-13,IC2403,空头力量偏弱
64087,60239,-3848,124326,-3.1,149.56,156.8,2024-03-14,IC2404,空头力量偏弱
74587,69124,-5463,143711,-3.8,149.96,156.89,2024-03-15,IC2404,空头力量偏弱
71860,66022,-5838,137882,-4.23,149.61,155.66,2024-03-18,IC2404,空头力量偏弱
72304,66395,-5909,138699,-4.26,150.46,156.52,2024-03-19,IC2404,空头力量偏弱
68538,63196,-5342,131734,-4.06,149.64,155.4,2024-03-20,IC2404,空头力量偏弱
70162,64576,-5586,134738,-4.15,150.43,155.16,2024-03-21,IC2404,空头力量偏弱
71736,67036,-4700,138772,-3.39,151.01,156.19,2024-03-22,IC2404,空头力量偏弱
70045,65405,-4640,135450,-3.43,151.83,157.04,2024-03-25,IC2404,空头力量偏弱
70830,66787,-4043,137617,-2.94,150.9,157.62,2024-03-26,IC2404,空头力量偏弱
68752,65608,-3144,134360,-2.34,151.95,158.2,2024-03-27,IC2404,空头力量偏弱
70106,65945,-4161,136051,-3.06,150.83,156.77,2024-03-28,IC2404,空头力量偏弱
67336,62588,-4748,129924,-3.65,151.27,158.36,2024-03-29,IC2404,空头力量偏弱
66035,61050,-4985,127085,-3.92,151.52,158.31,2024-04-01,IC2404,空头力量偏弱
63411,58394,-5017,121805,-4.12,151.69,158.18,2024-04-02,IC2404,空头力量偏弱
62670,57704,-4966,120374,-4.13,151.89,158.13,2024-04-03,IC2404,空头力量偏弱
64908,60491,-4417,125399,-3.52,152.55,159.61,2024-04-08,IC2404,空头力量偏弱
59837,55299,-4538,115136,-3.94,152.59,159.57,2024-04-09,IC2404,空头力量偏弱
63025,58337,-4688,121362,-3.86,152.68,161.2,2024-04-10,IC2404,空头力量偏弱
58150,52926,-5224,111076,-4.7,151.18,159.06,2024-04-11,IC2404,空头力量偏弱
56372,52148,-4224,108520,-3.89,153.09,160.2,2024-04-12,IC2404,空头力量偏弱
54848,50917,-3931,105765,-3.72,151.14,161.42,2024-04-15,IC2404,空头力量偏弱
48628,44976,-3652,93604,-3.9,153.88,161.91,2024-04-16,IC2404,空头力量偏弱
36329,33906,-2423,70235,-3.45,153.09,157.67,2024-04-17,IC2404,空头力量偏弱
53240,50212,-3028,103452,-2.93,153.18,159.38,2024-04-18,IC2405,空头力量偏弱
60253,55708,-4545,115961,-3.92,150.92,157.24,2024-04-19,IC2405,空头力量偏弱
59069,55123,-3946,114192,-3.46,151.0,157.37,2024-04-22,IC2405,空头力量偏弱
60741,56610,-4131,117351,-3.52,152.49,157.33,2024-04-23,IC2405,空头力量偏弱
56971,52755,-4216,109726,-3.84,150.73,157.33,2024-04-24,IC2405,空头力量偏弱
58744,54378,-4366,113122,-3.86,151.2,156.49,2024-04-25,IC2405,空头力量偏弱
57082,53519,-3563,110601,-3.22,151.31,154.51,2024-04-26,IC2405,空头力量偏弱
53205,50515,-2690,103720,-2.59,150.71,153.74,2024-04-29,IC2405,空头力量偏弱
49686,47255,-2431,96941,-2.51,151.17,155.16,2024-04-30,IC2405,空头力量偏弱
49778,47215,-2563,96993,-2.64,150.36,154.08,2024-05-06,IC2405,空头力量偏弱
45480,42850,-2630,88330,-2.98,149.24,153.32,2024-05-07,IC2405,空头力量偏弱
45394,42567,-2827,87961,-3.21,150.46,154.37,2024-05-08,IC2405,空头力量偏弱
43929,42346,-1583,86275,-1.83,150.09,155.18,2024-05-09,IC2405,空头力量偏弱
44199,42068,-2131,86267,-2.47,151.85,155.65,2024-05-10,IC2405,空头力量偏弱
39922,37367,-2555,77289,-3.31,151.75,154.61,2024-05-13,IC2405,空头力量偏弱
34405,32050,-2355,66455,-3.54,151.88,155.1,2024-05-14,IC2405,空头力量偏弱
26339,24947,-1392,51286,-2.71,154.0,154.39,2024-05-15,IC2405,空头力量偏弱
113715,114955,1240,228670,0.54,159.61,152.42,2024-05-16,IC2406,多头占优
117270,119178,1908,236448,0.81,158.21,151.35,2024-05-17,IC2406,多头占优
115820,116934,1114,232754,0.48,158.83,151.59,2024-05-20,IC2406,多头占优
112668,113450,782,226118,0.35,157.86,150.74,2024-05-21,IC2406,多头占优
111546,111932,386,223478,0.17,157.81,150.59,2024-05-22,IC2406,多头占优
112911,111608,-1303,224519,-0.58,158.06,150.09,2024-05-23,IC2406,空头力量偏弱
110214,109342,-872,219556,-0.4,157.67,149.37,2024-05-24,IC2406,空头力量偏弱
108798,107502,-1296,216300,-0.6,157.42,148.75,2024-05-27,IC2406,空头力量偏弱
105911,103711,-2200,209622,-1.05,157.37,148.89,2024-05-28,IC2406,空头力量偏弱
105199,104505,-694,209704,-0.33,158.03,148.51,2024-05-29,IC2406,空头力量偏弱
105196,104451,-745,209647,-0.36,158.39,148.28,2024-05-30,IC2406,空头力量偏弱
102215,102354,139,204569,0.07,159.21,149.3,2024-05-31,IC2406,多头占优
104658,103567,-1091,208225,-0.52,158.77,148.84,2024-06-03,IC2406,空头力量偏弱
99433,99440,7,198873,0.0,158.12,149.06,2024-06-04,IC2406,多头占优
96167,95693,-474,191860,-0.25,158.16,149.25,2024-06-05,IC2406,空头力量偏弱
99735,100008,273,199743,0.14,159.45,150.09,2024-06-06,IC2406,多头占优
93438,93586,148,187024,0.08,158.86,149.16,2024-06-07,IC2406,多头占优
91645,91805,160,183450,0.09,159.51,150.44,2024-06-11,IC2406,多头占优
85813,85823,10,171636,0.01,159.26,150.05,2024-06-12,IC2406,多头占优
84448,84083,-365,168531,-0.22,159.01,151.01,2024-06-13,IC2406,空头力量偏弱
82010,82214,204,164224,0.12,161.18,152.25,2024-06-14,IC2406,多头占优
67964,68695,731,136659,0.53,161.21,150.95,2024-06-17,IC2406,多头占优
58501,59877,1376,118378,1.16,161.45,151.18,2024-06-18,IC2406,多头占优
44134,44853,719,88987,0.81,162.51,153.3,2024-06-19,IC2406,多头占优
60665,58793,-1872,119458,-1.57,159.99,158.02,2024-06-20,IC2407,空头力量偏弱
68696,68011,-685,136707,-0.5,159.08,158.26,2024-06-21,IC2407,空头力量偏弱
74272,73528,-744,147800,-0.5,158.77,156.03,2024-06-24,IC2407,空头力量偏弱
69939,70424,485,140363,0.35,157.51,155.37,2024-06-25,IC2407,多头占优
71627,72132,505,143759,0.35,158.26,155.43,2024-06-26,IC2407,多头占优
67441,67576,135,135017,0.1,157.51,153.65,2024-06-27,IC2407,多头占优
68081,68768,687,136849,0.5,158.62,156.31,2024-06-28,IC2407,多头占优
63123,63995,872,127118,0.69,156.32,153.02,2024-07-01,IC2407,多头占优
64389,64416,27,128805,0.02,158.45,154.07,2024-07-02,IC2407,多头占优
62650,63454,804,126104,0.64,157.59,152.74,2024-07-03,IC2407,多头占优
65248,65565,317,130813,0.24,158.93,152.96,2024-07-04,IC2407,多头占优
63421,64115,694,127536,0.54,157.79,152.21,2024-07-05,IC2407,多头占优
62679,62655,-24,125334,-0.02,157.94,152.7,2024-07-08,IC2407,空头力量偏弱
65681,67561,1880,133242,1.41,159.4,153.31,2024-07-09,IC2407,多头占优
56434,58272,1838,114706,1.6,157.46,152.45,2024-07-10,IC2407,多头占优
57134,59066,1932,116200,1.66,159.74,152.99,2024-07-11,IC2407,多头占优
51087,52661,1574,103748,1.52,158.1,150.59,2024-07-12,IC2407,多头占优
48200,50295,2095,98495,2.13,159.12,152.66,2024-07-15,IC2407,多头占优
41128,43774,2646,84902,3.12,159.31,150.8,2024-07-16,IC2407,多头占优
32808,34134,1326,66942,1.98,162.11,155.93,2024-07-17,IC2407,多头占优
47780,47597,-183,95377,-0.19,159.87,150.72,2024-07-18,IC2408,空头力量偏弱
53505,53168,-337,106673,-0.32,160.06,150.7,2024-07-19,IC2408,空头力量偏弱
49484,49337,-147,98821,-0.15,157.75,149.29,2024-07-22,IC2408,空头力量偏弱
54715,54470,-245,109185,-0.22,160.7,149.75,2024-07-23,IC2408,空头力量偏弱
56871,56751,-120,113622,-0.11,160.66,148.25,2024-07-24,IC2408,空头力量偏弱
54357,55121,764,109478,0.7,160.69,148.45,2024-07-25,IC2408,多头占优
50319,51060,741,101379,0.73,161.08,149.13,2024-07-26,IC2408,多头占优
48022,49422,1400,97444,1.44,159.93,148.23,2024-07-29,IC2408,多头占优
49518,51748,2230,101266,2.2,160.29,150.15,2024-07-30,IC2408,多头占优
52406,54616,2210,107022,2.06,163.73,153.08,2024-07-31,IC2408,多头占优
47578,48646,1068,96224,1.11,162.17,150.48,2024-08-01,IC2408,多头占优
49082,50410,1328,99492,1.33,164.09,152.03,2024-08-02,IC2408,多头占优
53747,55021,1274,108768,1.17,163.24,151.39,2024-08-05,IC2408,多头占优
46738,48158,1420,94896,1.5,162.98,148.41,2024-08-06,IC2408,多头占优
43176,44195,1019,87371,1.17,162.65,147.59,2024-08-07,IC2408,多头占优
44446,46085,1639,90531,1.81,164.42,151.33,2024-08-08,IC2408,多头占优
39599,40938,1339,80537,1.66,163.01,146.87,2024-08-09,IC2408,多头占优
37786,38471,685,76257,0.9,162.64,149.44,2024-08-12,IC2408,多头占优
33479,33708,229,67187,0.34,162.46,149.94,2024-08-13,IC2408,多头占优
23813,25087,1274,48900,2.61,162.3,151.98,2024-08-14,IC2408,多头占优
105954,107981,2027,213935,0.95,157.81,154.19,2024-08-15,IC2409,多头占优
102832,104400,1568,207232,0.76,156.54,152.94,2024-08-16,IC2409,多头占优
104996,106844,1848,211840,0.87,157.07,153.76,2024-08-19,IC2409,多头占优
104683,106157,1474,210840,0.7,157.21,152.86,2024-08-20,IC2409,多头占优
100154,101869,1715,202023,0.85,156.02,151.95,2024-08-21,IC2409,多头占优
104068,106167,2099,210235,1.0,157.6,151.57,2024-08-22,IC2409,多头占优
99069,101787,2718,200856,1.35,155.88,150.33,2024-08-23,IC2409,多头占优
99212,101518,2306,200730,1.15,156.53,150.33,2024-08-26,IC2409,多头占优
96469,98248,1779,194717,0.91,155.89,150.1,2024-08-27,IC2409,多头占优
95709,98237,2528,193946,1.3,156.41,150.75,2024-08-28,IC2409,多头占优
98102,100584,2482,198686,1.25,157.22,152.32,2024-08-29,IC2409,多头占优
96833,98937,2104,195770,1.07,156.17,151.76,2024-08-30,IC2409,多头占优
90714,92523,1809,183237,0.99,155.86,150.87,2024-09-02,IC2409,多头占优
90895,92274,1379,183169,0.75,155.8,151.37,2024-09-03,IC2409,多头占优
86418,87865,1447,174283,0.83,154.58,150.72,2024-09-04,IC2409,多头占优
83659,84118,459,167777,0.27,154.94,151.38,2024-09-05,IC2409,多头占优
80902,81607,705,162509,0.43,154.83,150.33,2024-09-06,IC2409,多头占优
78328,79560,1232,157888,0.78,154.55,150.95,2024-09-09,IC2409,多头占优
79643,80537,894,160180,0.56,155.73,152.31,2024-09-10,IC2409,多头占优
68571,69783,1212,138354,0.88,153.18,151.07,2024-09-11,IC2409,多头占优
66654,67120,466,133774,0.35,155.07,150.44,2024-09-12,IC2409,多头占优
56895,56716,-179,113611,-0.16,153.91,150.6,2024-09-13,IC2409,空头力量偏弱
44794,47326,2532,92120,2.75,160.61,155.57,2024-09-18,IC2409,多头占优
55118,53097,-2021,108215,-1.87,155.2,155.44,2024-09-19,IC2410,空头力量偏弱
61862,59640,-2222,121502,-1.83,157.49,153.79,2024-09-20,IC2410,空头力量偏弱
60883,58319,-2564,119202,-2.15,157.14,152.66,2024-09-23,IC2410,空头力量偏弱
75562,71944,-3618,147506,-2.45,158.76,154.14,2024-09-24,IC2410,空头力量偏弱
64140,61363,-2777,125503,-2.21,159.69,153.24,2024-09-25,IC2410,空头力量偏弱
68039,65909,-2130,133948,-1.59,158.21,151.9,2024-09-26,IC2410,空头力量偏弱
66709,64796,-1913,131505,-1.45,154.5,149.52,2024-09-27,IC2410,空头力量偏弱
60702,60230,-472,120932,-0.39,152.66,152.83,2024-09-30,IC2410,空头力量偏弱
55146,57518,2372,112664,2.11,154.12,152.01,2024-10-08,IC2410,多头占优
57997,58510,513,116507,0.44,154.83,150.78,2024-10-09,IC2410,多头占优
57018,57418,400,114436,0.35,155.78,152.94,2024-10-10,IC2410,多头占优
54588,53510,-1078,108098,-1.0,155.34,153.01,2024-10-11,IC2410,空头力量偏弱
50192,49832,-360,100024,-0.36,157.46,154.13,2024-10-14,IC2410,空头力量偏弱
40355,40451,96,80806,0.12,159.18,152.22,2024-10-15,IC2410,多头占优
38116,39061,945,77177,1.22,160.18,155.04,2024-10-16,IC2410,多头占优
41323,39464,-1859,80787,-2.3,155.44,149.96,2024-10-17,IC2411,空头力量偏弱
59593,58819,-774,118412,-0.65,158.28,151.14,2024-10-18,IC2411,空头力量偏弱
49189,47866,-1323,97055,-1.36,157.48,147.78,2024-10-21,IC2411,空头力量偏弱
47125,46188,-937,93313,-1.0,159.24,151.12,2024-10-22,IC2411,空头力量偏弱
98263,106361,8098,204624,3.96,157.45,155.47,2024-10-23,IC2412,多头占优
95233,102748,7515,197981,3.8,156.96,155.58,2024-10-24,IC2412,多头占优
98215,105693,7478,203908,3.67,157.82,155.59,2024-10-25,IC2412,多头占优
93180,100896,7716,194076,3.98,156.92,155.43,2024-10-28,IC2412,多头占优
96153,103071,6918,199224,3.47,157.81,156.93,2024-10-29,IC2412,多头占优
95241,102122,6881,197363,3.49,158.23,158.21,2024-10-30,IC2412,多头占优
98834,103745,4911,202579,2.42,158.75,157.35,2024-10-31,IC2412,多头占优
99079,102805,3726,201884,1.85,159.01,158.36,2024-11-01,IC2412,多头占优
96115,100161,4046,196276,2.06,157.75,157.02,2024-11-04,IC2412,多头占优
100445,107067,6622,207512,3.19,158.63,157.53,2024-11-05,IC2412,多头占优
99462,105401,5939,204863,2.9,158.93,157.68,2024-11-06,IC2412,多头占优
96246,104255,8009,200501,3.99,158.66,157.73,2024-11-07,IC2412,多头占优
98056,105348,7292,203404,3.58,158.31,156.79,2024-11-08,IC2412,多头占优
93081,101920,8839,195001,4.53,158.99,156.39,2024-11-11,IC2412,多头占优
96896,104748,7852,201644,3.89,157.8,154.49,2024-11-12,IC2412,多头占优
96119,103868,7749,199987,3.87,157.71,153.06,2024-11-13,IC2412,多头占优
102287,107122,4835,209409,2.31,158.41,154.2,2024-11-14,IC2412,多头占优
110358,114884,4526,225242,2.01,158.04,152.83,2024-11-15,IC2412,多头占优
111449,114839,3390,226288,1.5,157.77,153.53,2024-11-18,IC2412,多头占优
105874,110749,4875,216623,2.25,157.81,152.63,2024-11-19,IC2412,多头占优
100781,105649,4868,206430,2.36,156.73,152.11,2024-11-20,IC2412,多头占优
97195,102131,4936,199326,2.48,156.5,151.13,2024-11-21,IC2412,多头占优
103839,107376,3537,211215,1.67,155.94,152.17,2024-11-22,IC2412,多头占优
101345,105120,3775,206465,1.83,155.71,151.87,2024-11-25,IC2412,多头占优
96103,98638,2535,194741,1.3,155.54,151.93,2024-11-26,IC2412,多头占优
100824,104445,3621,205269,1.76,156.48,153.42,2024-11-27,IC2412,多头占优
91817,95019,3202,186836,1.71,154.69,151.17,2024-11-28,IC2412,多头占优
95801,100319,4518,196120,2.3,156.52,152.87,2024-11-29,IC2412,多头占优
87908,92112,4204,180020,2.34,155.09,151.46,2024-12-02,IC2412,多头占优
87063,90356,3293,177419,1.86,156.0,151.94,2024-12-03,IC2412,多头占优
83755,85758,2003,169513,1.18,154.01,150.15,2024-12-04,IC2412,多头占优
84806,86816,2010,171622,1.17,154.88,151.83,2024-12-05,IC2412,多头占优
89190,91240,2050,180430,1.14,156.4,154.06,2024-12-06,IC2412,多头占优
79901,80296,395,160197,0.25,155.63,151.79,2024-12-09,IC2412,多头占优
85569,85216,-353,170785,-0.21,156.04,152.9,2024-12-10,IC2412,空头力量偏弱
74156,75051,895,149207,0.6,154.54,151.46,2024-12-11,IC2412,多头占优
73748,75447,1699,149195,1.14,156.51,153.13,2024-12-12,IC2412,多头占优
72129,72059,-70,144188,-0.05,156.45,155.12,2024-12-13,IC2412,空头力量偏弱
60892,61167,275,122059,0.23,154.54,155.44,2024-12-16,IC2412,多头占优
55614,57949,2335,113563,2.06,155.98,156.77,2024-12-17,IC2412,多头占优
39887,41382,1495,81269,1.84,155.23,155.39,2024-12-18,IC2412,多头占优
81591,86894,5303,168485,3.15,149.35,155.69,2024-12-19,IC2503,多头占优
59801,60945,1144,120746,0.95,153.45,151.17,2024-12-20,IC2501,多头占优
63799,64078,279,127877,0.22,154.76,152.11,2024-12-23,IC2501,多头占优
59143,60645,1502,119788,1.25,153.03,150.4,2024-12-24,IC2501,多头占优
64962,64646,-316,129608,-0.24,153.23,150.45,2024-12-25,IC2501,空头力量偏弱
56873,58763,1890,115636,1.63,151.64,148.07,2024-12-26,IC2501,多头占优
62573,65178,2605,127751,2.04,153.59,149.92,2024-12-27,IC2501,多头占优
57470,60268,2798,117738,2.38,150.76,148.37,2024-12-30,IC2501,多头占优
64398,66253,1855,130651,1.42,153.7,151.52,2024-12-31,IC2501,多头占优
63153,64364,1211,127517,0.95,153.24,151.26,2025-01-02,IC2501,多头占优
64342,66236,1894,130578,1.45,154.7,151.65,2025-01-03,IC2501,多头占优
59712,61174,1462,120886,1.21,153.76,152.83,2025-01-06,IC2501,多头占优
56341,58089,1748,114430,1.53,154.97,154.22,2025-01-07,IC2501,多头占优
61508,62582,1074,124090,0.87,155.74,154.83,2025-01-08,IC2501,多头占优
52370,53447,1077,105817,1.02,154.0,152.57,2025-01-09,IC2501,多头占优
53245,54274,1029,107519,0.96,155.88,153.46,2025-01-10,IC2501,多头占优
49411,50877,1466,100288,1.46,155.39,154.2,2025-01-13,IC2501,多头占优
43423,44983,1560,88406,1.76,155.64,154.45,2025-01-14,IC2501,多头占优
29311,29864,553,59175,0.93,154.66,156.89,2025-01-15,IC2501,多头占优
91007,100151,9144,191158,4.78,148.52,155.06,2025-01-16,IC2503,多头占优
90486,100273,9787,190759,5.13,148.94,155.49,2025-01-17,IC2503,多头占优
88987,99877,10890,188864,5.77,147.49,154.26,2025-01-20,IC2503,多头占优
90388,99155,8767,189543,4.63,148.94,155.0,2025-01-21,IC2503,多头占优
89819,98398,8579,188217,4.56,148.97,154.52,2025-01-22,IC2503,多头占优
95933,104306,8373,200239,4.18,150.74,156.05,2025-01-23,IC2503,多头占优
88505,97983,9478,186488,5.08,149.39,155.21,2025-01-24,IC2503,多头占优
87520,96860,9340,184380,5.07,149.6,156.58,2025-01-27,IC2503,多头占优
88125,97457,9332,185582,5.03,149.61,155.92,2025-02-05,IC2503,多头占优
89339,100252,10913,189591,5.76,149.9,155.56,2025-02-06,IC2503,多头占优
93812,104132,10320,197944,5.21,151.15,156.13,2025-02-07,IC2503,多头占优
85602,95948,10346,181550,5.7,149.84,154.34,2025-02-10,IC2503,多头占优
85971,95054,9083,181025,5.02,150.36,154.68,2025-02-11,IC2503,多头占优
87309,97010,9701,184319,5.26,150.61,156.03,2025-02-12,IC2503,多头占优
87775,96073,8298,183848,4.51,151.08,155.46,2025-02-13,IC2503,多头占优
88588,97114,8526,185702,4.59,150.95,155.47,2025-02-14,IC2503,多头占优
90743,97951,7208,188694,3.82,151.65,155.5,2025-02-17,IC2503,多头占优
94414,100300,5886,194714,3.02,151.74,155.7,2025-02-18,IC2503,多头占优
96107,103007,6900,199114,3.47,151.99,155.93,2025-02-19,IC2503,多头占优
93995,100214,6219,194209,3.2,152.09,154.91,2025-02-20,IC2503,多头占优
101875,111860,9985,213735,4.67,153.8,156.26,2025-02-21,IC2503,多头占优
92290,100495,8205,192785,4.26,152.89,154.35,2025-02-24,IC2503,多头占优
93789,100368,6579,194157,3.39,153.92,155.52,2025-02-25,IC2503,多头占优
93329,99107,5778,192436,3.0,153.7,155.54,2025-02-26,IC2503,多头占优
92568,96717,4149,189285,2.19,154.61,155.21,2025-02-27,IC2503,多头占优
92689,95465,2776,188154,1.48,155.32,154.53,2025-02-28,IC2503,多头占优
88017,91196,3179,179213,1.77,155.14,154.18,2025-03-03,IC2503,多头占优
84157,89575,5418,173732,3.12,154.72,153.57,2025-03-04,IC2503,多头占优
83641,87457,3816,171098,2.23,155.13,152.95,2025-03-05,IC2503,多头占优
83266,88328,5062,171594,2.95,155.2,153.26,2025-03-06,IC2503,多头占优
79092,83113,4021,162205,2.48,155.82,152.29,2025-03-07,IC2503,多头占优
76063,78994,2931,155057,1.89,156.25,150.09,2025-03-10,IC2503,多头占优
72998,76400,3402,149398,2.28,155.24,149.39,2025-03-11,IC2503,多头占优
72973,74571,1598,147544,1.08,156.49,150.22,2025-03-12,IC2503,多头占优
71229,70315,-914,141544,-0.65,155.13,149.59,2025-03-13,IC2503,空头力量偏弱
70827,69425,-1402,140252,-1.0,155.3,151.06,2025-03-14,IC2503,空头力量偏弱
57015,55004,-2011,112019,-1.8,151.77,149.16,2025-03-17,IC2503,空头力量偏弱
52860,51955,-905,104815,-0.86,152.92,151.91,2025-03-18,IC2503,空头力量偏弱
40471,38850,-1621,79321,-2.04,156.04,152.59,2025-03-19,IC2503,空头力量偏弱
47409,48063,654,95472,0.69,155.62,160.55,2025-03-20,IC2504,多头占优
61851,61859,8,123710,0.01,154.34,159.8,2025-03-21,IC2504,多头占优
56591,56331,-260,112922,-0.23,152.03,157.51,2025-03-24,IC2504,空头力量偏弱
59625,59251,-374,118876,-0.31,155.71,159.87,2025-03-25,IC2504,空头力量偏弱
56648,56467,-181,113115,-0.16,151.66,156.85,2025-03-26,IC2504,空头力量偏弱
60139,60206,67,120345,0.06,153.07,159.07,2025-03-27,IC2504,多头占优
55043,54913,-130,109956,-0.12,151.98,156.86,2025-03-28,IC2504,空头力量偏弱
60889,61054,165,121943,0.14,154.27,157.79,2025-03-31,IC2504,多头占优
53334,53784,450,107118,0.42,152.18,155.38,2025-04-01,IC2504,多头占优
53094,54153,1059,107247,0.99,152.21,157.77,2025-04-02,IC2504,多头占优
57885,59159,1274,117044,1.09,153.6,156.85,2025-04-03,IC2504,多头占优
63656,62796,-860,126452,-0.68,154.15,158.36,2025-04-07,IC2504,空头力量偏弱
65926,64987,-939,130913,-0.72,153.78,156.44,2025-04-08,IC2504,空头力量偏弱
60503,60592,89,121095,0.07,153.83,155.14,2025-04-09,IC2504,多头占优
50012,50508,496,100520,0.49,154.95,151.98,2025-04-10,IC2504,多头占优
47396,49324,1928,96720,1.99,154.87,152.16,2025-04-11,IC2504,多头占优
38978,40799,1821,79777,2.28,155.32,148.0,2025-04-14,IC2504,多头占优
35504,36771,1267,72275,1.75,157.01,150.36,2025-04-15,IC2504,多头占优
29081,29629,548,58710,0.93,153.24,152.41,2025-04-16,IC2504,多头占优
76220,80781,4561,157001,2.91,155.24,159.57,2025-04-17,IC2506,多头占优
76387,81208,4821,157595,3.06,154.96,158.81,2025-04-18,IC2506,多头占优
75835,80794,4959,156629,3.17,154.79,158.63,2025-04-21,IC2506,多头占优
74194,78383,4189,152577,2.75,154.3,158.26,2025-04-22,IC2506,多头占优
77819,81964,4145,159783,2.59,154.5,158.65,2025-04-23,IC2506,多头占优
75694,79811,4117,155505,2.65,153.65,158.54,2025-04-24,IC2506,多头占优
75611,80132,4521,155743,2.9,153.59,157.83,2025-04-25,IC2506,多头占优
73938,78039,4101,151977,2.7,152.66,157.44,2025-04-28,IC2506,多头占优
72856,78443,5587,151299,3.69,153.44,157.78,2025-04-29,IC2506,多头占优
71322,77288,5966,148610,4.01,153.92,158.92,2025-04-30,IC2506,多头占优
73392,79985,6593,153377,4.3,154.26,158.53,2025-05-06,IC2506,多头占优
76426,82061,5635,158487,3.56,154.63,158.07,2025-05-07,IC2506,多头占优
74541,80648,6107,155189,3.94,153.75,158.26,2025-05-08,IC2506,多头占优
75609,80418,4809,156027,3.08,154.79,158.39,2025-05-09,IC2506,多头占优
76524,82988,6464,159512,4.05,154.28,157.74,2025-05-12,IC2506,多头占优
77430,81837,4407,159267,2.77,154.83,156.76,2025-05-13,IC2506,多头占优
87649,93742,6093,181391,3.36,155.23,157.82,2025-05-14,IC2506,多头占优
86984,92567,5583,179551,3.11,154.99,156.19,2025-05-15,IC2506,多头占优
86161,90942,4781,177103,2.7,154.34,155.42,2025-05-16,IC2506,多头占优
87794,92558,4764,180352,2.64,154.18,154.64,2025-05-19,IC2506,多头占优
82883,88212,5329,171095,3.11,152.45,152.59,2025-05-20,IC2506,多头占优
82098,87412,5314,169510,3.13,153.04,153.63,2025-05-21,IC2506,多头占优
85325,90294,4969,175619,2.83,152.5,153.95,2025-05-22,IC2506,多头占优
87216,92422,5206,179638,2.9,153.22,153.62,2025-05-23,IC2506,多头占优
81431,84902,3471,166333,2.09,152.23,152.19,2025-05-26,IC2506,多头占优
81660,84493,2833,166153,1.71,153.91,152.73,2025-05-27,IC2506,多头占优
77581,80209,2628,157790,1.67,153.33,151.8,2025-05-28,IC2506,多头占优
83153,87753,4600,170906,2.69,154.52,152.88,2025-05-29,IC2506,多头占优
75599,78357,2758,153956,1.79,153.08,150.11,2025-05-30,IC2506,多头占优
77963,81643,3680,159606,2.31,153.61,151.77,2025-06-03,IC2506,多头占优
72305,75357,3052,147662,2.07,151.23,149.86,2025-06-04,IC2506,多头占优
74544,77133,2589,151677,1.71,153.22,151.37,2025-06-05,IC2506,多头占优
70975,72418,1443,143393,1.01,151.51,149.29,2025-06-06,IC2506,多头占优
73584,77526,3942,151110,2.61,151.88,150.37,2025-06-09,IC2506,多头占优
70661,72543,1882,143204,1.31,151.93,150.77,2025-06-10,IC2506,多头占优
67273,68985,1712,136258,1.26,150.37,150.13,2025-06-11,IC2506,多头占优
63850,64796,946,128646,0.74,149.39,150.59,2025-06-12,IC2506,多头占优
62638,62331,-307,124969,-0.25,152.05,150.25,2025-06-13,IC2506,空头力量偏弱
53048,53886,838,106934,0.78,150.41,150.02,2025-06-16,IC2506,多头占优
46675,47624,949,94299,1.01,154.19,152.49,2025-06-17,IC2506,多头占优
38515,39095,580,77610,0.75,154.87,155.29,2025-06-18,IC2506,多头占优
64992,69492,4500,134484,3.35,153.06,158.34,2025-06-19,IC2509,多头占优
65888,69877,3989,135765,2.94,152.7,157.45,2025-06-20,IC2509,多头占优
69428,74051,4623,143479,3.22,153.67,158.48,2025-06-23,IC2509,多头占优
68387,74897,6510,143284,4.54,153.73,157.92,2025-06-24,IC2509,多头占优
72262,78802,6540,151064,4.33,154.64,158.49,2025-06-25,IC2509,多头占优
67561,74166,6605,141727,4.66,154.13,156.66,2025-06-26,IC2509,多头占优
70283,76404,6121,146687,4.17,154.18,157.86,2025-06-27,IC2509,多头占优
67573,73672,6099,141245,4.32,151.97,157.09,2025-06-30,IC2509,多头占优
68876,74333,5457,143209,3.81,152.29,158.0,2025-07-01,IC2509,多头占优
67405,73208,5803,140613,4.13,151.38,157.76,2025-07-02,IC2509,多头占优
67424,73494,6070,140918,4.31,151.94,158.03,2025-07-03,IC2509,多头占优
72742,78424,5682,151166,3.76,152.25,158.97,2025-07-04,IC2509,多头占优
67000,72457,5457,139457,3.91,150.81,157.8,2025-07-07,IC2509,多头占优
70374,76967,6593,147341,4.47,152.53,159.0,2025-07-08,IC2509,多头占优
66006,72224,6218,138230,4.5,150.99,156.41,2025-07-09,IC2509,多头占优
68686,74635,5949,143321,4.15,152.85,157.2,2025-07-10,IC2509,多头占优
73403,79403,6000,152806,3.93,152.91,157.02,2025-07-11,IC2509,多头占优
69424,75629,6205,145053,4.28,151.88,156.14,2025-07-14,IC2509,多头占优
72778,78179,5401,150957,3.58,152.73,155.69,2025-07-15,IC2509,多头占优
71990,77048,5058,149038,3.39,151.62,154.3,2025-07-16,IC2509,多头占优
74542,80484,5942,155026,3.83,151.68,155.45,2025-07-17,IC2509,多头占优
75894,82510,6616,158404,4.18,152.28,154.91,2025-07-18,IC2509,多头占优
78241,84275,6034,162516,3.71,152.17,155.0,2025-07-21,IC2509,多头占优
79174,85157,5983,164331,3.64,151.61,155.84,2025-07-22,IC2509,多头占优
79933,85982,6049,165915,3.65,151.65,155.79,2025-07-23,IC2509,多头占优
78765,85985,7220,164750,4.38,151.65,155.53,2025-07-24,IC2509,多头占优
76684,83324,6640,160008,4.15,151.85,154.44,2025-07-25,IC2509,多头占优
78721,84235,5514,162956,3.38,151.24,155.85,2025-07-28,IC2509,多头占优
76427,81607,5180,158034,3.28,151.83,156.02,2025-07-29,IC2509,多头占优
79318,84171,4853,163489,2.97,152.72,155.53,2025-07-30,IC2509,多头占优
78689,82843,4154,161532,2.57,152.13,155.78,2025-07-31,IC2509,多头占优
74914,80325,5411,155239,3.49,152.12,154.03,2025-08-01,IC2509,多头占优
72523,79579,7056,152102,4.64,152.72,152.03,2025-08-04,IC2509,多头占优
71203,78219,7016,149422,4.7,152.67,151.46,2025-08-05,IC2509,多头占优
74037,80644,6607,154681,4.27,153.88,151.08,2025-08-06,IC2509,多头占优
76884,82858,5974,159742,3.74,154.26,150.95,2025-08-07,IC2509,多头占优
73501,79399,5898,152900,3.86,153.21,150.4,2025-08-08,IC2509,多头占优
78435,85058,6623,163493,4.05,154.7,152.73,2025-08-11,IC2509,多头占优
75304,82334,7030,157638,4.46,154.35,151.47,2025-08-12,IC2509,多头占优
83940,92240,8300,176180,4.71,155.86,153.75,2025-08-13,IC2509,多头占优
85631,93007,7376,178638,4.13,156.94,154.38,2025-08-14,IC2509,多头占优
96073,104457,8384,200530,4.18,157.12,154.43,2025-08-15,IC2509,多头占优
92564,100605,8041,193169,4.16,157.85,154.68,2025-08-18,IC2509,多头占优
88830,95954,7124,184784,3.86,156.46,154.45,2025-08-19,IC2509,多头占优
93177,98758,5581,191935,2.91,158.19,155.96,2025-08-20,IC2509,多头占优
89450,94326,4876,183776,2.65,156.16,154.78,2025-08-21,IC2509,多头占优
90366,96671,6305,187037,3.37,156.16,156.59,2025-08-22,IC2509,多头占优
93944,100004,6060,193948,3.12,156.11,156.22,2025-08-25,IC2509,多头占优
85251,92132,6881,177383,3.88,155.17,155.3,2025-08-26,IC2509,多头占优
95401,101230,5829,196631,2.96,155.43,155.75,2025-08-27,IC2509,多头占优
91614,98145,6531,189759,3.44,154.98,156.29,2025-08-28,IC2509,多头占优
91070,96128,5058,187198,2.7,153.25,154.45,2025-08-29,IC2509,多头占优
81865,87644,5779,169509,3.41,152.63,154.26,2025-09-01,IC2509,多头占优
93253,96538,3285,189791,1.73,154.29,155.61,2025-09-02,IC2509,多头占优
86005,88862,2857,174867,1.63,154.56,155.87,2025-09-03,IC2509,多头占优
95155,96999,1844,192154,0.96,154.29,155.61,2025-09-04,IC2509,多头占优
84781,86843,2062,171624,1.2,153.78,154.45,2025-09-05,IC2509,多头占优
83613,86118,2505,169731,1.48,153.37,153.52,2025-09-08,IC2509,多头占优
77996,81173,3177,159169,2.0,154.34,153.08,2025-09-09,IC2509,多头占优
79465,82797,3332,162262,2.05,154.97,153.69,2025-09-10,IC2509,多头占优
78672,83870,5198,162542,3.2,155.76,153.27,2025-09-11,IC2509,多头占优
73874,77953,4079,151827,2.69,153.34,153.35,2025-09-12,IC2509,多头占优
59164,62344,3180,121508,2.62,155.36,153.15,2025-09-15,IC2509,多头占优
60122,62804,2682,122926,2.18,156.88,154.07,2025-09-16,IC2509,多头占优
44423,46490,2067,90913,2.27,157.95,155.54,2025-09-17,IC2509,多头占优
92825,103696,10871,196521,5.53,156.03,158.6,2025-09-18,IC2512,多头占优
93939,103983,10044,197922,5.07,156.07,159.51,2025-09-19,IC2512,多头占优
91469,101059,9590,192528,4.98,155.24,160.1,2025-09-22,IC2512,多头占优
99066,109225,10159,208291,4.88,156.98,160.57,2025-09-23,IC2512,多头占优
94788,107430,12642,202218,6.25,156.93,159.56,2025-09-24,IC2512,多头占优
93089,104769,11680,197858,5.9,157.21,159.05,2025-09-25,IC2512,多头占优
95731,107261,11530,202992,5.68,157.0,157.88,2025-09-26,IC2512,多头占优
94915,107681,12766,202596,6.3,157.06,158.12,2025-09-29,IC2512,多头占优
92273,104604,12331,196877,6.26,156.91,157.8,2025-09-30,IC2512,多头占优
100059,113372,13313,213431,6.24,156.71,157.71,2025-10-09,IC2512,多头占优
97381,108994,11613,206375,5.63,157.28,157.21,2025-10-10,IC2512,多头占优
99739,111350,11611,211089,5.5,156.72,156.81,2025-10-13,IC2512,多头占优
107106,117635,10529,224741,4.68,157.04,156.58,2025-10-14,IC2512,多头占优
97671,109548,11877,207219,5.73,155.77,156.02,2025-10-15,IC2512,多头占优
96354,107568,11214,203922,5.5,155.85,157.27,2025-10-16,IC2512,多头占优
98852,108737,9885,207589,4.76,155.63,156.59,2025-10-17,IC2512,多头占优
94769,105043,10274,199812,5.14,156.01,155.98,2025-10-20,IC2512,多头占优
97017,109515,12498,206532,6.05,156.88,157.0,2025-10-21,IC2512,多头占优
90595,102406,11811,193001,6.12,155.39,154.22,2025-10-22,IC2512,多头占优
97125,109842,12717,206967,6.14,156.9,156.16,2025-10-23,IC2512,多头占优
92573,105279,12706,197852,6.42,156.68,156.04,2025-10-24,IC2512,多头占优
96995,109954,12959,206949,6.26,156.92,157.08,2025-10-27,IC2512,多头占优
92433,104596,12163,197029,6.17,155.95,155.52,2025-10-28,IC2512,多头占优
96142,109423,13281,205565,6.46,156.39,156.13,2025-10-29,IC2512,多头占优
99172,109677,10505,208849,5.03,156.41,156.52,2025-10-30,IC2512,多头占优
96725,107229,10504,203954,5.15,156.73,156.48,2025-10-31,IC2512,多头占优
97274,105490,8216,202764,4.05,155.54,156.69,2025-11-03,IC2512,多头占优
95064,103678,8614,198742,4.33,155.46,156.78,2025-11-04,IC2512,多头占优
96465,104746,8281,201211,4.12,155.18,155.59,2025-11-05,IC2512,多头占优
93762,103823,10061,197585,5.09,154.36,156.92,2025-11-06,IC2512,多头占优
87650,98142,10492,185792,5.65,154.59,157.09,2025-11-07,IC2512,多头占优
92709,102176,9467,194885,4.86,155.59,156.43,2025-11-10,IC2512,多头占优
88345,97022,8677,185367,4.68,154.31,154.69,2025-11-11,IC2512,多头占优
98685,108946,10261,207631,4.94,156.95,157.58,2025-11-12,IC2512,多头占优
89676,100428,10752,190104,5.66,155.37,156.56,2025-11-13,IC2512,多头占优
90952,100641,9689,191593,5.06,155.83,156.7,2025-11-14,IC2512,多头占优
93773,102641,8868,196414,4.51,155.39,157.22,2025-11-17,IC2512,多头占优
98706,107333,8627,206039,4.19,155.34,156.74,2025-11-18,IC2512,多头占优
99902,110252,10350,210154,4.92,156.17,157.69,2025-11-19,IC2512,多头占优
109780,119909,10129,229689,4.41,155.79,157.27,2025-11-20,IC2512,多头占优
119831,129891,10060,249722,4.03,156.12,158.86,2025-11-21,IC2512,多头占优
108220,117706,9486,225926,4.2,154.74,158.18,2025-11-24,IC2512,多头占优
110299,119974,9675,230273,4.2,155.86,158.11,2025-11-25,IC2512,多头占优
103339,112546,9207,215885,4.26,154.67,157.72,2025-11-26,IC2512,多头占优
104865,113911,9046,218776,4.13,155.63,158.27,2025-11-27,IC2512,多头占优
100565,109944,9379,210509,4.46,155.73,158.74,2025-11-28,IC2512,多头占优
96978,106066,9088,203044,4.48,154.25,157.74,2025-12-01,IC2512,多头占优
92766,100583,7817,193349,4.04,154.1,157.34,2025-12-02,IC2512,多头占优
97064,104496,7432,201560,3.69,154.83,158.04,2025-12-03,IC2512,多头占优
89108,96641,7533,185749,4.06,153.12,155.24,2025-12-04,IC2512,多头占优
95936,103408,7472,199344,3.75,153.46,156.54,2025-12-05,IC2512,多头占优
83593,91972,8379,175565,4.77,151.95,154.54,2025-12-08,IC2512,多头占优
82886,90968,8082,173854,4.65,153.67,154.94,2025-12-09,IC2512,多头占优
79499,86758,7259,166257,4.37,153.58,154.17,2025-12-10,IC2512,多头占优
72709,78510,5801,151219,3.84,153.27,155.21,2025-12-11,IC2512,多头占优
72784,78982,6198,151766,4.08,153.79,155.87,2025-12-12,IC2512,多头占优
59072,63669,4597,122741,3.75,152.71,153.78,2025-12-15,IC2512,多头占优
57952,60128,2176,118080,1.84,156.11,156.6,2025-12-16,IC2512,多头占优
44132,47341,3209,91473,3.51,155.05,154.75,2025-12-17,IC2512,多头占优
91617,100854,9237,192471,4.8,156.59,150.72,2025-12-18,IC2603,多头占优
96971,108702,11731,205673,5.7,157.04,151.45,2025-12-19,IC2603,多头占优
96422,109514,13092,205936,6.36,157.95,151.16,2025-12-22,IC2603,多头占优
95211,107931,12720,203142,6.26,157.68,151.14,2025-12-23,IC2603,多头占优
102805,116754,13949,219559,6.35,158.46,152.41,2025-12-24,IC2603,多头占优
100558,114296,13738,214854,6.39,157.45,151.66,2025-12-25,IC2603,多头占优
110425,125601,15176,236026,6.43,158.26,155.63,2025-12-26,IC2603,多头占优
102495,116976,14481,219471,6.6,157.57,155.0,2025-12-29,IC2603,多头占优
107721,122516,14795,230237,6.43,157.51,154.31,2025-12-30,IC2603,多头占优
102101,114783,12682,216884,5.85,157.32,154.07,2025-12-31,IC2603,多头占优
113195,126905,13710,240100,5.71,157.35,155.32,2026-01-05,IC2603,多头占优
115095,130167,15072,245262,6.15,156.59,154.29,2026-01-06,IC2603,多头占优
116486,129954,13468,246440,5.47,156.57,153.93,2026-01-07,IC2603,多头占优
111706,124323,12617,236029,5.35,155.72,154.39,2026-01-08,IC2603,多头占优
123873,138614,14741,262487,5.62,156.61,154.83,2026-01-09,IC2603,多头占优
118148,133375,15227,251523,6.05,156.45,153.81,2026-01-12,IC2603,多头占优
122680,136836,14156,259516,5.45,156.52,154.91,2026-01-13,IC2603,多头占优
128423,142522,14099,270945,5.2,156.58,154.53,2026-01-14,IC2603,多头占优
123213,138229,15016,261442,5.74,156.77,154.02,2026-01-15,IC2603,多头占优
122913,138212,15299,261125,5.86,156.65,153.39,2026-01-16,IC2603,多头占优
124347,140454,16107,264801,6.08,156.69,153.68,2026-01-19,IC2603,多头占优
129212,143656,14444,272868,5.29,157.57,154.3,2026-01-20,IC2603,多头占优
121625,139104,17479,260729,6.7,155.83,151.97,2026-01-21,IC2603,多头占优
121280,139350,18070,260630,6.93,156.07,151.63,2026-01-22,IC2603,多头占优
124095,144358,20263,268453,7.55,155.72,150.24,2026-01-23,IC2603,多头占优
124042,141161,17119,265203,6.46,157.65,152.34,2026-01-26,IC2603,多头占优
123768,139185,15417,262953,5.86,156.71,151.77,2026-01-27,IC2603,多头占优
117059,135438,18379,252497,7.28,155.74,150.75,2026-01-28,IC2603,多头占优
120507,137938,17431,258445,6.74,156.31,151.77,2026-01-29,IC2603,多头占优
115676,131518,15842,247194,6.41,156.32,153.19,2026-01-30,IC2603,多头占优
110116,124865,14749,234981,6.28,156.67,154.83,2026-02-02,IC2603,多头占优
106073,124036,17963,230109,7.81,157.79,156.06,2026-02-03,IC2603,多头占优
102285,118269,15984,220554,7.25,156.93,153.59,2026-02-04,IC2603,多头占优
106603,122619,16016,229222,6.99,158.61,154.57,2026-02-05,IC2603,多头占优
102218,119158,16940,221376,7.65,157.42,153.56,2026-02-06,IC2603,多头占优
96300,113428,17128,209728,8.17,156.97,151.98,2026-02-09,IC2603,多头占优
93287,110465,17178,203752,8.43,157.28,152.41,2026-02-10,IC2603,多头占优
92893,111932,19039,204825,9.3,157.93,151.38,2026-02-11,IC2603,多头占优
98286,118536,20250,216822,9.34,157.91,150.63,2026-02-12,IC2603,多头占优
99737,116660,16923,216397,7.82,158.51,151.69,2026-02-13,IC2603,多头占优
97971,115214,17243,213185,8.09,157.39,150.99,2026-02-24,IC2603,多头占优
100109,118169,18060,218278,8.27,157.84,150.68,2026-02-25,IC2603,多头占优
95624,112050,16426,207674,7.91,157.75,150.51,2026-02-26,IC2603,多头占优
96746,113408,16662,210154,7.93,157.59,150.13,2026-02-27,IC2603,多头占优
101423,116373,14950,217796,6.86,158.7,151.02,2026-03-02,IC2603,多头占优
108963,120534,11571,229497,5.04,157.41,152.2,2026-03-03,IC2603,多头占优
95952,109095,13143,205047,6.41,155.78,150.93,2026-03-04,IC2603,多头占优
90612,100798,10186,191410,5.32,156.8,152.81,2026-03-05,IC2603,多头占优
82791,93692,10901,176483,6.18,154.79,151.76,2026-03-06,IC2603,多头占优
90485,99144,8659,189629,4.57,158.57,153.4,2026-03-09,IC2603,多头占优
77544,85802,8258,163346,5.06,157.18,152.44,2026-03-10,IC2603,多头占优
71366,78801,7435,150167,4.95,156.74,154.28,2026-03-11,IC2603,多头占优
71302,76307,5005,147609,3.39,155.86,155.24,2026-03-12,IC2603,多头占优
68097,72069,3972,140166,2.83,156.14,154.9,2026-03-13,IC2603,多头占优
65270,68467,3197,133737,2.39,156.85,156.02,2026-03-16,IC2603,多头占优
54041,56196,2155,110237,1.95,159.39,155.31,2026-03-17,IC2603,多头占优
45063,47241,2178,92304,2.36,161.71,157.27,2026-03-18,IC2603,多头占优
107417,121066,13649,228483,5.97,154.2,158.21,2026-03-19,IC2606,多头占优
110318,125763,15445,236081,6.54,153.79,156.76,2026-03-20,IC2606,多头占优
116358,132485,16127,248843,6.48,156.12,157.51,2026-03-23,IC2606,多头占优
112540,127892,15352,240432,6.39,154.67,155.95,2026-03-24,IC2606,多头占优
108772,124460,15688,233232,6.73,154.31,157.36,2026-03-25,IC2606,多头占优
104828,120149,15321,224977,6.81,154.38,155.82,2026-03-26,IC2606,多头占优
108087,124693,16606,232780,7.13,154.99,157.01,2026-03-27,IC2606,多头占优
105901,123189,17288,229090,7.55,154.47,156.59,2026-03-30,IC2606,多头占优
108940,125932,16992,234872,7.23,154.62,156.47,2026-03-31,IC2606,多头占优
105187,122785,17598,227972,7.72,154.06,155.55,2026-04-01,IC2606,多头占优
108377,123187,14810,231564,6.4,154.38,155.53,2026-04-02,IC2606,多头占优
101569,116347,14778,217916,6.78,153.55,156.01,2026-04-03,IC2606,多头占优
101944,117536,15592,219480,7.1,153.7,156.01,2026-04-07,IC2606,多头占优
111140,129961,18821,241101,7.81,154.18,156.31,2026-04-08,IC2606,多头占优
102436,120806,18370,223242,8.23,154.22,156.67,2026-04-09,IC2606,多头占优
107831,127115,19284,234946,8.21,154.44,156.6,2026-04-10,IC2606,多头占优
99745,119178,19433,218923,8.88,153.62,154.99,2026-04-13,IC2606,多头占优
106458,126973,20515,233431,8.79,154.56,156.14,2026-04-14,IC2606,多头占优
